start	end
500	700
700	715
715	730
730	744
744	758
758	772
772	786
786	800
800	814
814	828
828	842
842	856
856	870
870	884
884	898
898	912
912	926
926	940
940	954
954	968
968	982
982	996
996	1010
1010	1024
1024	1038
1038	1052
1052	1066
1066	1080
1080	1094
1094	1108
1108	1122
1122	1136
1136	1150
1150	1164
1164	1178
1178	1192
1192	1206
1206	1220
1220	1234
1234	1248
1248	1262
1262	1276
1276	1290
1290	1304
1304	1318
1318	1332
1332	1346
1346	1360
1360	1374
1374	1388
1388	1402
1402	1416
1416	1430
1430	1444
1444	1458
1458	1472
1472	1486
1486	1500
1500	1514
1514	1528
1528	1542