GlyTouCanAccession	GlycomeDBID
G00017MO	2033
G00025AJ	2021
G00031MO	475
G00033MO	802
G00034MO	3671
G00035MO	483
G00036MO	8234
G00037MO	3125
G00038MO	8235
G00039MO	484
G00040MO	6967
G00042MO	6042
G00044MO	8236
G00047MO	1862
G00048MO	315
G00049MO	126
G00050MO	545
G00052MO	314
G00053MO	130
G00054MO	129
G00055MO	228
G00056MO	307
G00057MO	8321
G00059MO	120
G00060BT	10134
G00061MO	588
G00063MO	4701
G00065MO	231
G00066MO	313
G00068MO	306
G00069MO	965
G00070MO	966
G00076PK	3004
G00089VH	7734
G00112IO	11415
G00176HZ	3768
G00212ZT	1973
G00221CZ	40593
G00272VU	8001
G00279YF	20511
G00287UD	2427
G00320ZP	7958
G00361YF	32306
G00362UY	1548
G00370EI	2047
G00395TQ	180
G00413UF	2383
G00428HK	1948
G00430ZK	20018
G00432WV	17662
G00469BS	24774
G00470UO	1503
G00482HJ	2425
G00492CQ	21137
G00503EE	19000
G00504PZ	1114
G00531ZU	39962
G00536FZ	13382
G00545NQ	40379
G00547ZN	8259
G00582VL	20193
G00606LX	22047
G00619DD	725
G00633GI	35879
G00646SN	9804
G00662IB	2911
G00675GF	36458
G00688TE	1563
G00691NS	40378
G00695JO	28874
G00705XW	3255
G00706AL	9824
G00706QN	28732
G00711QT	1558
G00743WU	14077
G00797ZX	9589
G00826SV	14462
G00830CM	16255
G00850LT	14099
G00851XQ	3788
G00876GU	13667
G00883DO	9098
G00883ZT	867
G00891GP	7865
G00901NZ	19166
G00909GK	13583
G00910WD	9800
G00966RI	39464
G00972DY	6212
G00978TF	1016
G00979XR	494
G00982QD	20693
G00986YT	13706
G00995HW	19829
G00998NI	17419
G01001RL	31364
G01028CW	35807
G01031EZ	35923
G01034MJ	32256
G01040ZV	3840
G01169EW	20361
G01187XC	17052
G01200BW	7770
G01223AA	29013
G01260RY	20040
G01296LJ	2228
G01299ER	21382
G01300OI	28885
G01310VF	21485
G01323LL	28845
G01329EH	6168
G01342FO	14302
G01347XI	2373
G01354KL	36713
G01361CV	17448
G01364ZC	1989
G01406RR	19764
G01414CL	20334
G01450RG	17687
G01464ES	32532
G01465MJ	35929
G01476WA	39644
G01489UZ	24690
G01521YU	31843
G01534TU	2473
G01542OM	28733
G01595SM	24846
G01608UX	16190
G01613KN	18952
G01614ZM	534
G01665LU	10406
G01669LU	13918
G01670UQ	17485
G01706RV	1403
G01713HS	17719
G01714NT	2078
G01727PW	14064
G01747FB	3176
G01748MD	4696
G01760ZU	1876
G01767JJ	607
G01784XC	1269
G01789AQ	9833
G01820ZB	2888
G01823EY	1220
G01856RL	7781
G01935FK	13938
G01999JH	10059
G02020YO	513
G02021XC	9025
G02025MF	14140
G02029PW	3361
G02086TB	2589
G02122FK	19602
G02126PG	3268
G02146NT	3363
G02152MS	19679
G02156UW	10852
G02174FQ	9774
G02182MJ	17912
G02193CV	28694
G02207TG	1619
G02226PP	10568
G02251YG	19840
G02278OY	1346
G02284UY	38338
G02297WO	10366
G02302MM	9862
G02310VX	8250
G02311IE	13861
G02322JK	39454
G02353KU	7824
G02379AH	4860
G02386TE	541
G02410EE	8789
G02441OB	2053
G02456AL	16721
G02470WS	24623
G02471GW	38377
G02473HY	8841
G02483WT	32352
G02562EQ	20416
G02582JY	13327
G02594WS	17969
G02600QJ	1961
G02625SJ	1564
G02646YL	3679
G02654EL	10853
G02657AK	145
G02657BS	4671
G02679YX	13909
G02718AK	9769
G02760XH	20744
G02763QD	13495
G02776UX	8189
G02786XX	32461
G02799CL	20596
G02837JA	19900
G02915XR	28784
G02934UB	14581
G02945KQ	39662
G03003KR	3752
G03004PD	19902
G03016BW	7825
G03021WA	1137
G03024EJ	10749
G03036FD	598
G03049NB	2429
G03067VG	617
G03071KV	1818
G03075ZE	5149
G03106MF	1545
G03137RO	10374
G03164NE	20256
G03165SD	1487
G03168RN	10832
G03177HU	24573
G03195HW	28977
G03207XQ	19756
G03216SJ	13902
G03230AX	9878
G03246MZ	2200
G03247RO	22582
G03250GT	19185
G03250UN	9773
G03260OU	3168
G03266UM	4703
G03272YQ	13757
G03277UZ	17949
G03277YI	622
G03309JT	1400
G03321AC	13499
G03345AP	9838
G03361KC	2128
G03368AU	3356
G03385XG	13914
G03414KZ	18396
G03431NA	13696
G03433NI	7550
G03445UI	13390
G03479ZN	16865
G03499BP	2166
G03506YN	6947
G03509EL	3124
G03520RT	12018
G03529DJ	9812
G03530HJ	2121
G03536SO	16353
G03542LT	32341
G03542MQ	2585
G03546AH	40562
G03564IA	2821
G03591CN	6293
G03595ET	13682
G03600YM	15067
G03603IS	21085
G03605AV	19978
G03605BS	8921
G03652TR	5748
G03681UF	19880
G03727RK	11884
G03740OH	20111
G03749EO	39505
G03750RD	24416
G03756VW	11529
G03764XL	19953
G03796EF	4710
G03818JD	1099
G03820FM	24128
G03834RX	20313
G03855TY	10181
G03921DY	1485
G03921YK	5680
G03951JJ	13707
G03951MJ	21798
G03965VN	16705
G03987JH	35904
G04014FP	8243
G04018GO	1240
G04041QU	40554
G04048YA	21018
G04099VY	4525
G04130SK	9579
G04139QL	40388
G04146DI	40639
G04163JP	2357
G04216GB	1244
G04220HB	17589
G04267XF	3637
G04273XP	14592
G04286YE	7504
G04337AE	17221
G04368OY	3600
G04414GO	13504
G04423CA	20148
G04445KN	18068
G04448SF	5414
G04450CG	2659
G04462ZS	3362
G04472SL	970
G04483SK	13988
G04535LS	28828
G04552VX	10478
G04561MG	7507
G04576KS	8539
G04610NG	15756
G04616ST	11384
G04622LK	20090
G04624DG	9356
G04649ES	34372
G04662JQ	20554
G04676YO	4537
G04678VQ	40541
G04681PT	1056
G04690JX	2015
G04700EY	9083
G04744XB	13986
G04751OE	20124
G04775TV	1460
G04783EJ	14608
G04791QM	13312
G04817LD	19034
G04820ZT	18626
G04855ZO	572
G04903PZ	9850
G04930QT	40638
G04964UA	32401
G04989WY	13809
G05096LE	9789
G05098FE	35911
G05102JZ	20876
G05108UT	5611
G05128BK	8104
G05180BW	10484
G05184IQ	3175
G05187DJ	69
G05187WH	17050
G05188BU	19878
G05206VR	35887
G05212BT	2129
G05233KP	35933
G05235KE	1508
G05260RH	13418
G05297EK	12624
G05319BS	20006
G05330ZQ	35893
G05344FK	35778
G05360PA	8112
G05378UG	6310
G05382JE	577
G05384WR	24277
G05402FG	18454
G05421KO	28793
G05441GN	9870
G05478GN	20083
G05552HC	9037
G05561CF	2158
G05561HT	9858
G05596LB	1954
G05600OX	14584
G05611SB	28788
G05724WC	21459
G05768VS	10290
G05784QE	4996
G05794RZ	13452
G05797TN	40454
G05811XG	229
G05840XL	1105
G05848DX	14213
G05890XZ	19212
G05892GB	13351
G05948HK	19049
G05953WP	36098
G05979QC	18974
G05979RR	18980
G06017WG	32337
G06022SA	9808
G06036CF	10388
G06059DJ	8581
G06067KZ	19067
G06070KG	1466
G06097MI	2269
G06131VP	13906
G06163IO	2889
G06171TU	3253
G06191GU	38208
G06209KS	2113
G06210XB	3962
G06215DG	20045
G06216JP	28963
G06239NA	599
G06250ZP	28869
G06290ZS	10082
G06301TU	1118
G06328AN	40494
G06341YK	1271
G06367TC	16938
G06371NP	21146
G06400QJ	8064
G06404ZJ	32505
G06437BU	39686
G06460LD	491
G06523WI	20390
G06534UH	28786
G06550JR	1109
G06578MY	1486
G06580KR	1976
G06595MR	17867
G06624ZC	6133
G06635WE	14081
G06637ET	10477
G06642AP	40560
G06658RN	1289
G06673TD	18622
G06707ZH	28933
G06710OE	6306
G06721LM	13582
G06730AH	8484
G06731AE	39961
G06756XE	40500
G06804FL	9852
G06820QR	38162
G06830II	2256
G06862BZ	10314
G06910HM	2792
G06920GM	17712
G06969ZX	13753
G07014AW	1059
G07061BV	19074
G07061YF	12051
G07075ZE	2131
G07105MP	1083
G07136WT	11662
G07141SK	7502
G07147BT	16544
G07147QM	10202
G07164WO	3696
G07169PS	18276
G07174PY	4697
G07209HW	21118
G07228BR	14054
G07262RR	14237
G07265CE	2126
G07292LK	18961
G07293JT	17884
G07301IS	8000
G07328EF	17462
G07352BK	1154
G07360NF	1765
G07368IA	19932
G07372WA	3756
G07376BS	9993
G07380TS	20345
G07392QY	7613
G07410AW	13436
G07483YN	2619
G07490EK	16603
G07528DS	5410
G07532ZA	14529
G07568IR	13989
G07617FP	1720
G07641UW	926
G07674LF	13817
G07681KR	35813
G07699XI	1337
G07703ST	24602
G07783DH	40477
G07815PK	30656
G07817HH	5422
G07819QF	4689
G07835SR	459
G07842DQ	19641
G07865ET	31414
G07978HT	2789
G07982BU	1483
G07982RO	16487
G07990UY	1566
G07995VK	9157
G08005PG	8071
G08043ID	28729
G08046LM	7785
G08055MG	1383
G08060JF	20388
G08066KX	1655
G08096ND	2493
G08111FJ	19778
G08113XU	39646
G08140FC	3189
G08161JQ	20360
G08185DV	16129
G08191RW	19675
G08242BT	14487
G08244KE	7888
G08244YE	7899
G08304AG	18069
G08340FW	13395
G08348BC	21178
G08358DN	19181
G08364MT	2569
G08371CD	4446
G08373SM	17873
G08378WD	29014
G08418PB	30020
G08429SS	13564
G08450OR	19803
G08456TO	14482
G08463CD	8003
G08465VN	9187
G08474XG	8221
G08492JZ	1499
G08493GY	13932
G08520NM	1867
G08561XZ	9832
G08569VN	32647
G08570LJ	39620
G08577PR	29008
G08577ZR	13904
G08629YK	40443
G08646IB	39692
G08646YJ	854
G08675PK	24627
G08679LR	8989
G08731KN	17668
G08736CB	16386
G08776GA	1922
G08820NR	1488
G08835TC	1345
G08866CW	32463
G08896RO	13958
G08932YS	16215
G08961VV	1882
G09020HN	19640
G09115OQ	19635
G09125WG	20028
G09126MW	940
G09130LO	20431
G09150LP	13553
G09173AD	40440
G09222UH	8633
G09255AF	29532
G09260EL	8853
G09276TA	10333
G09319JK	17596
G09322OS	18055
G09349XQ	19661
G09362PR	1095
G09362VG	8107
G09376MR	915
G09393NL	18960
G09397UV	35884
G09416DG	10121
G09420NN	19037
G09425PN	35898
G09430FY	16712
G09441IP	1511
G09446VC	13928
G09452ED	9927
G09482NW	2861
G09513RD	1493
G09533NV	10924
G09546QO	3601
G09552LA	547
G09568JT	11813
G09576QH	13464
G09578TK	18609
G09605DV	29474
G09639SZ	40432
G09650BK	32331
G09666WO	20446
G09670SR	13541
G09675DY	1567
G09676KV	16121
G09682KX	10405
G09687RJ	2754
G09724ZC	2379
G09727XA	39643
G09730EH	32446
G09826WW	13653
G09839ES	35941
G09857WN	39183
G09859LE	9188
G09902CG	4699
G09909FT	9790
G09921WG	13970
G09947VE	7501
G10080RX	35812
G10106TL	17685
G10108GZ	21487
G10110YZ	505
G10112QT	10639
G10122RQ	40565
G10137XF	36015
G10169QE	209
G10179FS	1111
G10182XZ	13973
G10189EJ	21501
G10203DW	1768
G10209QU	13971
G10212DI	446
G10219AA	1866
G10225UW	32590
G10228AY	32474
G10228OD	8149
G10236SD	1618
G10255XW	1634
G10258MC	14445
G10270EI	9180
G10292TC	7805
G10295MW	13960
G10333YJ	16475
G10377CG	3089
G10417XF	20258
G10425SO	8008
G10448ZR	10603
G10461TS	9594
G10470SE	18349
G10483PN	8053
G10487BH	10971
G10503MP	3803
G10529ZR	20164
G10540LB	13935
G10573FI	2616
G10581YA	22032
G10602EW	10850
G10604KJ	22152
G10608NX	10753
G10614XK	9825
G10627KR	24685
G10664FL	14500
G10666VQ	20038
G10689ZT	11758
G10691MJ	13392
G10694XU	1872
G10706KM	1395
G10712FZ	52
G10713RP	4584
G10725II	19773
G10733HY	13840
G10741VJ	28697
G10756ZZ	1242
G10770RR	14611
G10805TH	1106
G10816YX	19285
G10818SM	11430
G10831FE	10978
G10835DD	8850
G10844WB	3936
G10845BX	19637
G10859BP	35936
G10881VB	28887
G10925II	20069
G10964LR	192
G10973QG	32465
G10993EM	3180
G11010AN	13910
G11024UW	35930
G11034PZ	13950
G11041DA	215
G11052OE	14748
G11176QN	40077
G11189WY	13342
G11213NA	20206
G11256DQ	10814
G11260XI	10328
G11263YZ	1703
G11276SJ	10387
G11278YL	38376
G11326RB	7560
G11346ER	7874
G11350UX	19632
G11356UZ	11755
G11386DK	10003
G11450BY	1117
G11450PA	36097
G11457RF	6417
G11460AB	7995
G11479AN	20998
G11482NO	18420
G11509RN	2067
G11535IB	8759
G11571JL	36044
G11635LG	5394
G11637WL	1247
G11655BA	32597
G11658OG	17748
G11679NT	37513
G11696PX	19589
G11700UP	17611
G11721NX	9854
G11745XZ	37635
G11756ZM	7759
G11800WA	39261
G11819NV	10561
G11829TU	188
G11837XH	17455
G11865ZE	35841
G11876US	22672
G11885NX	13521
G11929SN	13815
G11948QD	28964
G11960UF	17669
G11970DE	40747
G11994QC	13818
G12020PN	3182
G12033AP	24814
G12061IK	14090
G12067FX	2290
G12086GM	20890
G12111NA	7896
G12185WN	3759
G12230UX	1946
G12252PH	40399
G12259JN	40448
G12266SO	29476
G12279LC	15845
G12323AY	16292
G12340JM	10486
G12352RJ	20254
G12360RT	40739
G12378KS	20837
G12396GB	13480
G12398HZ	2621
G12400OQ	2602
G12438DW	32383
G12438YM	20755
G12460DL	1837
G12524BD	8605
G12526AB	28691
G12593TX	1228
G12631FF	9866
G12643ES	40496
G12655NI	36092
G12679LF	19856
G12699VT	14676
G12704ID	32271
G12715AH	20400
G12715RL	1152
G12746TT	40372
G12757LB	32270
G12761QA	18132
G12802HY	13802
G12848QL	10394
G12861CT	866
G12878NK	1474
G12899EM	11756
G12932IO	35829
G12977AR	40475
G12980HQ	4529
G13003UU	2226
G13049QY	20817
G13068CJ	40899
G13074BX	10849
G13089IH	17277
G13112FS	11038
G13131FE	16584
G13151XE	13654
G13168IS	10220
G13168NE	32300
G13177TU	3377
G13181ZZ	5793
G13210XL	14563
G13257IK	16720
G13258AZ	7829
G13267ZY	38340
G13269QI	2410
G13270NH	7657
G13282WA	13864
G13291XJ	21005
G13294EW	10377
G13332FM	16898
G13335AQ	13587
G13374TU	16709
G13441KG	39955
G13495RN	20153
G13515ZY	20002
G13537KO	32455
G13583BZ	24674
G13585JF	14604
G13585VS	3091
G13592VY	38346
G13602QE	7499
G13610SN	10742
G13614FV	18267
G13636IT	546
G13646GG	30370
G13657KC	24626
G13659RH	14506
G13672YG	24669
G13688QP	5420
G13698FQ	8923
G13720TX	24947
G13757MF	35925
G13773HT	18666
G13836YR	20112
G13849JB	28949
G13849YJ	28738
G13869TL	1054
G13894RO	7978
G13902SG	28521
G13902SG	33798
G13902SG	33942
G13909GK	3320
G13947MP	1189
G13974DV	1051
G13976WV	1159
G13991MC	36104
G14015IL	19613
G14020CV	12081
G14023WK	2612
G14027YB	17316
G14037WI	40481
G14043TF	10323
G14047PA	9474
G14077SN	30492
G14114NU	10480
G14127XU	2623
G14138XB	6146
G14190WK	1036
G14191ZT	2778
G14201CU	18246
G14244NF	36106
G14252XR	2787
G14307KB	17671
G14311HQ	13987
G14326YE	2031
G14346JI	24656
G14354BD	2663
G14356TR	1628
G14358WN	16068
G14371GV	6420
G14373ZY	5418
G14374XC	32292
G14393TF	13601
G14428PM	14589
G14431ZQ	39239
G14438ZT	18262
G14469GR	1188
G14510SZ	29473
G14520ZO	7881
G14543IY	11990
G14567YG	10979
G14576KZ	17591
G14629VW	9262
G14634AH	10185
G14645TH	3172
G14675SI	10160
G14676JD	17233
G14727CI	39567
G14757SY	197
G14781HP	6290
G14782PJ	10464
G14809NR	20910
G14815WH	3188
G14840SZ	29357
G14843XQ	40493
G14854WL	17637
G14876IZ	555
G14885WQ	2795
G14899VS	19720
G14942ZU	28771
G14969WO	2123
G14974EY	1851
G14978ZY	6307
G14996IQ	8773
G14998UC	13321
G15001YX	29019
G15006PM	9776
G15023FV	10746
G15059WI	1853
G15112UU	20145
G15117SB	17216
G15144TI	506
G15149UW	13198
G15216UP	21952
G15249CA	20944
G15280CB	8537
G15301IS	28670
G15317IZ	1055
G15323YQ	40729
G15349PM	36047
G15351FP	4527
G15355KC	20260
G15355XO	20344
G15365AE	36099
G15365ZM	5681
G15402YD	17153
G15407YE	470
G15409BP	7835
G15410OI	40753
G15448UB	18395
G15518HO	5745
G15522RV	31413
G15527QL	24597
G15541SE	170
G15571KX	32464
G15577KP	10380
G15619OA	3909
G15631YF	1578
G15638PX	20818
G15648GT	10833
G15667CY	8999
G15696PP	3681
G15730FJ	32318
G15751RX	10783
G15777ZX	3844
G15807NZ	2477
G15826FL	35955
G15828WB	13526
G15859AU	14504
G15893YJ	40540
G15948XY	897
G15972DM	24630
G15987FM	32282
G15998WM	3858
G16026TZ	201
G16063EF	2229
G16119YF	1020
G16144PA	10983
G16155TD	14441
G16175MV	35839
G16258KS	1804
G16269RR	927
G16274HY	9398
G16276IK	1102
G16290UY	32340
G16293AI	3041
G16325IK	19868
G16344ZG	18964
G16348RE	3252
G16370GQ	500
G16397GM	19674
G16403CC	24275
G16403CM	16718
G16404NW	331
G16404YH	1721
G16437LH	13322
G16441MS	28901
G16456ZV	20125
G16464LC	24448
G16481GK	3052
G16503YF	18135
G16520OZ	1107
G16523AO	13535
G16529MG	8150
G16534FS	7838
G16546ZZ	14240
G16590BZ	8002
G16600BL	14310
G16612QG	8238
G16614GV	29138
G16633VX	20265
G16717IV	1132
G16733YD	1479
G16743OM	32504
G16759KR	33021
G16768LX	1125
G16774YZ	13856
G16778ZK	24606
G16782SL	9872
G16808DC	28945
G16809IL	20565
G16828VN	1710
G16869MJ	10229
G16873YG	8152
G16879YK	32387
G16961BB	3003
G16967GJ	30330
G16970LX	15728
G16984QJ	7796
G16986CA	9818
G17029BL	9778
G17029IU	20514
G17034UD	7885
G17039ZC	6285
G17041CW	452
G17075EV	1279
G17077YF	19114
G17100OM	15602
G17105UZ	24274
G17108EX	128
G17120XF	4062
G17153CQ	38266
G17155VX	13860
G17157SF	20185
G17164DX	32427
G17168RO	5596
G17172ZR	39222
G17207FU	19689
G17207YJ	39394
G17228YV	9844
G17251XF	3886
G17264LS	1861
G17297XR	5416
G17300DB	21560
G17317UL	40502
G17326TY	8793
G17331IX	8893
G17336FF	32379
G17344FG	7943
G17348SA	20149
G17389EH	20393
G17441MI	17779
G17443MW	1556
G17458AD	40740
G17460MY	18306
G17465GV	35970
G17473NR	1795
G17540HT	13850
G17540MV	3318
G17547KJ	40433
G17557TG	3366
G17595XL	20044
G17597KD	9994
G17601US	15289
G17639DA	40169
G17644VM	3734
G17652NI	5409
G17689DH	2080
G17689EW	13089
G17698NO	21050
G17758YV	9580
G17792PO	17767
G17800QD	1097
G17807LO	20047
G17820VB	8979
G17849ZC	11385
G17857ZF	13615
G17875TE	8188
G17964DY	14083
G17964XN	8844
G17968CJ	18962
G17977UE	20620
G17988XO	39263
G17996ZO	8840
G18011IN	19981
G18026EK	14265
G18074MS	39482
G18082CO	1144
G18132YR	521
G18160VJ	24570
G18165XJ	10454
G18197AJ	40655
G18201QM	8887
G18211PK	28948
G18219CJ	14484
G18223CA	1574
G18252JT	923
G18286BM	9768
G18331QM	5146
G18340ZI	31805
G18410AS	20884
G18463FK	493
G18464VS	16948
G18506AD	2137
G18510JA	2019
G18510WC	7506
G18546YL	239
G18548RP	40770
G18559VR	7902
G18564GN	10129
G18584GW	20253
G18612LP	1963
G18625KA	141
G18638YB	13090
G18643KO	1301
G18653BM	7870
G18687CN	13445
G18707MU	7833
G18724OW	32319
G18731YM	11363
G18740DM	9355
G18768EK	13956
G18814OJ	7972
G18814PP	30707
G18833GC	504
G18859UG	13353
G18869TR	38362
G18877VR	20189
G18878GS	7791
G18878GY	2614
G18892PE	17632
G18901ZN	3831
G18905AN	32475
G18913QB	19634
G18923CQ	33765
G18923CQ	33774
G18924BG	16192
G18938DW	187
G18950NM	1388
G18960KY	28918
G18980FQ	17626
G18993ZZ	5853
G19017MP	17484
G19019TY	10965
G19022QG	15487
G19053XS	19696
G19059PI	15635
G19075LN	10392
G19083SI	1094
G19104OH	14586
G19106CR	20537
G19127AY	5684
G19152KQ	2120
G19158MO	13179
G19179MO	38798
G19212IL	10835
G19238ZQ	20766
G19242QH	14937
G19281RB	30494
G19287UY	18996
G19294RF	9780
G19310VN	8977
G19336PT	2109
G19339UM	17692
G19364DF	17013
G19370RO	40510
G19429IT	19678
G19430NR	39411
G19432GA	2519
G19444JC	5387
G19447ZX	32342
G19483RZ	29507
G19490AF	968
G19520XO	24628
G19532EC	29189
G19537TS	20742
G19541IU	18105
G19555CW	7894
G19572NG	40583
G19577LJ	4285
G19594VJ	3843
G19607EP	8125
G19615BB	9590
G19619KS	2810
G19626TP	40828
G19636RY	32382
G19675BE	2978
G19677EK	8039
G19687OL	13636
G19710JA	35811
G19726AG	13980
G19747OA	17412
G19763QB	1190
G19790PJ	13411
G19822MG	32598
G19826RH	40365
G19829VK	1292
G19863KG	35865
G19886LH	37154
G19889ZI	1964
G19894RH	1070
G19906BM	2967
G19934BY	35928
G19943KG	3108
G19949UL	1053
G19958IL	8553
G19977LA	7513
G20009FG	3364
G20030CU	1648
G20034RK	24071
G20044TD	621
G20064NM	24432
G20079RG	17651
G20096RP	5388
G20140JS	1620
G20170YB	13548
G20172ET	9821
G20173ZW	20509
G20174ZL	17615
G20176SH	925
G20180GO	2156
G20210OT	10968
G20212GT	37152
G20265RJ	7769
G20284VH	39964
G20352YV	16256
G20358OC	40411
G20366LO	203
G20372QO	32623
G20453WS	7827
G20544CY	9988
G20578GS	3008
G20624LQ	3018
G20636FS	19658
G20662UG	19649
G20692QU	8990
G20758LC	18602
G20815TK	1298
G20877ZV	21499
G20894MY	8976
G20926BB	13709
G20953SW	1617
G20956ZK	13530
G20965WY	10566
G20983SP	11216
G20993TP	17841
G20996LA	992
G21005TQ	18253
G21010YO	40383
G21050RT	9588
G21067JW	967
G21109OS	28816
G21218WO	28914
G21219OJ	20155
G21246OH	13383
G21251LN	1112
G21290RB	469
G21293AK	4704
G21311PN	20727
G21311YA	38183
G21312EA	2441
G21319HP	10463
G21326MT	13609
G21342EB	32361
G21359NQ	38332
G21380FF	19017
G21412CQ	487
G21420QH	40386
G21421NG	2007
G21438WG	24036
G21454AE	18681
G21459ST	1712
G21470TX	9839
G21498SM	30749
G21507RO	1904
G21513QX	13835
G21518JT	1317
G21521KS	32260
G21541CK	2437
G21541CK	9476
G21573GX	9559
G21592GP	6385
G21627CA	19769
G21647CX	1205
G21667GZ	35927
G21672MV	8012
G21729HC	20042
G21756MV	14609
G21767ND	19765
G21856LC	64
G21905ZO	18428
G21916IS	14305
G21927IY	28783
G21939WK	10980
G21969UD	24642
G21986MJ	28932
G21998NE	6101
G22012EW	22589
G22019SD	1429
G22031JX	2599
G22043HZ	30328
G22048BB	35849
G22067PR	10244
G22079SE	38253
G22083UZ	40376
G22098NU	5780
G22117HL	28867
G22117NA	18637
G22122FL	20123
G22137KZ	9785
G22176ZE	7666
G22188XM	9792
G22214RN	10378
G22233KL	6132
G22237ZE	19654
G22246QW	19887
G22251DB	3001
G22311MI	23980
G22327VZ	21530
G22385OT	7831
G22387ST	3007
G22418PV	2809
G22427ZK	40436
G22437MC	40290
G22478ZB	9097
G22498IQ	7900
G22511QL	40506
G22546XD	8016
G22550VJ	38187
G22558JP	14045
G22573IV	2976
G22573RC	179
G22587DK	20589
G22629JM	10384
G22665UT	3875
G22686TA	9802
G22687CS	9363
G22689CV	2043
G22728HO	14473
G22732RT	9997
G22732WO	32235
G22754FQ	1614
G22768VO	773
G22782LH	10767
G22784CD	3090
G22787WJ	22048
G22793TW	15773
G22836DF	16307
G22856AB	2520
G22859OA	28992
G22865RK	10278
G22880KN	6169
G22898AD	16710
G22898PA	8014
G22927MQ	8847
G22946YB	24968
G22949KX	19642
G22976NF	6140
G22979QH	3051
G23000DQ	4692
G23024PQ	32508
G23041XK	17567
G23043XI	1561
G23083MS	10479
G23094JF	3870
G23126IF	3262
G23166NU	13695
G23211TW	33765
G23211TW	33774
G23211XT	18450
G23212AS	7519
G23214KL	983
G23232XI	1990
G23295TF	7614
G23296IL	21004
G23342BO	19006
G23347CS	591
G23365SP	5689
G23416CI	28780
G23416VJ	19857
G23425OX	6138
G23437PF	28988
G23463KX	19823
G23484GM	13990
G23511JD	32501
G23546LY	13650
G23577TY	34280
G23593WY	40517
G23598DU	18600
G23616ZX	3167
G23626NI	13890
G23647WB	8807
G23651JJ	461
G23654OQ	21033
G23667EF	40410
G23667XV	3678
G23681NU	28826
G23681XP	918
G23695JT	1971
G23707SD	989
G23718VU	28769
G23722TU	20147
G23726CO	32257
G23770JR	13202
G23778GQ	2595
G23782KP	14590
G23795SX	39150
G23799GS	1722
G23805AC	20515
G23817OE	19071
G23824XF	19156
G23893ZL	12054
G23897ET	24712
G23934WD	2003
G23935WM	4668
G23938MO	39889
G23980PE	1034
G24030QV	6142
G24034CH	2710
G24065XI	20020
G24095BS	35189
G24111IY	32524
G24125FE	39976
G24151NT	7786
G24155DW	13785
G24203XI	40712
G24229GD	39679
G24267OV	969
G24274LP	9905
G24283IO	10834
G24284HU	28844
G24327OK	3006
G24329OK	5883
G24336IA	19193
G24346JZ	19995
G24352FX	922
G24355OK	9940
G24364HL	32280
G24366XJ	1492
G24393WU	1280
G24413UY	13852
G24420RT	38360
G24432YB	308
G24436CD	8409
G24465EF	41032
G24499XE	8940
G24529NQ	18492
G24539CG	16225
G24552KE	19698
G24563OC	16708
G24585JV	20134
G24599MW	5736
G24604HV	11811
G24620AI	10061
G24654CT	7522
G24668UI	18257
G24693UW	24907
G24705DL	28806
G24721WU	2035
G24748QU	13691
G24766QM	19881
G24769QK	2808
G24791UN	13507
G24797UH	18659
G24798BT	6291
G24811FP	9281
G24812WY	28711
G24833OQ	32460
G24841EW	16161
G24870CO	1504
G24875YE	14084
G24949QT	5151
G24960JP	9361
G24987DS	4137
G24994OK	37536
G24995OS	10179
G25097RR	14021
G25127VR	12959
G25132GJ	1135
G25140TA	10079
G25142VB	2624
G25146DY	19940
G25155KV	32339
G25162JS	1103
G25178FO	9132
G25224QY	9837
G25268QT	28
G25302QS	9996
G25326BM	13822
G25328BM	2901
G25350TT	13552
G25361DH	1600
G25392ZR	8158
G25407RZ	14680
G25421NH	18084
G25423CA	8116
G25429RR	10058
G25432QA	35883
G25457IZ	11360
G25460BQ	39219
G25471TG	14639
G25492QI	2887
G25505UF	13743
G25520XG	2622
G25534RX	35885
G25554YF	2786
G25576NO	1959
G25577BM	10916
G25632TA	39584
G25640AW	20024
G25710JB	40816
G25731WL	14628
G25733QB	12757
G25757VW	9033
G25799AL	21421
G25835MT	14351
G25835YC	20575
G25869EQ	10130
G25886YT	32431
G25890BU	21144
G25891YZ	11041
G25894QG	17813
G25902AL	17504
G25937FN	21997
G25939RB	40439
G25953KD	10389
G26018HD	13386
G26030JN	40495
G26036PN	620
G26039ES	981
G26099QK	1987
G26099QT	18136
G26121MN	7794
G26123AX	165
G26144DH	36082
G26148PQ	2372
G26150FI	31804
G26164VG	28940
G26179TW	24677
G26182BM	4550
G26203DP	606
G26206DX	28837
G26215AL	20239
G26216ZN	1089
G26237YH	1952
G26242QL	5917
G26264SQ	14502
G26295XE	830
G26326KX	32261
G26394UA	24665
G26450SH	6103
G26473LY	1333
G26495GJ	40466
G26527XD	33947
G26537DD	9811
G26551VB	38781
G26570RB	3259
G26600MH	39429
G26653MA	20799
G26664GH	14061
G26693IX	35797
G26703BH	30534
G26709HU	29356
G26713RV	5421
G26730QM	19691
G26827ST	10765
G26877ST	32398
G26881SV	13557
G26897XI	13240
G26915TH	8040
G26918JY	40408
G26939ZY	10132
G26949IX	13422
G26985TZ	13720
G27025MB	4715
G27040MJ	18987
G27048LG	20329
G27063GJ	1585
G27071PO	8889
G27106AM	237
G27119UQ	23896
G27139SJ	18083
G27148YF	7498
G27149SR	9829
G27170NH	1607
G27179AJ	8043
G27188NC	8007
G27243GN	2096
G27243WR	5612
G27273FD	14641
G27314YB	1101
G27316ME	31823
G27338ID	3597
G27384IP	3260
G27385LP	9766
G27389SR	13826
G27431EQ	7797
G27478HS	17778
G27488AQ	40771
G27516AE	19757
G27571QK	32358
G27587OB	24618
G27603XJ	32635
G27609YZ	10312
G27626TX	6150
G27669RW	1489
G27692UI	20909
G27720WY	18131
G27744SG	15883
G27763WY	16892
G27775IZ	15994
G27809HS	32525
G27839GC	304
G27844UM	10775
G27874QL	19078
G27888XB	7823
G27889FI	7830
G27919IH	2940
G27929ZE	6936
G27933RJ	40566
G27946NT	38354
G27983PC	16586
G27995KI	9179
G28023AU	4858
G28086YG	39936
G28128KH	3674
G28146GV	4695
G28218GE	14116
G28274SP	10607
G28298VW	13556
G28326EU	3749
G28327SH	9952
G28330DZ	17538
G28378XH	10300
G28387ZC	28924
G28436VD	28857
G28449NP	30270
G28459KM	19128
G28477UY	10177
G28550OD	8006
G28562FF	9791
G28566CQ	1855
G28654UV	20879
G28659UB	18109
G28663KH	13346
G28665FP	10763
G28678TH	32320
G28685AE	40457
G28707FT	4688
G28720MP	32418
G28868PL	1650
G28882QV	39177
G28896CL	24668
G28948UC	13425
G28960YA	18525
G28962GO	18598
G28987BJ	29026
G29011JC	1646
G29014XV	18661
G29024OJ	17491
G29042WW	1992
G29056SI	2478
G29078QN	13959
G29081NM	10564
G29086KO	6426
G29109PM	8983
G29130SY	2524
G29138OW	17528
G29147GG	33269
G29159YJ	597
G29248WR	19786
G29271US	35892
G29326OK	503
G29339IQ	10678
G29348FH	6299
G29377XJ	13549
G29386CS	6281
G29434RB	13540
G29445ZK	13692
G29449JO	13816
G29461HI	18975
G29489PN	21580
G29519AS	3680
G29535RH	39259
G29539MT	10372
G29574TI	1495
G29616NS	37144
G29617QF	20753
G29622NE	7895
G29633ZY	39412
G29675VZ	506
G29676WX	1570
G29681BP	2514
G29695SR	19852
G29725MK	11424
G29729DB	7935
G29764SO	20996
G29783JJ	28985
G29797YX	13520
G29799SM	21150
G29803MG	10288
G29832VY	8817
G29849JL	19160
G29849KU	9814
G29850BY	24605
G29857PJ	14606
G29857RC	183
G29870RM	6314
G29884LW	19820
G29905OR	2912
G29965VW	19133
G29991XU	3905
G29997FV	4959
G30031SW	40511
G30035MO	2388
G30056KC	2159
G30060ZO	31363
G30062BR	21480
G30070XN	10373
G30109UP	2116
G30110UW	1704
G30115SP	18617
G30131YB	13563
G30159WR	2972
G30207PZ	375
G30241UB	6305
G30255XL	21676
G30284BK	20129
G30291YK	7731
G30295SC	17543
G30302VM	13922
G30304DE	10769
G30309QX	1042
G30314VR	32265
G30335ZU	10375
G30347FC	9031
G30372WK	30017
G30391YC	36026
G30395OK	3106
G30416OM	20871
G30447NS	19912
G30460NZ	7615
G30463NC	856
G30483FB	13911
G30519DD	3267
G30524AR	6148
G30529FG	18362
G30542PN	19777
G30562SO	7695
G30580XW	10779
G30590EC	10830
G30614QN	9120
G30617IL	36066
G30618VC	19739
G30648VY	2112
G30651IU	14246
G30663CZ	194
G30673AC	32385
G30739AG	6144
G30743FK	10617
G30770II	28521
G30770II	33798
G30770II	33942
G30797DS	19964
G30838QM	36105
G30853JB	35945
G30857WQ	18990
G30871VQ	14222
G30901GC	9052
G30915AU	18269
G30917DM	1116
G30966TU	2871
G30966TU	2890
G30996QM	4032
G30998FW	2017
G31019WF	38349
G31021LA	35912
G31032XG	23696
G31037WG	14087
G31040SL	30681
G31119YY	232
G31135WM	605
G31156QG	9879
G31175IC	13135
G31186LT	19872
G31196DF	10203
G31219GT	40441
G31249PS	4673
G31254TP	16248
G31265VL	17599
G31326QB	6041
G31341PC	8111
G31385PY	1406
G31411GR	13738
G31416KB	20847
G31421EZ	1141
G31423NL	11665
G31429YW	1285
G31438WA	16226
G31515BE	1476
G31516NT	19943
G31531YC	5413
G31540AF	19728
G31540HC	19904
G31559RO	19744
G31587OK	39953
G31598CF	202
G31601FB	508
G31604HF	14481
G31606TH	21496
G31616YD	13149
G31627MW	24615
G31662BR	36712
G31668AP	5597
G31679YU	11362
G31692TJ	10604
G31713XX	9961
G31716EV	8995
G31720WP	32407
G31726HT	11660
G31729QS	35943
G31734OS	4585
G31760OO	2111
G31822CM	19705
G31865AG	20231
G31943KG	1139
G31991IV	13439
G31993QW	18627
G32065BG	14063
G32079YD	9813
G32081WS	2467
G32082KI	32466
G32094CS	19899
G32112SX	1945
G32149KV	13506
G32152BH	5211
G32156ZV	4557
G32179HL	40733
G32201IL	13903
G32211XJ	40452
G32216IU	7889
G32227EH	4672
G32237WQ	19971
G32241HI	8187
G32252UW	2079
G32254QI	2090
G32263XB	1349
G32283ZK	38375
G32305RZ	13391
G32327EF	39129
G32358YV	5415
G32364DF	19103
G32371XG	14033
G32377GZ	9884
G32386AG	2052
G32430MQ	6368
G32437SG	2270
G32447FC	40366
G32460TA	10756
G32483HZ	32408
G32484KU	14749
G32510IZ	18281
G32522KP	35957
G32556JI	8890
G32586BA	2273
G32588AA	18475
G32592IB	7882
G32611KT	10081
G32659RY	13849
G32685NO	2944
G32744YO	39402
G32746QI	1296
G32758HZ	4542
G32761XQ	9782
G32779JS	24079
G32781YS	34703
G32801HX	3728
G32816HT	1854
G32915BP	1124
G32944VN	11414
G32967PZ	9059
G32968SR	542
G32974DS	16866
G33019PZ	8852
G33052SB	1149
G33070IY	20301
G33099BU	17113
G33127ZT	8041
G33129LQ	16945
G33150PJ	20036
G33177YW	17269
G33188UJ	17614
G33192XL	1100
G33225NX	40446
G33241WC	5288
G33244HE	13122
G33271XM	13153
G33273UQ	28734
G33303XH	13502
G33309GL	9781
G33347WY	3878
G33364OS	19061
G33370EK	24617
G33373MR	9110
G33419PP	16717
G33427JX	32523
G33433QA	3322
G33438CM	16722
G33439FJ	21039
G33476GF	1436
G33505DB	2404
G33522ME	20167
G33569OU	11423
G33593EQ	17855
G33608TH	14712
G33617JJ	17948
G33620BP	9876
G33633KK	32631
G33653GT	40512
G33685ZQ	19771
G33737SV	505
G33740YL	18971
G33741NT	212
G33742YO	4139
G33802UM	14042
G33806LP	31810
G33841EB	32250
G33842PB	17056
G33862NZ	14679
G33866SM	7921
G33874AV	36019
G33892UJ	522
G33909XJ	13539
G33970VN	1131
G33972SX	17531
G33981FE	19909
G34018EC	19768
G34022KC	4694
G34059IB	13143
G34216YN	36020
G34220DL	36838
G34234AZ	1287
G34252AT	20583
G34294BW	1599
G34314SG	2254
G34330HT	7945
G34351JL	1290
G34383AG	20325
G34435HX	40764
G34442SS	2827
G34465ZP	932
G34466DO	8094
G34467NW	14773
G34491AS	8476
G34499SX	6296
G34508UC	13888
G34527RW	2281
G34572TY	40621
G34582DB	16252
G34585DT	19667
G34595KJ	20298
G34612DX	28809
G34622QG	28689
G34626UE	9887
G34705QH	16194
G34706DW	3750
G34731QC	9807
G34754UR	20739
G34797BZ	11677
G34815RA	7954
G34838RM	13545
G34853GU	2556
G34863TS	19142
G34905OT	13560
G34926IG	1073
G34931KK	8145
G34946TH	16253
G34947FX	38368
G34972BB	14603
G34992DF	15636
G35061TJ	41079
G35068DX	35934
G35096EN	13437
G35106OM	11258
G35110VT	9399
G35139NO	5407
G35150SV	35815
G35199BM	10974
G35211AB	29009
G35234CM	12050
G35242IF	3730
G35247EJ	40745
G35257SQ	10114
G35283JZ	18604
G35312VR	35947
G35350DS	10274
G35362TE	10174
G35382VN	13634
G35402TO	19607
G35409SK	17581
G35429JB	20725
G35438GZ	21465
G35442CG	1060
G35446HX	305
G35455OM	38337
G35482NV	10586
G35484EX	19766
G35528EA	7898
G35528XC	17479
G35565NM	10462
G35609TJ	32629
G35619UY	2284
G35675LO	28852
G35679QA	3847
G35679TE	17771
G35692YN	39812
G35708JV	9820
G35718GY	10308
G35722YG	18966
G35734AU	19645
G35747ZX	28723
G35749GB	17702
G35769UV	4138
G35787ED	14003
G35791OW	39260
G35798GO	20143
G35815VK	16209
G35823EX	32437
G35827XH	10739
G35837ET	32310
G35879BG	921
G35888BV	38227
G35960LO	9299
G36006TS	15872
G36020VB	39680
G36042WR	8848
G36046VV	20525
G36053YX	8981
G36058QA	2791
G36066DO	38352
G36104EQ	40542
G36118RA	1023
G36123IU	148
G36157OV	14225
G36171JA	19717
G36176RV	13941
G36191CD	182
G36195LV	1962
G36211GH	19598
G36223VW	14503
G36225RM	32458
G36264SN	1009
G36268TW	13897
G36292UY	40478
G36293DS	24212
G36303CE	9777
G36306KM	1462
G36316RB	14309
G36348OS	39528
G36359GN	17289
G36362BK	3047
G36404TW	19152
G36405UK	1969
G36480VP	3171
G36498HE	10485
G36519NW	13916
G36521AS	4141
G36521SZ	39507
G36523TZ	221
G36542BE	40255
G36581MF	14234
G36581PT	13666
G36608LK	28713
G36691KB	2796
G36693BM	18656
G36699PG	2283
G36701GV	14117
G36747XY	2127
G36749ZK	14034
G36766ZC	32343
G36787EI	13788
G36824BJ	10064
G36839GD	17191
G36855WW	8819
G36859SD	17540
G36881GV	3947
G36898CO	1497
G36909MR	4547
G36960FP	32266
G36966DH	36065
G36977EW	1471
G36983SB	19141
G37022BP	8139
G37102FC	1086
G37126IL	3245
G37135JQ	2117
G37162GZ	40364
G37166HP	2582
G37184KW	377
G37216UM	24177
G37260FV	18601
G37274WB	32720
G37276TY	19996
G37296SI	2399
G37304XT	20150
G37306TB	18947
G37425NA	16371
G37427PW	32299
G37453ZD	21133
G37476QB	13651
G37481QP	17927
G37488LQ	40743
G37491LV	1612
G37552GO	20114
G37562WX	5419
G37581LU	14936
G37584UP	16727
G37588BP	15554
G37591JC	17745
G37597FW	13385
G37597VQ	21025
G37601IJ	8974
G37619KE	18594
G37641EM	3105
G37663DS	1559
G37745NY	32264
G37745TJ	16486
G37779JP	32568
G37805DA	460
G37809PL	2997
G37827FY	20502
G37830TX	2436
G37841WI	10808
G37861OJ	11170
G37919OJ	28715
G37974GN	2820
G37986HU	17897
G38022PE	2094
G38029ML	39319
G38047QV	1229
G38085YD	1142
G38115KZ	13543
G38121JC	35191
G38148GL	32521
G38208CY	13977
G38230YO	40829
G38241TC	30680
G38249IZ	8117
G38267IW	19651
G38291RB	13820
G38297TU	17921
G38310GJ	455
G38362AS	3841
G38371WW	28782
G38373BD	24675
G38373IO	17015
G38395YJ	13473
G38404PP	5887
G38426SE	1106
G38465NT	6147
G38473PC	35909
G38478SQ	4591
G38549YL	24483
G38618HZ	40604
G38625SV	19783
G38630WM	17849
G38638WU	1294
G38641UG	3246
G38658JL	20748
G38667ZB	40413
G38668OJ	39186
G38753OV	5782
G38800CP	31837
G38812YS	1272
G38849GM	32454
G38901GU	9822
G38909RH	7883
G38955TH	7925
G38966ID	8029
G38974XL	28753
G38979OV	23880
G38997JB	19592
G38999IM	73
G39018CC	13939
G39023AU	312
G39029JR	3684
G39035OI	9834
G39062YR	18635
G39064VB	17060
G39089YD	14458
G39119ZF	39318
G39130DL	5255
G39174FS	39324
G39181YB	29190
G39183DW	25008
G39188CA	1049
G39203UC	13896
G39211DH	17421
G39213VZ	1857
G39229GR	28906
G39293VJ	32633
G39298CN	24703
G39298RF	13612
G39299DH	32425
G39305NP	35946
G39318IJ	18645
G39377DE	14501
G39401ES	12078
G39408YK	5389
G39422JF	514
G39437XQ	28709
G39439UR	14499
G39452ZZ	11817
G39453SO	15913
G39465KG	3086
G39478RR	20548
G39484WM	9375
G39523KI	502
G39531LA	17808
G39558MO	32589
G39567LQ	1458
G39569XI	38385
G39570CO	39617
G39571QG	10325
G39578OU	7693
G39595CR	14436
G39600NF	21484
G39601JQ	14188
G39602UU	13944
G39611QP	7765
G39615UL	1950
G39623FZ	9099
G39666ZK	10337
G39687WG	13508
G39722LF	32440
G39756ZC	28762
G39764AC	9088
G39794DN	20336
G39807DF	16723
G39809FW	32225
G39813YP	13708
G39818NQ	2058
G39852CS	2443
G39852JB	532
G39861AN	3367
G39874GI	15903
G39884QV	556
G39893KL	17643
G39896WY	540
G39906AT	29380
G39951CP	18956
G39976KS	10287
G39992DR	13616
G39995AR	10135
G39995KJ	1738
G40027VO	13870
G40064GR	2526
G40065EM	1494
G40069AV	31794
G40088CY	10752
G40096SL	14183
G40097PQ	14000
G40161ME	1278
G40173TB	39684
G40184OL	1344
G40188OO	3192
G40194MN	8151
G40198OD	17440
G40200RC	10456
G40244KN	29018
G40249UC	10926
G40264QS	28779
G40268BC	18356
G40269CS	553
G40343KH	20285
G40393FZ	10759
G40413JC	11169
G40428GO	13441
G40452FK	28897
G40482NA	19979
G40491DT	618
G40523QS	492
G40542QP	14616
G40544US	18455
G40554DX	13846
G40569DS	29353
G40579SX	14480
G40585SO	2042
G40670DJ	13320
G40696TO	310
G40702WU	242
G40706KD	32572
G40707RU	1221
G40707SF	13475
G40709XS	6151
G40735XY	39982
G40748TG	33822
G40748TG	33823
G40757HO	20838
G40764VP	172
G40786FB	28905
G40792HV	7903
G40813RE	32622
G40821RK	13801
G40900UQ	19163
G40903ZD	9775
G40906DZ	224
G40909AN	14648
G40909HG	18999
G40915GX	5746
G40945TN	16199
G40948NW	9101
G40994FC	1138
G40998BL	28851
G41052GC	13021
G41063ME	9133
G41087ZA	14602
G41095QB	24571
G41107EH	20963
G41120BJ	39428
G41125AS	32238
G41132VG	3911
G41178NB	40330
G41179DF	4492
G41227XH	7868
G41234QD	2557
G41310VR	39181
G41324RH	20949
G41327HW	1724
G41331JX	14488
G41352UL	10198
G41366ZD	40488
G41372SJ	2548
G41384PQ	6303
G41416MJ	15673
G41469UO	1822
G41473YC	8306
G41477DH	8920
G41504VL	36597
G41510DX	865
G41563EN	32289
G41566AJ	40730
G41576FY	2593
G41596PV	13430
G41656NL	5662
G41670EF	30408
G41708PN	16128
G41720HN	14145
G41722LN	9957
G41780OY	6135
G41789QF	17560
G41800OU	19644
G41804LU	40209
G41811VQ	13319
G41817BL	28794
G41821MR	17838
G41824PC	8818
G41847IM	29050
G41850YN	17314
G41859KE	3376
G41865ZJ	4686
G41912CL	28881
G41923EO	18373
G41928NU	7897
G41937ED	24649
G41943OZ	13211
G41953RN	3061
G41974MG	2050
G41981MA	13847
G41994UJ	2793
G42002WQ	10977
G42028VS	20338
G42039AA	17398
G42039DE	40919
G42049JU	558
G42089IU	2081
G42110JE	38334
G42140AQ	7914
G42147XQ	6149
G42154JB	4709
G42176GK	19965
G42192BR	19701
G42217SL	2871
G42217SL	2890
G42227JK	11559
G42239FO	3181
G42240DE	14036
G42293RF	2719
G42295MA	17913
G42299NR	13946
G42300CL	7892
G42303MJ	10771
G42322YV	38221
G42325VD	319
G42349ED	8311
G42368XT	10761
G42380GI	7950
G42388XF	10747
G42415XD	19763
G42439GB	13401
G42460RM	40515
G42466VF	13174
G42468DL	10750
G42471QL	10457
G42504VW	32451
G42525DE	28708
G42548XF	8823
G42556BP	7669
G42600SB	7949
G42603RO	320
G42605KJ	28790
G42614NV	35985
G42653GO	20364
G42664TF	9131
G42666HT	467
G42667BL	7832
G42672MA	38374
G42674AX	20545
G42674LI	908
G42679AH	14062
G42680EX	1014
G42712XS	8603
G42713FO	1120
G42731RJ	14572
G42735RP	28993
G42737HJ	12223
G42769XG	33285
G42772CJ	40498
G42772WO	6288
G42797SX	14389
G42824AQ	18244
G42830YF	1146
G42832NT	28978
G42846BO	853
G42862VU	12920
G42912TT	6137
G42927HH	5682
G42941KJ	36641
G42956UG	11073
G42984ZU	38396
G42993UG	21355
G43014FZ	12954
G43040IL	14136
G43070PV	32476
G43081BK	17919
G43088GK	14513
G43131ZX	8755
G43164CL	38264
G43242DB	7904
G43264US	13608
G43265YA	8132
G43299SD	13859
G43301PF	1631
G43346PX	14079
G43378HA	3830
G43415UJ	19115
G43426MU	490
G43454VB	40382
G43470JW	15422
G43475FH	10918
G43495HR	860
G43499QE	18250
G43526DL	8854
G43547MI	5214
G43548LQ	4670
G43553YK	9280
G43558RC	18972
G43603TQ	2933
G43622SG	1960
G43648DB	13091
G43657WC	1647
G43660IT	19816
G43664YB	8757
G43677TG	10080
G43677XO	19020
G43687XR	220
G43694RQ	1870
G43702JT	2738
G43726KG	10230
G43745JV	2214
G43761IQ	9849
G43765GZ	40635
G43767FS	7957
G43788SW	447
G43797QQ	12006
G43804CX	32344
G43804GS	2057
G43818LO	9050
G43832DJ	8124
G43873MM	10336
G43925AD	20489
G43944UW	10409
G43947CR	191
G43972TU	10754
G44023GI	28690
G44031UD	40642
G44043ZX	20201
G44046WQ	21140
G44060QH	16511
G44066XU	28754
G44073EJ	10085
G44127LD	32573
G44137YR	39274
G44151FI	24438
G44152CO	14349
G44264DI	24659
G44327JQ	1145
G44345UH	13297
G44361OH	21794
G44364RM	28879
G44414DH	31861
G44440DT	16610
G44479SH	17683
G44483CH	8191
G44510KF	2666
G44515AZ	20660
G44541JO	29187
G44572NU	28727
G44617UT	13961
G44618FI	32362
G44639PM	20747
G44645CP	186
G44688UB	19657
G44739HH	3120
G44747CU	17640
G44754DF	17580
G44754IE	40438
G44770ZI	19075
G44799JP	32468
G44809MP	41005
G44825LU	9827
G44825QL	32495
G44826KU	3137
G44858WT	1091
G44865OQ	10115
G44883NU	39262
G44904UE	14461
G44905SX	28909
G44917UQ	21202
G44946WH	13550
G44962ZM	28810
G44979MG	40513
G44982ZA	40450
G44996SV	20451
G45048TZ	13656
G45058HZ	529
G45071EF	35913
G45104SZ	20745
G45108QT	24415
G45120SG	7828
G45129XM	7690
G45145ET	16715
G45187EI	13907
G45209NR	2470
G45215IJ	603
G45220IZ	40817
G45229AI	24429
G45238KD	28950
G45250VC	32237
G45256SO	17447
G45258LH	10295
G45262QY	13972
G45264AM	24466
G45271AT	40901
G45325UV	24437
G45358WU	10700
G45359RY	2471
G45374ZW	24431
G45380LQ	3755
G45388GV	16481
G45408ZW	17732
G45420PL	20252
G45470TI	40505
G45475AS	40521
G45492BK	32443
G45494FB	19866
G45522CT	8579
G45533OY	8517
G45560HM	9158
G45565NV	10390
G45581BY	5408
G45598BE	3942
G45603BW	14585
G45614AE	2349
G45614WX	8264
G45629TR	10605
G45643JS	2394
G45673KX	17753
G45712QJ	19359
G45714BQ	2352
G45747TC	20248
G45756EL	10433
G45776ET	19659
G45777DE	10131
G45811PK	17471
G45826PJ	20576
G45827GY	3968
G45832DB	1702
G45844BS	19988
G45882CQ	19876
G45888VL	32338
G45889JQ	5386
G45957UA	2826
G45995IV	17428
G45996VR	35783
G45997JW	8982
G46031NV	1611
G46038XL	32287
G46049XN	5423
G46059YJ	18350
G46060BG	11412
G46060FM	1087
G46076LA	1864
G46103YX	9796
G46107JU	32507
G46108US	21464
G46123YD	1644
G46141DD	33225
G46168RR	11259
G46185ND	13851
G46208LD	16646
G46222DM	17817
G46260CP	9873
G46347BR	15430
G46387UV	8252
G46394FV	2051
G46406BL	7706
G46407AA	19991
G46412RZ	32439
G46420ZV	8241
G46425HN	2433
G46432HW	19750
G46461VY	1846
G46470AD	13325
G46473CN	16299
G46489HY	7521
G46491JP	1160
G46503KK	8010
G46526SO	18404
G46542RN	38164
G46559US	20284
G46560SM	19849
G46565HP	1082
G46603AR	36045
G46609ZR	18140
G46626WO	39513
G46638GC	13842
G46662LV	32304
G33636XJ	2600
G46677TE	376
G46712PI	13435
G46720ZO	28919
G46748BU	6418
G46760LG	32595
G46763GM	28725
G46767VX	14569
G46772BG	20853
G46774NB	964
G46795YU	6537
G46836GH	1243
G46868TY	8258
G46915JA	15897
G46926OL	3887
G46945LQ	28714
G46991EQ	18955
G46998LN	18608
G47004LA	1088
G47009SE	36018
G47011KD	2282
G47023PF	8946
G47043LK	32363
G47047YK	5852
G47108UC	13880
G47163SC	10175
G47171PS	39957
G47171PW	32473
G47174QJ	6300
G47175EF	14485
G47180UC	6948
G47206MY	20559
G47252EW	1579
G47273WV	32239
G47279LF	13871
G47280HM	24419
G47299BP	28928
G47338FR	17891
G47349YO	4669
G47379VH	2995
G47391NN	18154
G47407FC	28710
G47410OF	13494
G47414TF	2558
G47421RS	12185
G47427YD	19811
G47447OZ	16562
G47456CG	9795
G47457DK	13190
G47495KE	2268
G47498FQ	20768
G47520QY	24505
G47531XE	24657
G47548GA	311
G47554EG	13921
G47566FL	13800
G47606XQ	14236
G47614ZH	1845
G47633WZ	36036
G47647QY	3813
G47675LW	17922
G47690ND	32542
G47715OE	2227
G47741BL	18278
G47766VH	18255
G47782UT	38333
G47809KW	28855
G47816DI	3138
G47829CW	2249
G47854HN	3005
G47863IJ	2119
G47866EC	8980
G47870LR	28925
G47877IZ	20754
G47920WV	5426
G47921ZO	18486
G47924XK	18160
G47925PB	19177
G47936PQ	1043
G47961DI	18297
G47961RS	40563
G47975JA	13848
G48018RF	13503
G48020LQ	17564
G48027TR	6771
G48040FY	19655
G48053YN	1991
G48059CD	1335
G48109OV	14546
G48148JS	10117
G48148UW	8033
G48154LM	2060
G48178AY	3256
G48185FI	20009
G48205IY	9836
G48265KY	9117
G48277OH	38355
G48305IM	40499
G48330KH	9881
G48350AZ	7906
G48405LH	20521
G48409OW	28935
G48421GV	17664
G48441KG	2215
G48442VP	17644
G48458AB	3002
G48465YI	17967
G48466UB	21218
G48527XN	19617
G48585WR	19250
G48614JL	40212
G48616UI	10289
G48630BP	20533
G48638TB	21640
G48643VT	10925
G48646LG	2893
G48670RT	40256
G48698GX	30015
G48713OY	17667
G48766VR	3876
G48767NV	14594
G48809ZO	20740
G48822BJ	8575
G48860TK	18650
G48873CW	1565
G48882DX	9865
G48945UO	38351
G48954CA	8598
G48982WL	2584
G48989LO	35940
G49045BZ	204
G49084JY	32354
G49104KI	33273
G49104WF	10970
G49108TO	177
G49118ZT	2465
G49120XR	10745
G49124LP	11676
G49168NM	19055
G49225WK	17758
G49232RW	13803
G49280JI	39647
G49282JI	11494
G49299WO	10420
G49302PT	9560
G49320XS	2144
G49332RT	3751
G49349BS	22049
G49369WH	17760
G49370IN	18539
G49401CB	28688
G49440XK	18377
G49465QD	32658
G49495US	9035
G49503QY	1021
G49508KM	7980
G49515VE	13917
G49539WP	2790
G49544FY	20152
G49561ZE	6102
G49562JB	18968
G49580XQ	19040
G49599HG	7500
G49615DO	9374
G49616WZ	20146
G49664YG	18371
G49708ZB	1544
G49721VX	20852
G49743VF	10555
G49761JR	19210
G49763BM	1745
G49785PR	39130
G49800TU	9853
G49827WK	14263
G49832FF	9880
G49859TR	1001
G49872TN	39618
G49889OJ	36629
G49930HB	2998
G49933AX	14934
G49935CA	18026
G49961XO	31819
G49963IQ	17416
G49993RR	40210
G50000BW	2785
G50013XL	3319
G50068PO	9797
G50071OA	16476
G50076JD	1496
G50078RT	14471
G50091EW	2617
G50110DS	8095
G50112PT	12919
G50123ZO	2902
G50139IU	19927
G50165MW	32644
G50178BS	3177
G50205RT	1113
G50211SY	20144
G50215WR	6145
G50216QG	1295
G50258QB	19863
G50272UH	40640
G50290UO	20170
G50319MW	181
G50321QR	604
G50343XZ	32283
G50354DO	8945
G50364FV	14576
G50370PE	7923
G50375DL	3874
G50398UZ	10782
G50425IY	9557
G50427EN	7959
G50474FI	20300
G50489VC	13747
G50499BR	32276
G50504QA	2018
G50507PS	17548
G50508SG	8126
G50517DR	2049
G50524TY	9103
G50531NJ	24666
G50535IT	36081
G50549VU	19710
G50558NC	10408
G50576GW	3789
G50587ZA	17293
G50624UG	9106
G50659JL	32302
G50660UT	28839
G50696OD	15567
G50709IS	6297
G50730KL	14459
G50734LV	23997
G50762OP	21901
G50775RM	13457
G50779LX	1871
G50782HI	39661
G50809LR	1385
G50829CY	5411
G50850NI	2356
G50880EE	24693
G50887TF	595
G50896EJ	20204
G50911OK	17515
G50915WK	3677
G50997KD	9859
G51028ME	8960
G51050LD	14020
G51056AN	157
G51098OG	8563
G51119RL	10920
G51122TA	39386
G51123VI	5693
G51138SQ	10044
G51168CH	10324
G51170QD	185
G51209GW	28730
G51216AJ	19096
G51247NH	11757
G51266ML	40564
G51274LI	29256
G51331BY	1338
G51333KM	28768
G51333ZI	24210
G51343UJ	20610
G51349BU	10762
G51367TM	13711
G51471ON	28982
G51472TJ	8987
G51490BW	2975
G51527NY	40509
G51562OR	13462
G51591NI	5427
G51654CU	20005
G51661GQ	2991
G51688VK	18642
G51699IR	1013
G51699SI	548
G51710QD	19882
G51727VL	12909
G51758WG	1554
G51778XS	40371
G51793MY	13610
G51795VM	17433
G51809TM	17952
G51813EW	10529
G51826TD	16302
G51828AY	1751
G51840MR	10419
G51862BI	7847
G51883EC	10615
G51891DI	24559
G51896IF	28721
G51921XC	20257
G51930XP	21783
G51941HK	33945
G51941IR	32251
G51945PF	13166
G51956RJ	30495
G51963NX	17976
G52013SF	18654
G52014JR	10102
G52034SY	9023
G52045RC	4450
G52080EW	9259
G52080WL	14523
G52106FW	3638
G52112MC	24655
G52120GQ	2646
G52120NK	1512
G52146XU	38384
G52153CS	1622
G52160KJ	4444
G52216BO	20004
G52266YB	19742
G52278ID	1824
G52286UI	19630
G52326GT	10475
G52340XK	3244
G52345FK	28843
G52358FD	1467
G52370OE	1977
G52383QH	28758
G52428MJ	8599
G52441NC	28836
G52460PC	17654
G52461YB	15290
G52497NM	1823
G52518HE	40883
G52547JZ	28731
G52558CF	18113
G52633YA	3107
G52663AD	13901
G52677OK	41072
G52719CT	13208
G52724WY	18248
G52770HR	14041
G52773YO	28776
G52805ZP	16716
G52934AK	13408
G52776UT	28986
G52928OQ	39138
G52886CK	19611
G52904TE	17555
G52915NJ	1957
G52878KK	16785
G52880ZN	8013
G52882GL	2000
G52839BU	7973
G52793JJ	9949
G53220ZS	19030
G53031JB	32267
G52971DE	17675
G53158TJ	2758
G53214SL	39527
G53032HU	4611
G52972TJ	32621
G52961XA	2402
G52956BX	8009
G53190JD	32360
G53168IY	8542
G53093MO	40819
G53096UD	32493
G53259FL	40503
G53002EK	17775
G53098FA	14267
G53000BS	1706
G53396PX	14599
G53272SL	20092
G53276NK	16065
G53433AN	2725
G53266JM	17014
G53296VI	22240
G53498SO	2546
G53404LB	7890
G53504BR	14559
G53460CX	40746
G53485VW	10466
G53582JE	17497
G53476DF	40519
G53472RQ	19859
G53394BX	5187
G53288JQ	14187
G53428BS	12733
G53800MQ	19650
G53812EH	2442
G53743TV	9577
G53809CJ	18353
G53725UB	28974
G53621MK	11675
G53812BX	14497
G53854XZ	14434
G53667CH	2066
G53818ZZ	40442
G53834TX	18425
G53809EF	9600
G53817FJ	3078
G53752TA	8136
G53858MF	1133
G53750GJ	1011
G53977IC	35935
G53923UR	24722
G53985AY	14765
G53933HU	14444
G53938ZR	7674
G53944MR	39973
G53933PW	3747
G53860DH	10180
G53993HS	9799
G53956RO	3110
G53962WT	8774
G53878DC	1386
G53931MC	1104
G53989JC	1609
G53957WR	9275
G53899GT	28748
G54394ER	8026
G54273KX	3049
G54300AX	14580
G54334WY	17965
G54380FJ	19903
G54375EU	40407
G54258NG	1571
G54409JS	10945
G54158IT	19595
G54149OE	7913
G54344GJ	3247
G54151YB	20099
G54073XZ	5412
G54190AS	12153
G54286RQ	4700
G54555CN	7822
G54611ZT	13790
G54466RT	14933
G54461SS	3173
G54542VV	3184
G54602MP	35931
G54590JM	9105
G54410JV	15822
G54553CA	16713
G54513OG	21492
G54567NU	19233
G54561II	19190
G54434IR	10382
G54511PJ	10909
G54499PQ	20341
G54628UA	4449
G54411RI	18063
G55041IW	6315
G54764AV	24696
G54884LT	1478
G54741SP	6286
G54953LX	14189
G54826OZ	530
G54953IZ	1925
G54696PD	28929
G54765IU	1943
G54981BW	35823
G54679PS	3289
G54956ME	14078
G55037II	6100
G54651IF	2032
G54802EG	16189
G54904QW	28968
G55153IW	2380
G55104BW	17722
G55051BJ	3178
G55169DK	16445
G55259BS	985
G55192VG	21425
G55146FI	18376
G55184IL	17021
G55184GH	10809
G55080WT	17262
G55236DB	5599
G55070AA	10159
G55220VL	234
G55258MY	1121
G55065WV	20296
G55143WF	13675
G55205JA	9376
G55185WK	40736
G55360MM	8812
G55600PH	19713
G55803NG	40221
G55360NR	8050
G55406JQ	40768
G55480NU	3753
G55601IV	9075
G55561NA	34702
G55314RK	14303
G55302WQ	1147
G55507NB	1381
G55818EE	889
G55481KF	20132
G55396DW	14483
G55786MG	10297
G55781KV	9987
G55318GC	35903
G55459MJ	2428
G55327VV	10813
G55832RR	39215
G55331YF	17721
G55487DR	3254
G55419VV	33822
G55419VV	33823
G55402MT	10393
G55342MO	40636
G55492KC	36449
G56067ON	8134
G56263MG	2390
G56163DR	39178
G55929FR	10724
G56011JM	3174
G55922CA	32436
G56271TF	10549
G56181LZ	3846
G56271ML	24663
G56175ED	21141
G56202TA	8624
G55953GF	20320
G56265BA	19620
G55986UN	7974
G56095ZZ	18953
G55879PV	28681
G56038AR	14001
G56076DZ	40507
G56147VV	14612
G56014GC	10120
G55979JS	9826
G55861FV	20116
G56070SP	3779
G56154DE	987
G56045WU	4447
G55867TY	19646
G55925YH	924
G56321MP	39503
G56372FJ	10002
G56464AW	9962
G56516KW	13868
G56354PO	13337
G56478LD	1903
G56682BC	5794
G56299XO	4445
G56657VE	10407
G56376TA	38339
G56749GV	216
G56720TK	35190
G56318NV	13599
G56655CC	576
G56737NO	20726
G56577TY	32297
G56512IR	3767
G56529CD	8135
G56293JI	8133
G56381GU	18982
G56657CK	15082
G56591LC	13417
G56516VH	10015
G56285KF	24506
G56340GX	13421
G56408DR	8849
G56653RI	17566
G56852BX	18994
G57075KG	20480
G56830SM	36638
G56873WT	2219
G56977BH	1645
G56861GL	7733
G56960KY	13920
G57068ZS	7901
G57028QM	28858
G56867YK	20378
G57084IU	28865
G56845GO	1379
G56791SN	17650
G56963QZ	19662
G57051OG	20478
G56838SE	508
G56891ZN	8939
G56756FT	17507
G56869RQ	32281
G57092OJ	13923
G56912OP	13607
G56988MG	39681
G57075OH	20373
G56856OI	40641
G56903ZB	41077
G57007FO	10967
G56809XB	28980
G56961QY	6136
G56809FB	9788
G57130XG	6292
G57311FK	5744
G57338PU	1999
G57284NN	1752
G57208CK	32399
G57484FV	1078
G57598XN	10488
G57522MT	20516
G57166CI	13931
G57210SQ	36023
G57459VK	214
G57158CS	9842
G57430QU	8820
G57278MI	238
G57267KB	2258
G57437DS	40844
G57449OF	3195
G57153UY	28911
G57592QM	7971
G57184TT	7936
G57321FI	476
G57345HS	13420
G57262WV	14931
G57650VC	12151
G57595UE	13584
G57411WE	40504
G57220BY	9860
G57580SM	15545
G58025LK	40553
G57920AK	549
G58029XR	8123
G57937LQ	32457
G57981PR	15497
G58066AL	2502
G57999XS	40455
G57710SU	613
G58004KD	39389
G57774MT	19653
G57675TR	14475
G57835AK	13857
G57736LX	1286
G57997IN	9081
G57955DP	2095
G57930PW	1245
G57707WO	24204
G57777LQ	2872
G57777LQ	2891
G57887YH	13278
G57970NA	36639
G57863LA	13761
G57705QQ	20958
G58047AI	213
G58111YY	20997
G57762GE	28687
G57779BA	32291
G57881VN	32279
G57696GW	28859
G58236FD	24701
G58198HJ	21399
G58350LJ	1136
G58403SV	13537
G58590MR	8105
G58281SK	33272
G58571IP	18340
G58387VB	14528
G58239DH	4698
G58436AI	1525
G58276QF	21047
G58507AZ	9218
G58429RC	236
G58381OV	39264
G58615XI	36021
G58517TJ	20169
G58214IQ	3699
G58217PP	17465
G58561KE	4685
G58473KL	14669
G58233BW	19784
G58370UT	20072
G58576QI	21934
G58634AX	10481
G58547FH	13517
G58216EF	19622
G58992VJ	32390
G59024DC	17296
G58921NR	4675
G58808TX	20245
G58793GF	19146
G58896AZ	544
G59022FC	16724
G59003TR	19702
G58667NI	2970
G58824LL	18029
G58768FH	14082
G58645HA	316
G59001FP	19199
G58759ZL	24020
G58918TF	9793
G59041MP	19974
G58890ZT	3185
G58827HR	35182
G58809AD	1623
G59029DL	17847
G58846EV	21084
G58995TS	1052
G58807XI	8810
G58746AB	18658
G58969RU	38373
G58824SI	9576
G58750CR	40744
G58990QD	2994
G58897VR	40752
G59456VR	32290
G59311AO	564
G59471TH	2277
G59454IE	1633
G59406KS	6934
G59185WM	167
G59149SL	19888
G59256VO	28680
G59231NT	38359
G59361OW	13551
G59345UT	19593
G59451NL	13167
G59168YE	13461
G59458AW	31829
G59159PE	2527
G59471JC	24610
G59234CC	35965
G59300GC	13649
G59092IU	2294
G59508TM	2466
G59405LU	40732
G59141EN	24682
G59306VK	10404
G59128IS	6953
G59255VT	24643
G59419HU	2162
G59081JJ	30368
G59371ND	29165
G59746QC	13477
G59532XE	2255
G59742ZT	29330
G59716UA	20863
G59909MT	2767
G59741XZ	13529
G59513YA	17454
G59810YR	28854
G59804RR	10455
G59742GY	8157
G59910CM	2665
G59579TL	14088
G59872UP	7998
G59634NL	3810
G59823TM	9908
G59897WN	32447
G59874JZ	10563
G59869XG	20858
G59594LT	520
G59659CN	18407
G59752BW	14085
G59761EF	20743
G59655FF	20407
G59946TO	9258
G59594CP	1616
G59636XZ	9830
G59655SA	218
G59967VI	2059
G60284TY	29139
G60149QJ	8973
G60281PM	196
G60370CP	9030
G60230OQ	10722
G60419KX	14582
G60274JN	2900
G60216WR	10625
G60215UL	14486
G60012HO	4707
G60233WN	309
G60330MA	20250
G59983FU	40728
G60415BS	4130
G60103QI	13789
G60341PX	10768
G59999BN	21591
G60109PL	3009
G60234BX	8376
G60230HH	244
G60365DR	8302
G60138JZ	6354
G59995RD	3143
G60187HZ	208
G60320IS	8054
G60413OP	19711
G59984BF	8606
G60692DB	21020
G60439QY	13600
G60881ZO	4610
G60799ZL	3618
G60532CM	20249
G60482OT	4612
G60949GI	18424
G60615ZD	32608
G60534NQ	1035
G60538YY	3248
G60926SE	3676
G60890ZT	2082
G60645OK	1831
G60951JA	36080
G60646UB	13505
G60814ZB	14578
G60430KO	6518
G60736DD	14940
G60829NM	25009
G60833BB	20228
G60496YL	28939
G60604SE	40133
G60705KN	39966
G60468EV	28870
G60485RX	2661
G60653VD	17821
G60496TU	19596
G60875XB	8224
G61351MP	17526
G61456PF	18979
G61088TM	13388
G61406KC	1276
G61339UO	7977
G61128UV	10182
G61086WG	19980
G61420QM	3379
G61334IA	4566
G61459JW	127
G61399JM	19901
G60956VN	17517
G61222QQ	18355
G60963AS	13992
G61071JD	4583
G61399NC	3639
G61411XJ	4856
G61245NC	3250
G61283FH	21139
G60955ML	32615
G61153TX	20025
G61055FR	614
G61386ZX	3220
G61169KO	3790
G61457CY	18054
G61207RZ	1549
G61367OF	10383
G61702UX	13712
G61751GZ	1865
G61878VZ	9794
G61519GA	32330
G61523RC	36022
G61838OT	40651
G61833XV	507
G61819UR	29051
G61842MB	30937
G61575RT	5783
G61539GW	10811
G61730RY	5696
G61785RY	7557
G61706MD	890
G61846BY	2118
G61831UB	32386
G61530NU	8570
G61601ZZ	3016
G61818QD	7505
G61715VD	6098
G61780GR	10975
G61664CH	2075
G61717JN	17467
G61705AR	19603
G61752HI	2216
G61866NY	5784
G62488UG	14510
G62204FH	384
G62103QF	2392
G62145FH	19600
G62117RR	10840
G62088FQ	36550
G62217NB	3848
G61903HE	24660
G62097SF	3197
G62380XZ	953
G61956VN	24641
G62165LJ	7970
G62504BU	13752
G62364JZ	28899
G62112AO	18363
G62387ZO	4706
G62196IB	21482
G61941WO	20746
G62469XB	10744
G62446JD	1625
G62464EH	21000
G62015ZM	9578
G62167DK	1069
G62070TZ	10748
G62421QL	35824
G62732AB	18504
G62592GA	4135
G62741IO	20732
G62801YJ	2138
G62824TL	10760
G62527ZD	28720
G62639CP	32381
G62519IY	20098
G62746IY	19633
G62574BY	28856
G62554JH	2192
G62517DC	19045
G62797OV	19889
G62781GE	39221
G62836JK	39974
G62765SF	8141
G62553AU	9841
G62619LG	8155
G62571UK	4702
G62808KR	20477
G62515QP	39122
G62763GO	8998
G62826CL	13799
G62577TV	35971
G62870ZM	2798
G62870HD	35964
G62779OI	20295
G63065KG	13991
G63238VS	2024
G63170HT	769
G63240YA	6313
G62960MX	35956
G63083GQ	2176
G63038KS	1974
G63166WT	2068
G62973JK	18605
G62922WK	40605
G63078AB	9885
G63001DW	36046
G63160NR	17568
G63125IE	8076
G63179CS	3949
G63150NE	3269
G63208BT	8986
G63035DM	17498
G63069TR	454
G63242HY	496
G63282TI	1601
G63188OY	12756
G63024BG	17559
G62922ZN	1985
G63065ZE	32328
G62968IF	17470
G62979KP	17920
G63100CN	28772
G63617UP	20118
G63337SS	5147
G63541GJ	16583
G63480NF	17641
G63521CI	2163
G63665MU	19194
G63607QJ	36048
G63389BN	2437
G63389BN	9476
G63714PL	1490
G63565MO	39960
G63474NY	3183
G63505TP	3872
G63411NB	10057
G63469RX	40377
G63338KU	1380
G63721FF	32262
G63496FG	10178
G63389VQ	17496
G63585HN	13546
G63717SU	19291
G63413QV	18017
G63622FJ	32228
G63473GZ	4564
G63679SF	32506
G63333DU	14607
G63547QM	8122
G63614KK	10040
G63664GB	498
G63427CD	6143
G64334QQ	20377
G64048GU	32242
G64098MP	38380
G64183CB	2350
G64330NA	28778
G63748AU	3263
G64315DN	9475
G64282SO	32277
G64144LP	3131
G64176BH	2377
G64085NR	35809
G63754TT	10837
G64289QQ	1958
G64311TT	17846
G63889NK	13389
G64259ZR	17793
G63992GH	3316
G63838JW	4534
G63821SF	19760
G63919RG	21003
G63738TV	9076
G64098LT	40332
G63981YU	3787
G64175SO	2122
G63820GM	39806
G64165TJ	20873
G63813EJ	596
G63949RX	10483
G64384IL	10222
G64803AP	32369
G64652AR	16506
G64604UL	22385
G64566OC	10836
G64803HZ	37162
G64713KE	20639
G64615DY	9923
G64538ZR	20194
G64581RP	6937
G64618XR	5395
G64485VT	20671
G64389UN	9801
G64662SH	19774
G64687ON	40587
G64666BO	3053
G64633BH	13934
G64418SR	18636
G64693IG	32428
G64468KS	8011
G64651FB	919
G64501OO	24661
G64661YG	1127
G64460FJ	8045
G64799PD	3000
G64481DJ	11498
G64669AQ	14457
G65009JH	9828
G65070VQ	3913
G65239SF	13538
G64823DM	29506
G64856PW	39128
G65030HB	32254
G65243FP	19871
G65135MY	6131
G64885AH	2993
G64979EW	1293
G64827NU	38367
G65191ST	2979
G64826XB	29016
G64894MA	17676
G65226QM	20151
G65070LF	2020
G65236OQ	898
G64861UO	1988
G65162CH	5478
G64828QT	40823
G64973KT	488
G64968QT	10176
G64860JV	19039
G65117HG	7940
G64852XI	6097
G64919UI	10908
G65087VI	32249
G64857LW	21490
G65223RT	2154
G65484DP	17652
G65307GS	40404
G65285QO	512
G65518IK	1284
G65597BI	13937
G65686FS	3877
G65318OO	35900
G65351EL	6134
G65697SK	20071
G65703ID	2996
G65464PI	28777
G65542KP	7667
G65299LG	9856
G65667PE	6287
G65370RS	13827
G65475CX	4674
G65447BW	6282
G65419YA	11217
G65515HD	20065
G65508FE	13693
G65550TC	36623
G65617KZ	39972
G65356DX	32384
G65414VM	3251
G65294YU	18621
G65340BF	32514
G65562ZE	458
G66021ZE	543
G65850ES	13694
G66163TI	3727
G65704VY	10487
G66106WQ	39975
G65761WK	3673
G65945PP	39731
G65867II	13476
G65996GC	3688
G65760UO	32453
G65825CX	20859
G66162WI	20943
G65909WP	10307
G65840VR	32243
G65890UA	2581
G65982DP	19942
G65893EZ	18639
G65796FM	13561
G66153IB	8114
G66111ZR	14932
G65937EW	1024
G65984FE	17527
G65790DQ	8888
G66122ZT	9922
G65799WV	19864
G65921QW	35942
G66658UG	4299
G66348MF	1032
G66590TO	39144
G66653BX	32494
G66512FS	20592
G66622AX	10186
G66257KQ	1058
G66427ZQ	1838
G66375VY	20412
G66655HQ	20137
G66629ZO	40737
G66286WQ	36095
G66488GE	20381
G66602EI	40479
G66362JB	12082
G66282NU	3115
G66474IG	1477
G66211LT	40766
G66213AR	439
G66360FX	10766
G66513RC	39751
G66661ZY	21498
G66544RE	3198
G66205CG	10381
G66377OH	28972
G66184ZO	19112
G66489LJ	17451
G66576RC	10976
G66875SM	1069
G66804IZ	35878
G66964CR	5598
G66932MV	18059
G66723QO	9220
G67079AO	28842
G66665YI	207
G66992XO	30747
G66874PY	40508
G66967KV	7795
G66825OG	35894
G66868ST	40374
G67045LB	13531
G66866LE	14350
G66675LM	39981
G66674JW	7966
G67059BJ	10311
G66741YQ	5935
G66846ML	9868
G66995VS	34370
G66669IY	32652
G66689VP	15830
G67066JI	20553
G66847YI	13787
G66728LX	2029
G66867PA	321
G66937TJ	1858
G67083FT	28752
G66998OZ	1860
G67610IY	32313
G67342MA	17914
G67362UI	21497
G67196QU	28969
G67189MD	517
G67223RN	39180
G67536FA	20261
G67411ST	39211
G67608DN	19890
G67642SS	19606
G67272YR	16508
G67628PC	32351
G67574IL	20704
G67091KC	35926
G67220DU	8004
G67410LQ	8753
G67357EP	10039
G67505LV	7909
G67549HD	14508
G67286CI	32305
G67656PN	28987
G67191UH	40458
G67323SW	40402
G67612NO	10338
G67447FX	9395
G67534LV	1502
G67328UY	24251
G67623NK	1541
G68014YX	9583
G68110IF	608
G68194UU	20221
G67715OS	10781
G67942CH	2973
G68146EG	35830
G67740CH	9111
G67924FL	3193
G68059HB	8119
G67734FT	10239
G67978NC	9869
G68095WW	10505
G67767BR	19967
G68203DZ	1454
G67785RW	5432
G67828VR	1277
G67920QO	10831
G68113KQ	692
G67883AD	7866
G68175NA	19920
G67665XP	16414
G67880QU	2083
G68158BT	7315
G67988RO	587
G67898UK	18619
G67838AF	32599
G68189FR	39409
G67915MO	17642
G68765US	2932
G68321OY	21703
G68892PJ	13869
G68461PT	13123
G68651MF	19025
G68679LW	19022
G68318SH	17707
G68762AY	3048
G68395LV	1027
G68804CO	9817
G68639VP	6141
G68668TB	240
G68803QA	1130
G68817WF	32263
G68283NG	14558
G68480EG	3746
G68253RD	18471
G68310DT	4549
G68354TY	3675
G68294HN	2756
G68807DB	38061
G68801RI	21493
G68427CL	39564
G68415EV	8578
G68845SP	38232
G68588WQ	4711
G68893BQ	7801
G69175BJ	20501
G68955EJ	8809
G68957QP	13409
G69083KH	20117
G69126BG	16412
G69381LS	9843
G69121YI	19906
G68983XG	449
G69033GJ	4857
G69159WK	1610
G69023SD	14530
G68946DB	14046
G69360KJ	17493
G69060LX	33276
G69107KE	3766
G69303AY	5391
G68907ZA	19838
G69103XG	2931
G69176ID	5105
G68991BW	13352
G69000LR	8565
G69113LL	7956
G69298OC	40767
G69164YL	40375
G69332GG	1140
G69319YQ	32477
G69187MR	11428
G69480BN	21097
G69964CA	18981
G69458AV	15918
G69905CP	13542
G69957XS	13664
G69738ZU	9847
G69813CQ	16862
G69752OZ	1635
G69777JE	32345
G69944KZ	2381
G69485SE	24684
G69799LR	9112
G69575FS	40400
G69723RO	7760
G69916KR	9362
G69808IK	10302
G69440RD	3123
G69725KG	17896
G69985ZX	20139
G69976JD	19850
G69762TP	7826
G69533GA	8063
G69762CO	32571
G69672LF	8115
G69912LP	7994
G69794GX	17315
G69411IG	8543
G69893KP	10957
G69461KL	887
G69987TD	17761
G70265CT	10292
G70422TG	10972
G70374BH	1123
G70081QS	24410
G70301QJ	14022
G70014JE	1288
G70059SD	1050
G70442IZ	40405
G70000DB	3290
G70358QM	1061
G70072FZ	19648
G70236HL	18111
G70073SG	17645
G70387YT	28868
G70194YY	19858
G70192AL	9831
G70444FA	9289
G70076VV	20255
G70199PM	11739
G70081SZ	32327
G70308HL	17924
G70052MF	28742
G70246WA	8237
G70213NR	1835
G69996RR	1613
G70023SA	2387
G70382WT	19844
G70647TI	1850
G70881GL	20324
G70874WW	1568
G70538OR	32653
G70927FR	19643
G70593HA	3215
G70903NP	1718
G70590VH	20417
G70696OG	8190
G70829NO	35905
G70490JW	8121
G70708LW	13423
G70830AN	14301
G70848XM	35851
G70800WO	2898
G70898UD	14746
G70851FQ	20081
G70548CP	28785
G70863KH	33284
G70859XP	20523
G70617CF	39950
G70507DZ	2822
G70681VG	18611
G70494TJ	19639
G70888IU	2803
G70520DS	14007
G70511VE	8138
G70688TC	35921
G70642RS	32307
G70958LU	19984
G70945OS	14489
G71145QW	36554
G71063DT	21494
G71156OO	29531
G71125UE	19867
G71409LF	18411
G71013KY	2971
G71356JZ	40590
G71360BB	18402
G71274MV	2544
G71394EM	21072
G71041DQ	6104
G71153ZE	7804
G71136NQ	937
G71025DD	2274
G71332MU	8846
G71320DE	18357
G71105IW	32253
G70947EQ	21006
G71296WI	1484
G71094TJ	20784
G71338QU	19234
G71121NN	17405
G71307CC	32654
G71085CJ	4531
G71506JZ	497
G71549XT	40518
G71856VM	40249
G71602GO	2916
G71502UE	211
G71606HZ	1129
G71485PH	2044
G71568XK	7932
G71857KQ	13544
G71782CJ	18247
G71457YN	17017
G71479KG	1389
G71812IK	13121
G71888DL	7911
G71714EQ	20782
G71679MX	13380
G71832QJ	16527
G71630AZ	15671
G71704AG	14715
G71766ZW	495
G71652FK	40658
G71690HK	13424
G71451NN	19028
G71745CH	9906
G71918HH	40633
G71479BM	36085
G71865NO	1033
G72060BE	17621
G72085DL	32435
G72221XM	13547
G72260GO	24465
G72012QU	40726
G72166HB	1560
G72272ID	9863
G72108VJ	17663
G72191AG	32278
G72128LZ	1255
G72281FQ	8068
G72334XM	1629
G72175XZ	6099
G72103RY	10116
G72079JG	772
G72008IY	719
G72348PK	3873
G72002FC	600
G72353NN	18643
G71957GO	14306
G72018SI	8808
G72131JM	17446
G72300VE	35845
G72046TZ	14327
G72070EH	1387
G72319UQ	16191
G72125QI	8120
G72304KR	18443
G72580QS	226
G72356JA	18606
G72369ZI	20184
G72460OS	19018
G72407WU	32426
G72373YW	28701
G72395MI	3939
G72663HO	1695
G72475NE	8988
G72662IG	14605
G72379PC	3748
G72718TT	9167
G72526IR	20803
G72601EC	1143
G72620YF	7893
G72647WK	3258
G72687GQ	40501
G72587UU	9178
G72698LT	13942
G72533FB	8975
G72526DQ	7976
G72745SQ	3170
G72599LB	7694
G72406BE	18977
G72356VO	21227
G72626YH	40434
G72511CN	1281
G72576LG	18100
G72729HN	3179
G73111YU	9857
G73162HV	28724
G73076IB	10418
G73367DT	19947
G73381RY	3378
G72758WN	25007
G73076FS	15844
G72905QH	19819
G73211XU	14308
G73057DA	14119
G73161ZQ	9883
G73136IM	14190
G72954XC	17443
G72851IY	39132
G72821WX	5385
G73323VU	36448
G73271AZ	20372
G73173YQ	35932
G73418FX	14076
G72992IV	6289
G72748AQ	2025
G72914LC	16510
G72974NP	14614
G73308YY	19987
G72952WX	21491
G73302KW	5374
G72919IM	2287
G73866ZM	17415
G73836ED	21503
G74026TS	2202
G74066YL	3221
G73582RP	18467
G73752AL	40653
G73654KH	17328
G73971ME	19475
G73825BL	24651
G73868PD	36543
G73434LQ	16494
G73760YR	7867
G73548IN	2618
G73896IF	13832
G73517CY	19749
G73991ZU	17630
G73930OK	9931
G73539WK	8106
G73708UL	480
G73763NQ	1501
G73567NI	1540
G74004KO	39316
G73492AT	13387
G73907HE	32526
G73578JC	230
G74090KZ	14060
G73487DJ	10286
G74018VM	9888
G73439VG	19636
G73683LQ	18367
G74121RX	594
G74396CO	10973
G74122NN	15530
G74312RU	32348
G74154RA	10610
G74300EL	40659
G74484ON	3687
G74325TG	17439
G74120DW	5074
G74353FF	4317
G74410ZJ	3809
G74268SC	35891
G74364UH	30014
G74264KM	14713
G74111QE	28934
G74290AC	17759
G74130TT	6309
G74388OG	40331
G74369SL	18951
G74248TD	39660
G74429YM	36077
G74111MH	18647
G74498IP	32704
G74324PP	2124
G74433MQ	2034
G74458LK	28521
G74458LK	33798
G74458LK	33942
G74438AB	13555
G74459BD	1098
G75052YA	28971
G74838NI	36008
G74608QW	38388
G74949YP	28728
G74782FR	1947
G74582QG	193
G74933IS	13945
G74716XL	18991
G74684RY	16214
G74645FT	13812
G75097MF	2525
G74928QN	13814
G74574VX	13813
G74837KH	1026
G74809AE	40367
G74859XI	13525
G74714EN	35798
G75049FP	13908
G74975UG	10751
G74823CH	10572
G75048LT	507
G75087EW	7912
G75082OS	18347
G74609HP	984
G74910NC	20425
G74674RX	28763
G74531CR	17612
G75022UP	28702
G74855SC	7869
G74916CC	4167
G75381NI	3135
G75475RA	1170
G75120WS	5661
G75318VB	19874
G75197HN	10810
G75319OX	516
G75308SV	13808
G75398ZA	14644
G75529YY	1526
G75277CR	11664
G75200TT	1085
G75253BQ	2783
G75415WF	815
G75488YU	19973
G75571YN	28830
G75518WT	5200
G75151NJ	184
G75339KH	3257
G75439BK	40380
G75547TX	9956
G75236EF	1161
G75178DV	3686
G75367YS	1162
G75433IQ	35922
G75185NU	13807
G75448JJ	1621
G75384DE	1984
G75947FL	1509
G75757LG	8074
G75841HO	40497
G75709RV	3190
G75704ZB	1459
G75595FQ	38379
G75902JL	38121
G75839SN	13617
G75586OT	24811
G75584LU	17710
G75599HG	17961
G75712YX	40445
G75824WJ	21481
G75734VP	19005
G75789AR	552
G75701BM	32268
G75825ZR	32269
G75937YG	29410
G75687SF	21559
G75850OP	206
G75905JY	7920
G75671DO	8486
G75817RU	39730
G75959OB	10770
G75896PD	8541
G76245RV	21109
G76108PP	7662
G76548SO	2824
G76136FD	8813
G76478FT	8659
G76431SN	18493
G76370WH	7922
G76544YY	8892
G76489QB	20264
G76389HC	8245
G76195PM	8065
G76104SB	8242
G76355TG	14313
G75999PF	4859
G76154QC	32527
G76483WK	210
G76481US	18451
G76200OU	16222
G76467YN	21797
G76036GS	17585
G76320TN	316
G76081OI	1656
G76241TN	17542
G76384QV	14630
G76073FF	38344
G76439VL	2155
G76931AL	20995
G77058YR	14017
G76907BP	40921
G76680HJ	17508
G76924RW	18259
G77019UJ	557
G77026KL	2885
G77174TF	8851
G76582OA	39450
G76666KS	1282
G76945TE	19848
G77147RP	9798
G76679QH	36052
G76583MP	1230
G77177HT	28975
G76702YY	39489
G76823GQ	17620
G76568UL	1342
G76837VW	2225
G76986JJ	1707
G77166ST	32286
G76705RJ	20860
G76956DJ	9032
G76705YY	32462
G76882CO	36596
G76710EM	40459
G77451BX	19136
G77396HT	1475
G77503IE	21675
G77259GO	16581
G77577HJ	13256
G77481VH	3140
G77632HJ	3315
G77479VH	17824
G77208XM	17974
G77285LE	2237
G77244ZA	3050
G77583AR	195
G77195RI	35852
G77223RQ	998
G77553BJ	10532
G77339RV	11663
G77495MG	29
G77608VQ	19753
G77207RR	24598
G77481LZ	2426
G77498XG	29355
G77593JU	1841
G77384FE	38378
G77426UJ	10533
G77475MM	13913
G77252PU	2382
G77282MO	36102
G77371IZ	16701
G77674IK	511
G77939BF	8222
G77653XA	7668
G78074HX	612
G77824XV	17126
G78034SR	10367
G77915WT	24498
G78000JX	32422
G78030KJ	2483
G77712UR	1093
G77670FL	2930
G77687SU	9864
G78071LY	12921
G78011OA	20305
G77805RB	36103
G77791EJ	8062
G77960OV	7979
G77923PO	10468
G77812KJ	14631
G78059CC	2275
G78003VE	18599
G77828MY	3885
G77743UL	2201
G77638EE	9840
G78098GH	40489
G77861QN	30410
G78056MI	9418
G77639OD	13559
G78155FK	13751
G78519ZX	9835
G78573SR	2603
G78306GH	16509
G78230VU	1090
G78615VF	10237
G78108ZM	17788
G78205EV	9938
G78325SJ	13118
G78347PZ	8261
G78436BB	1739
G78153TS	2705
G78249UI	5230
G78194GB	40387
G78276SQ	1700
G78098IA	2720
G78126EU	11361
G78475DU	8891
G78280YO	39467
G78160OZ	3908
G78434AN	32226
G78368CZ	1029
G78418FI	7933
G78260AJ	16644
G78342SP	20722
G78391CU	19936
G78281SV	1794
G78535NS	15454
G78657XR	35896
G78173WX	7698
G79021WI	35950
G79044TC	8028
G78848UG	40586
G78890OB	14764
G79198HM	18640
G78894EE	3321
G78727VW	38399
G78961ZT	9926
G79083TY	36452
G78956IC	11218
G78885XB	13887
G78929WE	3142
G79037RU	28904
G78695LF	35832
G79066FM	40397
G78915OI	3187
G79172UW	3950
G79083TK	40289
G78809DY	17114
G78980OK	14182
G79084MU	39517
G78818SP	539
G78813BX	1480
G78992FU	10764
G79202GR	9816
G78681QL	17613
G78768UQ	31831
G78944YP	1481
G79018NX	39963
G79368CP	24647
G79646HD	19745
G79536OW	592
G79364BI	2594
G79333MY	5101
G79269OT	16066
G79215ZS	32353
G79345TW	30493
G79520GQ	28804
G79298QI	19956
G79499QH	21145
G79348ZY	13974
G79215KX	3265
G79634CE	9874
G79556AB	13882
G79540ZR	3811
G79457WN	13381
G79595QQ	40741
G79449CY	1951
G79404OF	24670
G79691MO	10315
G79578JB	13919
G79351ZW	20741
G79249GP	21019
G79344MI	13354
G79369FE	29505
G79446WY	1608
G79518SC	24394
G79781PS	28750
G79920MY	17809
G79996DQ	20115
G80047AR	1641
G79702QE	19733
G79809MM	2500
G80068SW	7887
G79976GJ	35949
G79794WE	40561
G79776GW	10207
G79713BZ	14935
G79973CM	16699
G79815MA	30813
G79915IB	20686
G80085KS	8760
G80098ET	24637
G79916NT	39453
G79803HS	13558
G79928VL	16714
G79924QN	20058
G79954CG	20158
G79804QG	38105
G79950YS	10467
G79810PX	24967
G79852UE	8113
G80062GG	1299
G79695ME	2769
G79726HB	39124
G80415EJ	9848
G80434TI	10304
G80147HT	17463
G80264ZA	14511
G80298HR	19638
G80191VM	920
G80343LW	1045
G80200DN	20668
G80474MG	17254
G80393PG	2472
G80163ME	19989
G80368SD	17313
G80126GC	11056
G80508RX	7512
G80153HF	486
G80498RN	17763
G80176YK	20415
G80357KJ	10376
G80537QW	13863
G80147LG	13924
G80498BB	3754
G80202YF	29529
G80193TN	10663
G80268ZC	19660
G80513FH	17529
G80180SI	2054
G80161SF	17544
G80510YA	39685
G80294GH	13819
G80970HC	1863
G81085EP	14517
G80858MF	2620
G80566CZ	1642
G81096RM	10335
G80966KZ	235
G81128IY	1164
G81013EK	17518
G80951VR	8056
G80583XN	28726
G81121OC	17716
G80654ZK	20834
G81060WW	1051
G80719YH	1377
G80552MJ	1455
G80816XP	35796
G81167ZQ	15518
G81182NV	1378
G80610PK	2403
G80555SE	5424
G80829RZ	1834
G81153QC	39307
G80943NY	14636
G80650PW	32423
G80961NE	4530
G81114MS	21488
G80722US	32705
G80637VS	20299
G80923TV	8044
G81328BD	17392
G81220GC	1598
G81345OW	4693
G81408RV	6401
G81356WP	40582
G81328FA	14509
G81294ZY	19693
G81471KU	1270
G81422ZI	8922
G81397LO	14059
G81194MD	28896
G81315DD	1241
G81275AN	12552
G81436EU	1126
G81333SO	39185
G81183YX	1953
G81253FL	2508
G81466NG	21637
G81303NJ	5683
G81380NE	2570
G81356NS	13343
G81229DT	1322
G81430ON	2914
G81240GQ	2164
G81358TE	28884
G81793BO	219
G81738MQ	13611
G81982NW	2992
G81832XS	10758
G82007MU	3845
G81524AY	15900
G81529JB	40543
G81554CS	8978
G81960EK	1632
G81773GO	40412
G81778DU	16991
G81601EB	9851
G81980VO	13498
G81911LP	16711
G81933FO	13522
G81761OR	7656
G81983KG	51
G81912AC	1122
G81873QA	18352
G81541IU	501
G81561UL	21489
G81923ER	13536
G82038RE	17445
G81528UX	33024
G82033VN	14588
G81575FZ	9886
G81608VW	15566
G81915YU	18997
G82216JH	35944
G82207VX	18060
G82529OA	20542
G82348BZ	1643
G82320NZ	13690
G82420SH	13969
G82252QI	10137
G82202JN	2048
G82368PU	16863
G82405LP	24778
G82126PQ	31836
G82106UN	2819
G82393PY	24572
G82195FD	19621
G82209TY	10772
G82221BU	32448
G82556YC	199
G82050MN	13915
G82417CI	40482
G82236PZ	11426
G82081LV	13111
G82458BB	1468
G82312JY	13652
G82085GX	3829
G82487CR	14472
G82169SQ	20485
G82648IS	1084
G82746VF	19207
G82868SO	19814
G82779CI	9368
G82639GQ	14086
G82861UH	13943
G82841UV	8072
G82845MH	19684
G82761BO	18616
G82773SI	1168
G82801WV	21495
G82724NW	18973
G82942ZJ	1248
G82680EC	13405
G82858KU	1297
G82864KM	20293
G82829MF	20600
G82725FS	19446
G82719GT	32273
G82945RR	20555
G82572FN	19770
G82730QA	21002
G82763XK	28970
G82695BC	19064
G82811EP	13854
G82664ZC	18629
G82605IU	40603
G82853YO	5393
G83022ZQ	8118
G83357TS	1555
G83092KU	10743
G83089UA	19949
G83209DI	40856
G83134ZR	11425
G82987BA	11376
G83106XM	18062
G83001FQ	7735
G83161QT	241
G83425EJ	20154
G83312UD	19108
G83412LT	6298
G83402YY	13432
G83062JW	1469
G83351GP	2583
G83078TI	2271
G82950HY	17436
G83155KW	3191
G83350FI	16303
G83252PW	28930
G83248UL	16115
G83313BI	40520
G83433HW	3042
G83131MU	1096
G83600PQ	17822
G83455QZ	18064
G83716SQ	2501
G83644CC	19009
G83945MQ	29475
G83689NL	30709
G83635VI	13474
G83565SN	2022
G83737UD	11816
G83916HL	3966
G83619QP	1092
G83895FM	9783
G83540SE	21287
G83926PC	14619
G83878UZ	13192
G83582BK	8092
G83828KF	35805
G83833IM	15821
G83662TS	12005
G83513YI	593
G83480KI	40650
G83754KL	9119
G83633HB	17686
G83712UA	17302
G83945CT	1562
G83709GS	35828
G83864PP	2664
G83717YJ	25014
G83435CV	1582
G84167AV	19781
G84053BQ	1119
G84287MH	18995
G84390MS	13865
G83958MI	6935
G84052CD	10608
G84163ZT	14566
G84440YT	1115
G83948CA	21103
G84186YN	21502
G84153KU	18976
G84448IT	3104
G84065BX	1972
G84228AV	33275
G84376FR	10460
G84170WO	1057
G84034JH	5437
G84456HG	1128
G84329MX	19782
G84396LL	1636
G84301XG	1173
G84273ZH	2797
G84020NP	971
G84108IZ	38358
G84260SO	20192
G84368MT	32456
G84350SH	18263
G84778XH	13338
G84495HF	1470
G84906AJ	2580
G84678BK	1017
G84536BM	14507
G84622HC	40567
G84504LI	8845
G84874EV	13957
G84712FX	19609
G84674JQ	19011
G84739AM	10184
G84852GW	2114
G84906ML	554
G84882JT	35784
G84808RB	8577
G84887KU	10784
G84501YL	20912
G84629NY	35831
G84718MC	1624
G84467IZ	1453
G84647SC	10969
G84558OA	10334
G84891DZ	1816
G84777MO	14634
G84753IL	18992
G84471AO	2598
G84901UD	39645
G84783YG	7864
G84975VY	32707
G85136IQ	28947
G85101OA	20263
G85041WE	13769
G85226CQ	9846
G85454WJ	16224
G85545IG	17915
G85116XO	14115
G84914ZF	13150
G85302NF	20906
G85159UF	13259
G84996EP	20861
G85485OQ	7732
G85095TB	28917
G85250EQ	29049
G85422ZY	8985
G85542KD	8251
G85284LO	20467
G84964KJ	38222
G85016IG	10864
G85260RY	13855
G84908OR	19586
G85545QE	489
G85121UD	39277
G85471HV	29508
G85458AY	38335
G85046IS	36669
G85106DS	14587
G85460ZG	1015
G85714GY	17569
G85563LA	2597
G85619IU	2110
G85607DC	17466
G85930OB	9134
G85652EW	19865
G85974HF	9815
G85721WE	19198
G85735KR	3879
G85562TB	35901
G86005HP	13843
G85755BV	28770
G85599NG	32288
G85767HW	2941
G85843WY	1110
G85738YX	35880
G85856KC	322
G85750HN	9882
G85953MG	9861
G85620YV	9963
G85838ZJ	19985
G85790MP	10346
G85652RK	28722
G85895SP	10133
G85608AG	14282
G85882GP	40738
G86002PC	13728
G86487TG	20613
G86114KZ	16707
G86414FL	8108
G86280ZQ	40396
G86388AX	3713
G86118KP	9877
G86102AA	13889
G86451IJ	6088
G86157UQ	1150
G86357DX	1246
G86110YJ	17774
G86123DJ	17016
G86083AM	8377
G86102WJ	1018
G86385RC	17425
G86294KR	32509
G86053IC	17505
G86085BW	6284
G86355AM	33943
G86377KB	8127
G86117ZB	7975
G86414TE	28931
G86143FV	2145
G86475BX	32450
G86459PH	1968
G86095OE	14626
G86018QV	9767
G86386QT	17495
G86199GK	17597
G86704VD	38147
G86504RY	19019
G86837CD	1873
G86567NX	17149
G86781KH	19758
G86495BQ	20304
G86646IC	16704
G86522OD	17516
G86566TX	13082
G86591TT	1557
G86792SU	18114
G86750HK	16064
G86801QH	12980
G86681UT	41021
G86730KO	5392
G86770JF	38131
G86606NT	1473
G86681BW	38341
G86490WA	13577
G86718PI	35786
G86700TF	2977
G86861MW	3644
G86805GZ	15553
G86582QF	38794
G86517XT	1041
G86753CK	13867
G86696LV	13866
G86555OF	14238
G86851RC	178
G87063FS	17678
G87377KZ	2435
G87377GM	8483
G86874HJ	9286
G87308QC	21537
G87264NH	7908
G86928UZ	5779
G87164WU	1839
G87073UP	14522
G87107PF	18988
G87320GN	28871
G87124HX	21486
G87205VF	1801
G87051PY	1944
G87174PM	16617
G87217CO	10327
G87217OF	1482
G87138HL	13716
G87136DV	38214
G87236NR	10004
G87309GS	8049
G87273JO	20027
G87256FP	10757
G86912FM	24409
G86881ZW	28767
G86906WK	982
G86952JZ	9779
G86951KU	2788
G86914AE	8838
G87819IQ	10773
G87564QI	11500
G87860OU	16482
G87937HR	28741
G87877ES	71
G87908HE	19954
G87535DG	14239
G87867IZ	4465
G87889ZI	17112
G87690VK	10193
G87777GG	18649
G87784HD	24631
G87645JA	39272
G87773EB	19084
G87668ED	28801
G87507EP	1986
G87921DA	581
G87854BA	19825
G87695KR	17709
G88000AO	7617
G87514QJ	2648
G87457SB	13844
G87557PZ	28983
G87656FV	7955
G88009HX	1856
G88382QE	223
G88127MB	13810
G88242BL	18985
G88393MK	16526
G88435TS	13900
G88380UG	25015
G88313DY	9364
G88014YP	6302
G88321DT	10461
G88329BN	8032
G88194GI	10313
G88122ZQ	19656
G88421PE	2115
G88334IC	10122
G88366YR	3186
G88310CR	8055
G88417ED	13534
G88329MH	10238
G88171EW	17255
G88227QI	18309
G88437QR	2312
G88303DD	14124
G88068QT	17220
G88227HW	9867
G88043PD	10391
G88140NN	35902
G88761ZT	3842
G88573VH	20240
G89036WC	38372
G88784SV	20846
G88948CY	13554
G88800UV	1047
G88708XF	38786
G88749TS	19704
G88500SX	19624
G89034YM	15767
G88675ZE	17752
G88687UE	12056
G88703MC	2615
G88495BI	17394
G88582ZD	13434
G88641WO	40473
G89027OP	10410
G89008DB	20734
G88884NJ	20479
G88461FF	13533
G88455FN	28973
G88734GE	18957
G88876JQ	17482
G88727SH	24428
G88869IJ	17297
G88537BJ	14433
G88725FA	2649
G88469YE	5743
G88605BA	40218
G88641OF	10504
G89378UY	40349
G89074AP	2213
G89364NG	20064
G89532GI	20382
G89323TE	9871
G89168LM	13927
G89565QL	3103
G89144TN	9079
G89293FU	2611
G89058HG	20911
G89398MH	18431
G89290XU	37630
G89058RF	19982
G89325VN	19703
G89285QP	1472
G89345GA	9805
G89466MK	32329
G89481IZ	174
G89039YE	11337
G89523CC	5686
G89117DH	14146
G89333WS	38400
G89143RS	2913
G89279YZ	8042
G89393WA	17307
G89370FG	29011
G89498BT	21472
G89615SV	10812
G89261EQ	19192
G89584RR	9809
G90103MR	32594
G90028HY	40068
G89808TP	8984
G89661WR	35938
G89970IY	36731
G90033AN	19818
G89659QV	601
G89663TB	1040
G89864BN	243
G90017UO	13206
G89993FE	1859
G89736UW	10638
G89865CB	14583
G89637WE	888
G89923TD	2257
G89774MA	1291
G89941FZ	8771
G89673VM	7934
G89877QI	3166
G89643QK	200
G90130AG	14135
G90099GV	855
G89840WM	8557
G89905SH	569
G90142YY	2958
G89834SY	28696
G90107JW	17839
G89799OK	40480
G90146ME	22990
G90858SP	39414
G90703DJ	14677
G90825UM	7782
G90771OP	6304
G90509QW	38150
G90797SN	30044
G90686TN	35910
G90779DH	39208
G90712YJ	1500
G90154FT	8096
G90784AP	8154
G90417DH	7819
G90348RI	225
G90542MP	13858
G90870DG	13384
G90334GI	2604
G90672BM	19790
G90333CG	9096
G90725ZC	6949
G90387AM	7552
G90562PB	133
G90223GH	13994
G90769IN	30616
G90251SV	9556
G90230CI	7991
G90790SM	9810
G90723FE	1829
G90633BY	40398
G91237TK	146
G91074JT	39142
G91068DJ	13732
G91079GH	2704
G90983BT	36730
G91151XY	39649
G91081MA	7515
G91144VS	7886
G91089ZR	1062
G91127OX	2872
G91127OX	2891
G91023GB	2959
G91020ZU	32406
G91161VR	10434
G91156HJ	3132
G90999QY	10616
G90950UC	1046
G90889KG	17393
G91180QG	30331
G90884CI	2613
G90882XB	40891
G91073KG	20960
G91337ZP	14184
G91404LJ	2232
G91390JS	40444
G91345JE	37636
G91240HI	1010
G91311MD	6968
G91388QD	20749
G91312MX	2899
G91247WI	18066
G91365ZQ	205
G91277HN	13590
G91845HM	13497
G91410ZU	10303
G91599FN	20728
G91511MZ	13979
G91704EI	9786
G92024SL	14479
G91409SX	8069
G92042VQ	563
G91684MM	11413
G91518OM	3672
G91413ZX	1713
G91704UR	5148
G91731RP	9875
G92117KA	20122
G91591ER	20282
G92175CL	551
G91731DX	318
G91583AW	13172
G91644JA	40539
G91902KK	15870
G91474EO	10785
G91624CJ	7514
G91905FJ	8140
G92015OM	40247
G91560NT	144
G91532KA	143
G92172MH	40073
G91846CD	2430
G91550OH	14268
G92575UZ	17513
G92574YO	8153
G92296LB	20389
G92358PV	20829
G92232VN	35948
G92612ZM	17854
G92527BY	38348
G92582TM	3778
G92734HI	16223
G92413DG	28716
G92327HS	10379
G92627GM	35192
G92594VG	17772
G92237PN	9049
G92506EC	9803
G92241FG	19801
G92383TF	29020
G92429IK	9939
G92257YN	20808
G92684AL	13618
G92536LD	17431
G92311HB	13125
G92567CF	7999
G92303LR	14754
G92320PF	566
G92219PK	20302
G92337QR	36100
G92777SG	38365
G93209OB	2739
G93301VQ	8562
G93319SH	16706
G93164KQ	24711
G93374GV	40381
G93310KW	1465
G93320VA	1446
G92848CF	14645
G92848QA	18657
G93279TH	18623
G93210GW	1341
G93204KY	33048
G93290WH	2806
G92795CJ	4933
G93450TT	38229
G93088EE	40918
G92814LI	4532
G92908SH	40516
G93029JO	24186
G92805XC	1723
G93450CE	12055
G93446UA	18963
G93044HC	40453
G93148GC	20872
G93160RG	6308
G93152RZ	40401
G93324RN	40731
G92786VA	19342
G93400AK	4705
G93412AQ	35814
G93470LV	10123
G93839ET	20246
G93624ZP	24569
G93816OI	9845
G93670TR	16300
G93780IW	35822
G93507IP	1884
G93520MA	18122
G93607TQ	3812
G93758YP	21483
G93575MM	18368
G93646CO	20894
G93707PO	38350
G93583AH	17670
G93520OM	499
G93516TF	24208
G93694YU	963
G93460NV	32301
G93720QH	40219
G93746CY	19066
G93602DI	10606
G93638TT	9819
G93686CT	17565
G93802CF	6283
G93819BH	28926
G93500PH	190
G93638BI	17486
G93692VT	10609
G93788SW	11812
G93553MJ	8073
G93922AL	16254
G94394GK	13912
G94363RH	14650
G94047VH	13853
G93955WL	10476
G93912GK	39232
G94156YI	10083
G93891IZ	3139
G93899AU	17047
G94019IV	21509
G93984MO	2658
G93861MS	17305
G93871LV	8576
G93869JB	17532
G94241OT	24609
G94106MV	233
G94407CM	19896
G94045IP	13841
G94342QN	2165
G94232LU	2667
G94085FI	10482
G94116NC	20076
G93906VI	20089
G94423NC	19873
G94278FQ	10038
G94163JZ	14512
G94013XT	17679
G94470QH	16919
G94498MI	3365
G94748CQ	13341
G94806YM	32449
G94436UW	16301
G94531EZ	8147
G94798MK	1975
G94736EY	39642
G94773HW	41029
G94562LS	3112
G94610SC	13892
G94770AN	10162
G94733WZ	5663
G94449IF	35792
G94626GC	5066
G94468TS	1597
G94734OT	13933
G94718HG	10851
G94827SR	5417
G94566ZN	19058
G94804ZC	39793
G94705OR	18258
G94610QX	19721
G94809SW	24625
G94559IJ	13496
G94481KZ	13719
G94626AX	19780
G94615OV	10361
G94435QH	3013
G94547KR	1615
G94816EL	39965
G95336MK	227
G94926TV	18993
G95166FG	35939
G94979RS	38347
G95382MF	24574
G95086RV	2596
G94946LG	20319
G95227SJ	18366
G95333ZG	20999
G95251MI	28805
G95109CV	20259
G95298UR	13453
G95393JS	13821
G95440SV	21500
G95335FK	28827
G95200WW	11433
G95260HV	32452
G95437AC	4528
G95014LS	10738
G95223JW	5747
G95375WT	3084
G95420RF	4526
G95186HE	19104
G95151JF	19945
G95462VZ	8066
G95334YI	18351
G95357RI	859
G94923PG	4371
G94850KK	11168
G95222PD	19998
G95142MK	3141
G95658PH	14080
G95639RD	18954
G95677OZ	13668
G95617FJ	7752
G95924JX	16864
G95619PX	9823
G95542JQ	14574
G95898GD	13954
G95919TI	14304
G95739UA	10386
G95490LA	9094
G95537KQ	10183
G95528UC	2005
G95882HX	2794
G95786NX	24737
G95910WJ	19626
G95713LQ	32355
G95536UW	39184
G95584MN	32510
G95491GH	33946
G95616YE	7520
G95567CI	504
G95788IL	29555
G95901MC	4716
G95589FK	18496
G95473VJ	1491
G95655OA	39214
G95801EZ	10326
G95695ZV	13427
G96175KT	24686
G96251ED	10199
G96359AD	9383
G96349RY	18413
G96024GG	13698
G96283OE	17441
G96223WK	38336
G96235XM	14610
G96091LW	5150
G96364RV	2784
G96081GH	21469
G95952ST	19700
G95994EE	19743
G96122UB	20013
G95984JN	32246
G95956WE	8824
G95997CK	28849
G96010OZ	19845
G96004HC	19839
G96168ED	2004
G96225KT	999
G96045AL	8811
G96214EI	8652
G96063MG	13532
G96057TO	2802
G95963DM	14038
G96153DN	13585
G96113SZ	14245
G96079QX	8843
G96017QA	2233
G96794ZC	19623
G96852FA	18423
G96841SQ	1640
G96579KL	40437
G96445EY	9784
G96717WN	9765
G96570OI	3109
G96861IW	28898
G96881BQ	1551
G96674LJ	14089
G96839UN	189
G96401FK	602
G96746BC	10306
G96417PJ	4134
G96596OC	6890
G96894DL	28951
G96538JO	1842
G96738MG	4538
G96797OU	2036
G96834JC	2823
G96768SN	28792
G96463EY	17582
G96370EB	13393
G96709CX	3715
G96503EZ	13862
G96758WF	10435
G96439CH	9806
G96719MC	13872
G96823NW	16861
G96681ZB	16507
G97109LT	19023
G97423PY	9751
G97130PD	18620
G96915NW	9855
G96988DW	40484
G97453GF	14505
G97353GO	10245
G97304IA	441
G97413OV	35937
G96963QG	13955
G96896RL	32516
G97455PT	8879
G97352VJ	18610
G97212ZE	20032
G96919WB	13626
G96921ZU	217
G97452SL	20241
G97023FS	5735
G96916QO	18272
G97123TW	32332
G97123IR	15565
G97051EO	8947
G97083VO	24504
G97317HP	40447
G96906RY	28685
G97185IQ	20251
G97436XI	11171
G96932XT	19898
G97168TC	2212
G97292GW	562
G97480VZ	16943
G97709WW	7948
G98207CW	19652
G97607IA	35924
G98140IX	2278
G97842ZO	32347
G97938ZK	40763
G97953NC	17450
G98115AV	14498
G98030BR	39410
G97548TA	33274
G97904NO	4467
G97874DV	525
G97489LK	10721
G97523ON	24600
G98217YG	39648
G98132BH	28693
G97575FW	18618
G98066UT	36595
G98212GQ	2272
G97975GF	5687
G97894OW	18274
G97501MA	531
G97674NY	13576
G97948YW	1498
G97908CK	33944
G98073MH	19807
G97569KL	559
G97765TT	14235
G97720QM	13962
G97553BW	4540
G97895RK	36640
G98549NZ	8842
G98366ZJ	13602
G98512CR	10567
G98559XP	222
G98393IW	10755
G98327TQ	32649
G98223HN	18245
G98565KP	10465
G98712QJ	17570
G98308VA	6301
G98452OT	32459
G98728LU	40167
G98304AO	8097
G98654DA	1949
G98338IO	2125
G98535LH	41018
G98544DH	132
G98726UE	784
G98615GD	19854
G98419CX	2662
G98490BN	1134
G98369DU	35201
G98318PN	17098
G98398TH	2807
G98465JN	2076
G98292JT	20536
G98335IX	3871
G98417SQ	10741
G98516BG	39280
G98855LF	20347
G99229VQ	9278
G98878RR	24920
G99141XX	28860
G99129GB	1019
G98736SM	38387
G98863OA	40522
G98900YM	11499
G98862GW	13428
G98906LL	20457
G98961TI	29006
G99067GT	30535
G99078IR	18612
G99165YY	31365
G98899DA	33271
G98894JN	21504
G98950NS	29331
G98903TR	40409
G99074EO	13951
G98795OG	7891
G99019LG	1936
G99053DY	590
G98809PE	13379
G98790NR	21001
G99026RX	7756
G99382AP	29188
G99374NI	8093
G99403QU	19647
G99372TR	9279
G99182WQ	19824
G99269VI	17082
G99264QJ	6139
G99516QU	4132
G99270AV	13905
G99448WD	32285
G99306JE	19167
G99580PT	15788
G99622IJ	17708
G99524KA	142
G99503MW	20186
G99507PM	8260
G99506BB	16212
G99510WI	21572
G99309EE	8223
G99315PE	3014
G99312NX	1308
G99419FW	36039
G99603GB	13466
G99533GU	13795
G99595YZ	10200
G99568AR	18970
G99373GG	2456
G99502WP	19830
G99626QO	1461
G99689NZ	40435
G99651QK	32274
G99669MJ	1283
G99770NO	14495
G99796NW	19877
G99753FF	11521
G99729IU	28838
G99831DA	40373
G99772FN	1384
G99991IU	4248
G99647DZ	2023
G99956MJ	9787
G99858XP	1249
G99829YW	13407
G99954IG	198
G99954ZJ	14147
G99909LZ	1536
G99629BM	20280
G99849MX	2715
G99969SS	13655
G99866WK	3169
G99927HL	4535
