GlyTouCanAccession	GlycoShapeAccession
G00009BX	G00009BX
G00012MO	G00012MO
G00026MO	G00026MO
G00028MO	G00028MO
G00031MO	G00031MO
G00032MO	G00032MO
G00033MO	G00033MO
G00034MO	G00034MO
G00035MO	G00035MO
G00036MO	G00036MO
G00037MO	G00037MO
G00038MO	G00038MO
G00039MO	G00039MO
G00040MO	G00040MO
G00041MO	G00041MO
G00042MO	G00042MO
G00043MO	G00043MO
G00044MO	G00044MO
G00046MO	G00046MO
G00048MO	G00048MO
G00049MO	G00049MO
G00050MO	G00050MO
G00051MO	G00051MO
G00052MO	G00052MO
G00053MO	G00053MO
G00054MO	G00054MO
G00055MO	G00055MO
G00056MO	G00056MO
G00057MO	G00057MO
G00058MO	G00058MO
G00059MO	G00059MO
G00061MO	G00061MO
G00065MO	G00065MO
G00066MO	G00066MO
G00068MO	G00068MO
G00069MO	G00069MO
G00070MO	G00070MO
G00071MO	G00071MO
G00076PK	G00076PK
G00091RT	G00091RT
G00234MX	G00234MX
G00294TN	G00294TN
G00298HY	G00298HY
G00330GX	G00330GX
G00348IY	G00348IY
G00362UY	G00362UY
G00395TQ	G00395TQ
G00432WW	G00432WW
G00454PR	G00454PR
G00458CW	G00458CW
G00496OX	G00496OX
G00506NQ	G00506NQ
G00590OY	G00590OY
G00619DD	G00619DD
G00659GQ	G00659GQ
G00669WU	G00669WU
G00672PE	G00672PE
G00721IC	G00721IC
G00883ZT	G00883ZT
G00891MP	G00891MP
G00900AZ	G00900AZ
G00924FH	G00924FH
G01002UX	G01002UX
G01040ZV	G01040ZV
G01111PL	G01111PL
G01125EE	G01125EE
G01265XZ	G01265XZ
G01269WV	G01269WV
G01347XI	G01347XI
G01457KB	G01457KB
G01534TU	G01534TU
G01571OF	G01571OF
G01614ZM	G01614ZM
G01633SK	G01633SK
G01701XV	G01701XV
G01706RV	G01706RV
G01714NT	G01714NT
G01716PR	G01716PR
G01758EA	G01758EA
G01759NM	G01759NM
G01767JJ	G01767JJ
G01854VF	G01854VF
G01935FK	G01935FK
G01999JH	G01999JH
G02080UT	G02080UT
G02273DT	G02273DT
G02278OY	G02278OY
G02407HJ	G02407HJ
G02609KH	G02609KH
G02657AK	G02657AK
G02657CQ	G02657CQ
G02684WR	G02684WR
G02747VH	G02747VH
G02776UX	G02776UX
G02890GO	G02890GO
G02964AX	G02964AX
G02998EX	G02998EX
G03044ED	G03044ED
G03067VG	G03067VG
G03071KV	G03071KV
G03091JW	G03091JW
G03093CG	G03093CG
G03144EF	G03144EF
G03177DI	G03177DI
G03198VN	G03198VN
G03213SR	G03213SR
G03277YI	G03277YI
G03346FO	G03346FO
G03499BP	G03499BP
G03506YN	G03506YN
G03520RT	G03520RT
G03562FD	G03562FD
G03593VH	G03593VH
G03595ET	G03595ET
G03600YM	G03600YM
G03618AD	G03618AD
G03692FN	G03692FN
G03744SM	G03744SM
G03758EG	G03758EG
G03829ED	G03829ED
G03852KN	G03852KN
G03855LZ	G03855LZ
G04020TN	G04020TN
G04118VH	G04118VH
G04196SD	G04196SD
G04216GB	G04216GB
G04267XF	G04267XF
G04353BC	G04353BC
G04387LP	G04387LP
G04414GO	G04414GO
G04433GV	G04433GV
G04477MN	G04477MN
G04497XO	G04497XO
G04506OA	G04506OA
G04527KW	G04527KW
G04536JV	G04536JV
G04576KS	G04576KS
G04624DG	G04624DG
G04658QB	G04658QB
G04690JX	G04690JX
G04706FE	G04706FE
G04734NA	G04734NA
G04801PW	G04801PW
G04816EV	G04816EV
G04818NV	G04818NV
G04847LU	G04847LU
G04897YL	G04897YL
G04921DS	G04921DS
G04949TM	G04949TM
G05026ZL	G05026ZL
G05095BA	G05095BA
G05252XR	G05252XR
G05285GQ	G05285GQ
G05336WP	G05336WP
G05356QG	G05356QG
G05384EB	G05384EB
G05395QK	G05395QK
G05504UI	G05504UI
G05543BI	G05543BI
G05564UH	G05564UH
G05596LB	G05596LB
G05644LC	G05644LC
G05901XB	G05901XB
G05908GN	G05908GN
G05970FR	G05970FR
G06043RU	G06043RU
G06171MB	G06171MB
G06239NA	G06239NA
G06368SM	G06368SM
G06445NF	G06445NF
G06615QC	G06615QC
G06661NM	G06661NM
G06718AD	G06718AD
G06755AP	G06755AP
G06873PC	G06873PC
G06898ZN	G06898ZN
G06953DR	G06953DR
G06979ME	G06979ME
G07045AZ	G07045AZ
G07194HK	G07194HK
G07218NO	G07218NO
G07265MJ	G07265MJ
G07278EM	G07278EM
G07360NF	G07360NF
G07392QY	G07392QY
G07447EL	G07447EL
G07483YN	G07483YN
G07505DF	G07505DF
G07617FP	G07617FP
G07670VS	G07670VS
G07675NG	G07675NG
G07696MJ	G07696MJ
G07786FJ	G07786FJ
G07786UX	G07786UX
G07787KV	G07787KV
G07800DZ	G07800DZ
G07835SR	G07835SR
G07907HC	G07907HC
G07978HT	G07978HT
G07982LO	G07982LO
G07995VK	G07995VK
G08002FG	G08002FG
G08076GV	G08076GV
G08214IK	G08214IK
G08244QK	G08244QK
G08380SA	G08380SA
G08467JA	G08467JA
G08479WZ	G08479WZ
G08485PW	G08485PW
G08520NM	G08520NM
G08648UJ	G08648UJ
G08863NS	G08863NS
G08872UM	G08872UM
G08882LF	G08882LF
G08892TX	G08892TX
G08961VV	G08961VV
G09106ES	G09106ES
G09127IA	G09127IA
G09236AJ	G09236AJ
G09245VW	G09245VW
G09263FO	G09263FO
G09276TA	G09276TA
G09326PI	G09326PI
G09446VC	G09446VC
G09482NW	G09482NW
G09494DM	G09494DM
G09507TI	G09507TI
G09511OW	G09511OW
G09552LA	G09552LA
G09557SC	G09557SC
G09575SG	G09575SG
G09672TL	G09672TL
G09724ZC	G09724ZC
G10016UC	G10016UC
G10112UU	G10112UU
G10158SF	G10158SF
G10219AA	G10219AA
G10236SI	G10236SI
G10292TC	G10292TC
G10325PN	G10325PN
G10377CG	G10377CG
G10488WF	G10488WF
G10497UB	G10497UB
G10536EY	G10536EY
G11012NG	G11012NG
G11013SD	G11013SD
G11034PZ	G11034PZ
G11041DA	G11041DA
G11042HO	G11042HO
G11065GA	G11065GA
G11102NL	G11102NL
G11173HB	G11173HB
G11177IB	G11177IB
G11269GG	G11269GG
G11286JG	G11286JG
G11353QQ	G11353QQ
G11365AH	G11365AH
G11460AB	G11460AB
G11482PS	G11482PS
G11535IB	G11535IB
G11541AS	G11541AS
G11546AX	G11546AX
G11589YK	G11589YK
G11613BV	G11613BV
G11679HJ	G11679HJ
G11687NW	G11687NW
G11882UK	G11882UK
G11932OH	G11932OH
G12107VP	G12107VP
G12122TT	G12122TT
G12132AZ	G12132AZ
G12201VG	G12201VG
G12295TB	G12295TB
G12393CD	G12393CD
G12396GB	G12396GB
G12426VA	G12426VA
G12593TX	G12593TX
G12614YL	G12614YL
G12637NN	G12637NN
G12788PX	G12788PX
G12878WE	G12878WE
G12885FH	G12885FH
G12893IS	G12893IS
G12902SM	G12902SM
G13047JW	G13047JW
G13113SB	G13113SB
G13181ZZ	G13181ZZ
G13393XR	G13393XR
G13524RK	G13524RK
G13577LP	G13577LP
G13985ZF	G13985ZF
G14047PA	G14047PA
G14052TA	G14052TA
G14139BU	G14139BU
G14188TW	G14188TW
G14190WK	G14190WK
G14375KO	G14375KO
G14383IU	G14383IU
G14632ZD	G14632ZD
G14651IZ	G14651IZ
G14787DY	G14787DY
G14843DJ	G14843DJ
G14844CX	G14844CX
G14853GY	G14853GY
G14876IZ	G14876IZ
G14882GG	G14882GG
G14900XK	G14900XK
G14920YO	G14920YO
G14969CU	G14969CU
G15003XX	G15003XX
G15103WJ	G15103WJ
G15235WP	G15235WP
G15257LR	G15257LR
G15268QU	G15268QU
G15403UF	G15403UF
G15407YE	G15407YE
G15541SE	G15541SE
G15611BA	G15611BA
G15626ED	G15626ED
G15717HW	G15717HW
G15783GA	G15783GA
G15807NZ	G15807NZ
G16119YF	G16119YF
G16258KS	G16258KS
G16274HY	G16274HY
G16404NW	G16404NW
G16404YH	G16404YH
G16438UK	G16438UK
G16476DW	G16476DW
G16552HD	G16552HD
G16579HJ	G16579HJ
G16588UI	G16588UI
G16636QX	G16636QX
G16637HE	G16637HE
G16744RC	G16744RC
G16759KR	G16759KR
G16777TF	G16777TF
G16794FO	G16794FO
G17024OR	G17024OR
G17133DO	G17133DO
G17329HU	G17329HU
G17425GC	G17425GC
G17452MS	G17452MS
G17473NR	G17473NR
G17475KI	G17475KI
G17480GI	G17480GI
G17526EP	G17526EP
G17594CH	G17594CH
G17601US	G17601US
G17658XE	G17658XE
G17689DH	G17689DH
G17744LA	G17744LA
G17800XL	G17800XL
G17863YV	G17863YV
G17882EL	G17882EL
G17931AG	G17931AG
G17940ZL	G17940ZL
G17963KW	G17963KW
G17998SL	G17998SL
G18193SZ	G18193SZ
G18233KV	G18233KV
G18391PU	G18391PU
G18495FA	G18495FA
G18512IC	G18512IC
G18571KJ	G18571KJ
G18604DH	G18604DH
G18625KA	G18625KA
G18712XX	G18712XX
G18859KD	G18859KD
G18871XZ	G18871XZ
G18938DW	G18938DW
G18948TG	G18948TG
G19083VU	G19083VU
G19144GN	G19144GN
G19155YN	G19155YN
G19198CR	G19198CR
G19375AT	G19375AT
G19444JC	G19444JC
G19454WY	G19454WY
G19456TQ	G19456TQ
G19490AF	G19490AF
G19524AS	G19524AS
G19525AM	G19525AM
G19606QV	G19606QV
G19668FQ	G19668FQ
G19689QF	G19689QF
G19697PM	G19697PM
G19777WI	G19777WI
G19790PJ	G19790PJ
G19806ZW	G19806ZW
G19829VK	G19829VK
G19841IT	G19841IT
G19848FD	G19848FD
G19865CT	G19865CT
G19958IL	G19958IL
G19968XU	G19968XU
G19979XJ	G19979XJ
G20030CU	G20030CU
G20044TD	G20044TD
G20059NZ	G20059NZ
G20160SB	G20160SB
G20169US	G20169US
G20190VL	G20190VL
G20253QO	G20253QO
G20268UK	G20268UK
G20269DJ	G20269DJ
G20274PP	G20274PP
G20322UZ	G20322UZ
G20378LH	G20378LH
G20457KL	G20457KL
G20539AG	G20539AG
G20692KB	G20692KB
G20744UW	G20744UW
G20749KW	G20749KW
G20768QM	G20768QM
G20835CN	G20835CN
G21007OV	G21007OV
G21067JW	G21067JW
G21203GT	G21203GT
G21219CJ	G21219CJ
G21264BB	G21264BB
G21290RB	G21290RB
G21311YA	G21311YA
G21406HC	G21406HC
G21412CQ	G21412CQ
G21469TE	G21469TE
G21489VK	G21489VK
G21518JT	G21518JT
G21564HN	G21564HN
G21572FM	G21572FM
G21845NG	G21845NG
G21847RB	G21847RB
G21856LC	G21856LC
G21859TY	G21859TY
G21920UI	G21920UI
G21971UP	G21971UP
G21986FE	G21986FE
G22011DS	G22011DS
G22185MF	G22185MF
G22252FR	G22252FR
G22260HK	G22260HK
G22262VS	G22262VS
G22306HH	G22306HH
G22351RY	G22351RY
G22478ZB	G22478ZB
G22529YL	G22529YL
G22533OA	G22533OA
G22566WO	G22566WO
G22603VZ	G22603VZ
G22678XU	G22678XU
G22701RO	G22701RO
G22732DH	G22732DH
G22732RT	G22732RT
G22768VO	G22768VO
G22871NC	G22871NC
G22880KN	G22880KN
G22893MK	G22893MK
G22917YC	G22917YC
G23021IW	G23021IW
G23023HU	G23023HU
G23026QZ	G23026QZ
G23068ZB	G23068ZB
G23094JF	G23094JF
G23119MJ	G23119MJ
G23347CS	G23347CS
G23422DM	G23422DM
G23436FC	G23436FC
G23447MZ	G23447MZ
G23491CM	G23491CM
G23546HG	G23546HG
G23681XP	G23681XP
G23706QF	G23706QF
G23707SD	G23707SD
G23773CP	G23773CP
G23796IQ	G23796IQ
G23799GS	G23799GS
G23819TW	G23819TW
G23849BG	G23849BG
G23980PE	G23980PE
G24090VR	G24090VR
G24100LD	G24100LD
G24124EW	G24124EW
G24142JB	G24142JB
G24260RG	G24260RG
G24267OV	G24267OV
G24366RG	G24366RG
G24432YB	G24432YB
G24620AI	G24620AI
G24646NC	G24646NC
G24694RX	G24694RX
G24720OO	G24720OO
G24755EK	G24755EK
G24760XQ	G24760XQ
G24953KB	G24953KB
G24957GS	G24957GS
G24970UY	G24970UY
G24990UB	G24990UB
G24994OK	G24994OK
G25000OT	G25000OT
G25069TE	G25069TE
G25095CM	G25095CM
G25127JU	G25127JU
G25216QA	G25216QA
G25322NY	G25322NY
G25355GN	G25355GN
G25361DH	G25361DH
G25369MO	G25369MO
G25407RZ	G25407RZ
G25416CE	G25416CE
G25499LZ	G25499LZ
G25505UF	G25505UF
G25559RS	G25559RS
G25682YL	G25682YL
G25699LZ	G25699LZ
G25761WW	G25761WW
G25821ZR	G25821ZR
G25865NX	G25865NX
G25940DW	G25940DW
G26123AX	G26123AX
G26133AM	G26133AM
G26136SJ	G26136SJ
G26166QH	G26166QH
G26192RP	G26192RP
G26203DP	G26203DP
G26221DG	G26221DG
G26237YH	G26237YH
G26238GL	G26238GL
G26274XD	G26274XD
G26275JI	G26275JI
G26295XE	G26295XE
G26366JF	G26366JF
G26405FM	G26405FM
G26529EC	G26529EC
G26596ON	G26596ON
G26629OM	G26629OM
G26629TM	G26629TM
G27001IV	G27001IV
G27011YI	G27011YI
G27014FJ	G27014FJ
G27169KC	G27169KC
G27170BX	G27170BX
G27243GN	G27243GN
G27476OM	G27476OM
G27734JF	G27734JF
G27776PG	G27776PG
G27783HI	G27783HI
G27802LV	G27802LV
G27818GJ	G27818GJ
G27893KR	G27893KR
G27901SD	G27901SD
G27919IH	G27919IH
G28052FT	G28052FT
G28148HG	G28148HG
G28185IZ	G28185IZ
G28248MC	G28248MC
G28291VA	G28291VA
G28298VW	G28298VW
G28441WA	G28441WA
G28478RU	G28478RU
G28553JC	G28553JC
G28600QE	G28600QE
G28663KH	G28663KH
G28691NY	G28691NY
G28694FA	G28694FA
G28814ND	G28814ND
G28868ZC	G28868ZC
G28885XK	G28885XK
G28954HQ	G28954HQ
G29011KL	G29011KL
G29068IK	G29068IK
G29140EJ	G29140EJ
G29159BL	G29159BL
G29183GB	G29183GB
G29276DW	G29276DW
G29316WB	G29316WB
G29339IQ	G29339IQ
G29427FS	G29427FS
G29440SE	G29440SE
G29487JS	G29487JS
G29527VW	G29527VW
G29546CR	G29546CR
G29548YX	G29548YX
G29681BP	G29681BP
G29703NT	G29703NT
G29741BF	G29741BF
G29879FQ	G29879FQ
G29966LR	G29966LR
G30056KC	G30056KC
G30110UW	G30110UW
G30207PZ	G30207PZ
G30208IA	G30208IA
G30212HV	G30212HV
G30284MN	G30284MN
G30309QX	G30309QX
G30331AP	G30331AP
G30370YC	G30370YC
G30404IO	G30404IO
G30431XW	G30431XW
G30460NZ	G30460NZ
G30502VG	G30502VG
G30648VY	G30648VY
G30737ZF	G30737ZF
G30781KG	G30781KG
G31087MR	G31087MR
G31119YY	G31119YY
G31377ER	G31377ER
G31385PY	G31385PY
G31429YW	G31429YW
G31612WK	G31612WK
G31734OS	G31734OS
G31824MM	G31824MM
G31976RQ	G31976RQ
G31984FM	G31984FM
G32081WS	G32081WS
G32114AT	G32114AT
G32152BH	G32152BH
G32156ZV	G32156ZV
G32167RW	G32167RW
G32254QI	G32254QI
G32387AH	G32387AH
G32580WO	G32580WO
G32601MJ	G32601MJ
G32617ZX	G32617ZX
G32722PR	G32722PR
G32723SL	G32723SL
G32776KY	G32776KY
G32801HX	G32801HX
G32910OR	G32910OR
G32930BG	G32930BG
G32952DG	G32952DG
G32967PZ	G32967PZ
G33129LQ	G33129LQ
G33159AG	G33159AG
G33184LI	G33184LI
G33227IS	G33227IS
G33278DK	G33278DK
G33334QS	G33334QS
G33347FM	G33347FM
G33368QU	G33368QU
G33391ZV	G33391ZV
G33476GF	G33476GF
G33501SL	G33501SL
G33506JS	G33506JS
G33528AU	G33528AU
G33589SN	G33589SN
G33662YL	G33662YL
G33772BZ	G33772BZ
G33817VA	G33817VA
G34129PR	G34129PR
G34234AZ	G34234AZ
G34318OB	G34318OB
G34343FT	G34343FT
G34356AA	G34356AA
G34376NH	G34376NH
G34491AS	G34491AS
G34499SX	G34499SX
G34592BE	G34592BE
G34650EM	G34650EM
G34742RW	G34742RW
G34764BK	G34764BK
G34816WQ	G34816WQ
G34944JL	G34944JL
G34962RK	G34962RK
G35061DQ	G35061DQ
G35184TV	G35184TV
G35234CM	G35234CM
G35257SQ	G35257SQ
G35324PX	G35324PX
G35369ST	G35369ST
G35408LA	G35408LA
G35446HX	G35446HX
G35569VL	G35569VL
G35594BH	G35594BH
G35778AN	G35778AN
G35839XA	G35839XA
G35879BG	G35879BG
G35986YT	G35986YT
G35988TF	G35988TF
G36123IU	G36123IU
G36191CD	G36191CD
G36191EH	G36191EH
G36264SN	G36264SN
G36377WQ	G36377WQ
G36399IB	G36399IB
G36414FS	G36414FS
G36443XA	G36443XA
G36476BA	G36476BA
G36519NW	G36519NW
G36603AX	G36603AX
G36672CQ	G36672CQ
G36691KB	G36691KB
G36712XC	G36712XC
G36855WW	G36855WW
G36909XX	G36909XX
G37126IL	G37126IL
G37135JQ	G37135JQ
G37239FO	G37239FO
G37305PC	G37305PC
G37369YO	G37369YO
G37383BH	G37383BH
G37385IT	G37385IT
G37463LT	G37463LT
G37636YK	G37636YK
G37703SF	G37703SF
G37774ZQ	G37774ZQ
G37805DA	G37805DA
G37830TX	G37830TX
G37862DQ	G37862DQ
G37957OL	G37957OL
G37997SE	G37997SE
G38100FX	G38100FX
G38141KL	G38141KL
G38187KY	G38187KY
G38229RW	G38229RW
G38310GJ	G38310GJ
G38507HK	G38507HK
G38695WE	G38695WE
G38852IM	G38852IM
G38883QO	G38883QO
G38887NC	G38887NC
G38958GL	G38958GL
G38999IM	G38999IM
G39018CC	G39018CC
G39023AU	G39023AU
G39025OC	G39025OC
G39037TZ	G39037TZ
G39074KN	G39074KN
G39130DL	G39130DL
G39136RY	G39136RY
G39213VZ	G39213VZ
G39294YF	G39294YF
G39321UZ	G39321UZ
G39408YK	G39408YK
G39567LQ	G39567LQ
G39578OU	G39578OU
G39738WL	G39738WL
G39767HX	G39767HX
G39809LE	G39809LE
G39890DX	G39890DX
G39904UT	G39904UT
G39992DR	G39992DR
G39995KJ	G39995KJ
G40065EM	G40065EM
G40067QO	G40067QO
G40104OM	G40104OM
G40183QN	G40183QN
G40289RO	G40289RO
G40294VQ	G40294VQ
G40609EP	G40609EP
G40650WW	G40650WW
G40696TO	G40696TO
G40702WU	G40702WU
G40707RU	G40707RU
G40764VP	G40764VP
G40768MU	G40768MU
G40804BH	G40804BH
G40906DZ	G40906DZ
G40945TN	G40945TN
G40990LB	G40990LB
G41052GC	G41052GC
G41085KZ	G41085KZ
G41132AR	G41132AR
G41179DF	G41179DF
G41245OZ	G41245OZ
G41359DB	G41359DB
G41510DX	G41510DX
G41553RU	G41553RU
G41574UI	G41574UI
G41576FY	G41576FY
G41876BL	G41876BL
G42049JU	G42049JU
G42075WT	G42075WT
G42089IU	G42089IU
G42248RC	G42248RC
G42380GI	G42380GI
G42545LJ	G42545LJ
G42552PM	G42552PM
G42640LE	G42640LE
G42649FB	G42649FB
G42666HT	G42666HT
G42674LI	G42674LI
G42680EX	G42680EX
G42727QA	G42727QA
G42779TD	G42779TD
G42924MA	G42924MA
G42956UG	G42956UG
G42967FG	G42967FG
G43042LE	G43042LE
G43097FM	G43097FM
G43105RN	G43105RN
G43113YA	G43113YA
G43135VQ	G43135VQ
G43191LZ	G43191LZ
G43230HK	G43230HK
G43242UV	G43242UV
G43280XO	G43280XO
G43416JO	G43416JO
G43438SM	G43438SM
G43486EV	G43486EV
G43509OH	G43509OH
G43521WO	G43521WO
G43534QA	G43534QA
G43547MI	G43547MI
G43639BV	G43639BV
G43687MV	G43687MV
G43804GS	G43804GS
G43818LO	G43818LO
G43828TT	G43828TT
G43872OD	G43872OD
G43891JJ	G43891JJ
G43985JK	G43985JK
G44093TU	G44093TU
G44191VM	G44191VM
G44207QF	G44207QF
G44343EV	G44343EV
G44362TS	G44362TS
G44450RW	G44450RW
G44500MG	G44500MG
G44634YI	G44634YI
G44738JR	G44738JR
G44743IQ	G44743IQ
G44826KU	G44826KU
G44865OQ	G44865OQ
G44953KX	G44953KX
G45003JO	G45003JO
G45058HZ	G45058HZ
G45086UC	G45086UC
G45114GN	G45114GN
G45209NR	G45209NR
G45344EA	G45344EA
G45434YK	G45434YK
G45484YR	G45484YR
G45526DW	G45526DW
G45553WK	G45553WK
G45560HM	G45560HM
G45596OR	G45596OR
G45598BE	G45598BE
G45712YX	G45712YX
G45714BQ	G45714BQ
G45715QI	G45715QI
G45718WR	G45718WR
G45792OQ	G45792OQ
G45796AX	G45796AX
G45889JQ	G45889JQ
G46026IB	G46026IB
G46055MA	G46055MA
G46171QF	G46171QF
G46227HN	G46227HN
G46241AF	G46241AF
G46340EI	G46340EI
G46385MK	G46385MK
G46677TE	G46677TE
G46776WR	G46776WR
G46816YG	G46816YG
G46836GH	G46836GH
G46854VN	G46854VN
G46986BM	G46986BM
G47058RI	G47058RI
G47076UN	G47076UN
G47166ZR	G47166ZR
G47195EY	G47195EY
G47212KG	G47212KG
G47300FW	G47300FW
G47333HV	G47333HV
G47362BJ	G47362BJ
G47548GA	G47548GA
G47763TG	G47763TG
G47772RH	G47772RH
G47816DI	G47816DI
G47829CW	G47829CW
G47863IJ	G47863IJ
G47920WV	G47920WV
G47976ZQ	G47976ZQ
G48040YP	G48040YP
G48115DD	G48115DD
G48148JS	G48148JS
G48273MK	G48273MK
G48369JO	G48369JO
G48488XT	G48488XT
G48558GR	G48558GR
G48683SA	G48683SA
G48730FR	G48730FR
G48791KW	G48791KW
G48898TH	G48898TH
G49035YR	G49035YR
G49108TO	G49108TO
G49228QV	G49228QV
G49277CJ	G49277CJ
G49418IP	G49418IP
G49503QY	G49503QY
G49524AZ	G49524AZ
G49613CY	G49613CY
G49708ZB	G49708ZB
G49721KD	G49721KD
G49776YI	G49776YI
G49936GP	G49936GP
G50008TR	G50008TR
G50078RT	G50078RT
G50198YU	G50198YU
G50255MS	G50255MS
G50281RU	G50281RU
G50297NI	G50297NI
G50463MY	G50463MY
G50538IF	G50538IF
G50584UT	G50584UT
G50638US	G50638US
G50645ZL	G50645ZL
G50850NI	G50850NI
G50882AV	G50882AV
G51004EY	G51004EY
G51007QO	G51007QO
G51033FK	G51033FK
G51041MW	G51041MW
G51050LD	G51050LD
G51077XN	G51077XN
G51131QL	G51131QL
G51162XR	G51162XR
G51256JC	G51256JC
G51275BQ	G51275BQ
G51419BH	G51419BH
G51465VH	G51465VH
G51508GQ	G51508GQ
G51535NO	G51535NO
G51537NW	G51537NW
G51591NI	G51591NI
G51657FI	G51657FI
G51699IR	G51699IR
G51722JR	G51722JR
G51793MY	G51793MY
G51828AY	G51828AY
G51904VW	G51904VW
G51911JA	G51911JA
G52021KR	G52021KR
G52035PY	G52035PY
G52060KC	G52060KC
G52071EY	G52071EY
G52150TA	G52150TA
G52179QP	G52179QP
G52293LN	G52293LN
G52333FC	G52333FC
G52336LJ	G52336LJ
G52348KP	G52348KP
G52358FD	G52358FD
G52457TQ	G52457TQ
G52593LK	G52593LK
G52605PN	G52605PN
G52649ZM	G52649ZM
G52706OU	G52706OU
G52880ZN	G52880ZN
G52966FX	G52966FX
G53140PB	G53140PB
G53219PO	G53219PO
G53277CD	G53277CD
G53401FX	G53401FX
G53402KW	G53402KW
G53720CB	G53720CB
G53723XK	G53723XK
G53752TA	G53752TA
G53800FZ	G53800FZ
G53819TZ	G53819TZ
G53889SN	G53889SN
G53894HD	G53894HD
G53950VW	G53950VW
G54020TT	G54020TT
G54089ZD	G54089ZD
G54118CT	G54118CT
G54186II	G54186II
G54258NG	G54258NG
G54434YJ	G54434YJ
G54440EA	G54440EA
G54511RE	G54511RE
G54524YB	G54524YB
G54574KG	G54574KG
G54579OO	G54579OO
G54650UF	G54650UF
G54679PS	G54679PS
G54706BB	G54706BB
G54733XO	G54733XO
G54762HW	G54762HW
G54826OZ	G54826OZ
G54961LR	G54961LR
G54976AD	G54976AD
G55005SM	G55005SM
G55015QS	G55015QS
G55020XV	G55020XV
G55036RV	G55036RV
G55067DH	G55067DH
G55144QZ	G55144QZ
G55182ZL	G55182ZL
G55220VL	G55220VL
G55302QK	G55302QK
G55452NM	G55452NM
G55453II	G55453II
G55505PJ	G55505PJ
G55525GN	G55525GN
G55728EM	G55728EM
G55786MG	G55786MG
G55818EE	G55818EE
G55954SF	G55954SF
G55963XZ	G55963XZ
G56014GC	G56014GC
G56052QV	G56052QV
G56098KF	G56098KF
G56154DE	G56154DE
G56186MJ	G56186MJ
G56318NV	G56318NV
G56498UL	G56498UL
G56546LQ	G56546LQ
G56586OT	G56586OT
G56655CC	G56655CC
G56657CK	G56657CK
G56682BC	G56682BC
G56708PR	G56708PR
G56737MI	G56737MI
G56749GV	G56749GV
G56803IJ	G56803IJ
G56845GO	G56845GO
G56868BH	G56868BH
G56973FQ	G56973FQ
G57039PS	G57039PS
G57112FM	G57112FM
G57144YM	G57144YM
G57277JN	G57277JN
G57284NN	G57284NN
G57321FI	G57321FI
G57484FV	G57484FV
G57548NB	G57548NB
G57666OY	G57666OY
G57710SU	G57710SU
G57891XD	G57891XD
G57920AK	G57920AK
G57923KF	G57923KF
G57930PW	G57930PW
G57931QL	G57931QL
G57941GW	G57941GW
G57955DP	G57955DP
G58066AL	G58066AL
G58147NQ	G58147NQ
G58161NS	G58161NS
G58213EE	G58213EE
G58214IQ	G58214IQ
G58404RD	G58404RD
G58409WK	G58409WK
G58413WQ	G58413WQ
G58436AI	G58436AI
G58575YW	G58575YW
G58611PK	G58611PK
G58667NI	G58667NI
G58676UF	G58676UF
G58811EL	G58811EL
G58896AZ	G58896AZ
G58906EB	G58906EB
G58937DH	G58937DH
G58990PX	G58990PX
G59023DJ	G59023DJ
G59087DO	G59087DO
G59121IT	G59121IT
G59126YU	G59126YU
G59155GF	G59155GF
G59218ZX	G59218ZX
G59311AO	G59311AO
G59315XJ	G59315XJ
G59406KS	G59406KS
G59471TH	G59471TH
G59594LT	G59594LT
G59622YU	G59622YU
G59670YR	G59670YR
G59741XZ	G59741XZ
G59782MA	G59782MA
G59824VV	G59824VV
G59825KE	G59825KE
G59836EN	G59836EN
G59968MZ	G59968MZ
G60125IW	G60125IW
G60190AL	G60190AL
G60215XR	G60215XR
G60230HH	G60230HH
G60233WN	G60233WN
G60275BG	G60275BG
G60415BS	G60415BS
G60430KO	G60430KO
G60474DY	G60474DY
G60477QO	G60477QO
G60501QA	G60501QA
G60583LN	G60583LN
G60605ZN	G60605ZN
G60629OV	G60629OV
G60645OK	G60645OK
G60665ER	G60665ER
G60667OL	G60667OL
G60683RM	G60683RM
G60687DB	G60687DB
G60736DD	G60736DD
G60848KN	G60848KN
G60890ZT	G60890ZT
G61305ZB	G61305ZB
G61395QJ	G61395QJ
G61399NC	G61399NC
G61418DU	G61418DU
G61435KZ	G61435KZ
G61459JW	G61459JW
G61491DK	G61491DK
G61649EG	G61649EG
G61706MD	G61706MD
G61730RY	G61730RY
G61751GZ	G61751GZ
G61752HI	G61752HI
G61773FW	G61773FW
G61788PW	G61788PW
G61846BY	G61846BY
G61866NY	G61866NY
G61874BV	G61874BV
G62081IR	G62081IR
G62117RR	G62117RR
G62180QZ	G62180QZ
G62204FH	G62204FH
G62223XV	G62223XV
G62387ZO	G62387ZO
G62421SJ	G62421SJ
G62433MP	G62433MP
G62566JR	G62566JR
G62623TF	G62623TF
G62776EK	G62776EK
G62776HF	G62776HF
G62826CL	G62826CL
G62900AI	G62900AI
G62941VF	G62941VF
G62954WM	G62954WM
G63019NZ	G63019NZ
G63030AW	G63030AW
G63038RA	G63038RA
G63074CQ	G63074CQ
G63166WT	G63166WT
G63213AP	G63213AP
G63308IH	G63308IH
G63334FZ	G63334FZ
G63337SS	G63337SS
G63348GG	G63348GG
G63411NB	G63411NB
G63443GA	G63443GA
G63547QM	G63547QM
G63699VG	G63699VG
G63717BV	G63717BV
G63831UM	G63831UM
G63889NK	G63889NK
G63992GH	G63992GH
G63993FI	G63993FI
G64125DR	G64125DR
G64301WI	G64301WI
G64321PA	G64321PA
G64379UQ	G64379UQ
G64402PV	G64402PV
G64481DJ	G64481DJ
G64489RR	G64489RR
G64491LI	G64491LI
G64506SD	G64506SD
G64527IJ	G64527IJ
G64552UU	G64552UU
G64575OQ	G64575OQ
G64669AQ	G64669AQ
G64749TE	G64749TE
G64751AL	G64751AL
G64823DD	G64823DD
G64844ET	G64844ET
G64851ON	G64851ON
G64857YA	G64857YA
G64973KT	G64973KT
G64981YW	G64981YW
G65020KU	G65020KU
G65156XZ	G65156XZ
G65372SM	G65372SM
G65447JX	G65447JX
G65507RW	G65507RW
G65518IK	G65518IK
G65562ZE	G65562ZE
G65597BI	G65597BI
G65660BL	G65660BL
G65761WK	G65761WK
G65829ZR	G65829ZR
G65832SQ	G65832SQ
G65890UA	G65890UA
G65933SR	G65933SR
G65968DD	G65968DD
G65996GC	G65996GC
G66034LU	G66034LU
G66040YD	G66040YD
G66055IE	G66055IE
G66163TI	G66163TI
G66213AR	G66213AR
G66273AJ	G66273AJ
G66281XG	G66281XG
G66348MF	G66348MF
G66361NS	G66361NS
G66367EU	G66367EU
G66391HI	G66391HI
G66421OE	G66421OE
G66427ZQ	G66427ZQ
G66480HI	G66480HI
G66481II	G66481II
G66505KY	G66505KY
G66539RG	G66539RG
G66544KA	G66544KA
G66677YT	G66677YT
G66788MF	G66788MF
G66797YK	G66797YK
G66861DF	G66861DF
G66916RU	G66916RU
G66937TJ	G66937TJ
G66957HV	G66957HV
G67045LB	G67045LB
G67093GG	G67093GG
G67098LA	G67098LA
G67163FW	G67163FW
G67189MD	G67189MD
G67284GN	G67284GN
G67357EP	G67357EP
G67405DY	G67405DY
G67646HL	G67646HL
G67698UZ	G67698UZ
G67710XV	G67710XV
G67828VR	G67828VR
G67878HD	G67878HD
G67881UE	G67881UE
G67942CH	G67942CH
G68049QL	G68049QL
G68110IF	G68110IF
G68333YB	G68333YB
G68436TJ	G68436TJ
G68442SV	G68442SV
G68515SY	G68515SY
G68544GH	G68544GH
G68588WQ	G68588WQ
G68630PD	G68630PD
G68639CF	G68639CF
G68654BA	G68654BA
G68668TB	G68668TB
G68712OQ	G68712OQ
G68712PL	G68712PL
G68733PD	G68733PD
G68783EM	G68783EM
G68806LA	G68806LA
G68915EJ	G68915EJ
G69052CM	G69052CM
G69125RN	G69125RN
G69158OT	G69158OT
G69377IA	G69377IA
G69461KL	G69461KL
G69538FB	G69538FB
G69991JV	G69991JV
G70000DB	G70000DB
G70059SD	G70059SD
G70071PB	G70071PB
G70188HX	G70188HX
G70379IZ	G70379IZ
G70394MZ	G70394MZ
G70422TE	G70422TE
G70502VR	G70502VR
G70519XK	G70519XK
G70539LS	G70539LS
G70586VP	G70586VP
G70593HA	G70593HA
G70696OG	G70696OG
G70708LW	G70708LW
G70873KK	G70873KK
G70888IU	G70888IU
G70889AX	G70889AX
G71013KY	G71013KY
G71138UO	G71138UO
G71142DF	G71142DF
G71158TZ	G71158TZ
G71185WF	G71185WF
G71222KY	G71222KY
G71252AI	G71252AI
G71252NX	G71252NX
G71270SL	G71270SL
G71272JH	G71272JH
G71286MD	G71286MD
G71304WV	G71304WV
G71400IH	G71400IH
G71405MT	G71405MT
G71485PH	G71485PH
G71503SK	G71503SK
G71549TN	G71549TN
G71613NE	G71613NE
G71688NS	G71688NS
G71695GS	G71695GS
G71813UC	G71813UC
G71814NS	G71814NS
G71865NO	G71865NO
G71956IS	G71956IS
G71969OB	G71969OB
G72008IY	G72008IY
G72064RN	G72064RN
G72079JG	G72079JG
G72103RY	G72103RY
G72138YE	G72138YE
G72264OD	G72264OD
G72446TS	G72446TS
G72529TU	G72529TU
G72618IM	G72618IM
G72718TT	G72718TT
G72761SO	G72761SO
G72764EU	G72764EU
G72974NP	G72974NP
G73077PR	G73077PR
G73197PO	G73197PO
G73209SM	G73209SM
G73271RJ	G73271RJ
G73362DN	G73362DN
G73487JY	G73487JY
G73563MZ	G73563MZ
G73578JC	G73578JC
G73615AX	G73615AX
G73661BM	G73661BM
G73708UL	G73708UL
G73910RN	G73910RN
G73932YR	G73932YR
G73941VE	G73941VE
G73946CG	G73946CG
G74066YL	G74066YL
G74090KZ	G74090KZ
G74107UT	G74107UT
G74121YH	G74121YH
G74161MJ	G74161MJ
G74290DI	G74290DI
G74303MH	G74303MH
G74317LJ	G74317LJ
G74353FF	G74353FF
G74383HC	G74383HC
G74434IR	G74434IR
G74702CZ	G74702CZ
G74767FX	G74767FX
G74837KH	G74837KH
G74840NI	G74840NI
G74864OW	G74864OW
G74907TK	G74907TK
G74975UG	G74975UG
G75027OL	G75027OL
G75032PM	G75032PM
G75101HT	G75101HT
G75113PZ	G75113PZ
G75129FO	G75129FO
G75242ZM	G75242ZM
G75311GD	G75311GD
G75319OX	G75319OX
G75381NI	G75381NI
G75472OU	G75472OU
G75491MF	G75491MF
G75500ME	G75500ME
G75567HL	G75567HL
G75592IR	G75592IR
G75615SU	G75615SU
G75628VJ	G75628VJ
G75689TY	G75689TY
G75694CL	G75694CL
G75789AR	G75789AR
G76001GO	G76001GO
G76247UK	G76247UK
G76317AM	G76317AM
G76323CE	G76323CE
G76325KO	G76325KO
G76355TG	G76355TG
G76429IR	G76429IR
G76456II	G76456II
G76478FT	G76478FT
G76571JT	G76571JT
G76602YC	G76602YC
G76666KS	G76666KS
G76685HR	G76685HR
G76867MC	G76867MC
G76882CO	G76882CO
G76969KY	G76969KY
G76974OT	G76974OT
G76986JJ	G76986JJ
G77019UJ	G77019UJ
G77070UX	G77070UX
G77095CK	G77095CK
G77194JD	G77194JD
G77199IL	G77199IL
G77252PU	G77252PU
G77409CT	G77409CT
G77593JU	G77593JU
G77632HJ	G77632HJ
G77748PL	G77748PL
G77883VQ	G77883VQ
G77937PE	G77937PE
G77938VI	G77938VI
G77945NE	G77945NE
G78059CC	G78059CC
G78074HX	G78074HX
G78174XA	G78174XA
G78249ZM	G78249ZM
G78255XL	G78255XL
G78263DG	G78263DG
G78293EI	G78293EI
G78304GJ	G78304GJ
G78318TC	G78318TC
G78341DP	G78341DP
G78379MQ	G78379MQ
G78431CN	G78431CN
G78482II	G78482II
G78501IM	G78501IM
G78509TX	G78509TX
G78596TZ	G78596TZ
G78693SJ	G78693SJ
G78706CK	G78706CK
G78803YD	G78803YD
G78818SP	G78818SP
G78929WE	G78929WE
G78945LF	G78945LF
G78961SJ	G78961SJ
G79028VB	G79028VB
G79094AA	G79094AA
G79162DD	G79162DD
G79247ZX	G79247ZX
G79301TW	G79301TW
G79333MY	G79333MY
G79389NT	G79389NT
G79477YQ	G79477YQ
G79481UP	G79481UP
G79501FW	G79501FW
G79536OW	G79536OW
G79578JB	G79578JB
G79601MV	G79601MV
G79713BZ	G79713BZ
G79761YD	G79761YD
G79788OF	G79788OF
G79809MM	G79809MM
G79878OX	G79878OX
G80022XC	G80022XC
G80126GC	G80126GC
G80393PG	G80393PG
G80393RT	G80393RT
G80494PJ	G80494PJ
G80552MJ	G80552MJ
G80578OK	G80578OK
G80587NA	G80587NA
G80643JD	G80643JD
G80722US	G80722US
G80749IR	G80749IR
G80753ZP	G80753ZP
G80829RZ	G80829RZ
G80858MF	G80858MF
G80875FK	G80875FK
G80902FY	G80902FY
G80966KZ	G80966KZ
G81016SV	G81016SV
G81253FL	G81253FL
G81497EL	G81497EL
G81516LH	G81516LH
G81686CQ	G81686CQ
G81825YE	G81825YE
G81880UQ	G81880UQ
G81980VO	G81980VO
G81983KG	G81983KG
G82080SP	G82080SP
G82127SW	G82127SW
G82156OL	G82156OL
G82190PW	G82190PW
G82236PZ	G82236PZ
G82260JC	G82260JC
G82348BZ	G82348BZ
G82365EV	G82365EV
G82393KC	G82393KC
G82621OQ	G82621OQ
G82665EP	G82665EP
G82710YP	G82710YP
G82814YC	G82814YC
G82862JX	G82862JX
G82878IM	G82878IM
G82941MZ	G82941MZ
G82942ZJ	G82942ZJ
G83062JW	G83062JW
G83092KI	G83092KI
G83097SH	G83097SH
G83133QG	G83133QG
G83161QT	G83161QT
G83261EH	G83261EH
G83434MW	G83434MW
G83522FM	G83522FM
G83524RP	G83524RP
G83546KK	G83546KK
G83582BK	G83582BK
G83666FZ	G83666FZ
G83695DI	G83695DI
G83716SQ	G83716SQ
G83878UZ	G83878UZ
G83903NJ	G83903NJ
G83974TW	G83974TW
G84034JH	G84034JH
G84168AG	G84168AG
G84224TW	G84224TW
G84273ZH	G84273ZH
G84347HP	G84347HP
G84365LE	G84365LE
G84467IZ	G84467IZ
G84571XJ	G84571XJ
G84678BK	G84678BK
G84692YW	G84692YW
G84760EJ	G84760EJ
G84851OD	G84851OD
G84891DZ	G84891DZ
G84899DL	G84899DL
G85149ZK	G85149ZK
G85155ES	G85155ES
G85207ZD	G85207ZD
G85213NF	G85213NF
G85213RR	G85213RR
G85255JJ	G85255JJ
G85291WT	G85291WT
G85383RY	G85383RY
G85460ZG	G85460ZG
G85767HW	G85767HW
G85856KC	G85856KC
G85971RS	G85971RS
G85977BN	G85977BN
G86102WJ	G86102WJ
G86143FV	G86143FV
G86182SO	G86182SO
G86264OX	G86264OX
G86357DX	G86357DX
G86471BL	G86471BL
G86490WA	G86490WA
G86517XT	G86517XT
G86566MF	G86566MF
G86670TP	G86670TP
G86678MP	G86678MP
G86766IO	G86766IO
G86784SP	G86784SP
G86851RC	G86851RC
G86853GO	G86853GO
G86874EI	G86874EI
G86912UU	G86912UU
G86969ZH	G86969ZH
G87030DQ	G87030DQ
G87044UH	G87044UH
G87044VO	G87044VO
G87205VF	G87205VF
G87247VU	G87247VU
G87249CK	G87249CK
G87309GS	G87309GS
G87411OD	G87411OD
G87430GQ	G87430GQ
G87492XO	G87492XO
G87528ZH	G87528ZH
G87558RR	G87558RR
G87566RM	G87566RM
G87649YD	G87649YD
G87743XO	G87743XO
G87819IQ	G87819IQ
G87918MK	G87918MK
G87921DA	G87921DA
G87984PA	G87984PA
G88185OE	G88185OE
G88206YY	G88206YY
G88235TO	G88235TO
G88313DY	G88313DY
G88357LX	G88357LX
G88362QR	G88362QR
G88413ZO	G88413ZO
G88437QR	G88437QR
G88646XC	G88646XC
G88800UV	G88800UV
G88815IR	G88815IR
G88817DP	G88817DP
G88963CA	G88963CA
G89038KG	G89038KG
G89085RN	G89085RN
G89090WX	G89090WX
G89117DH	G89117DH
G89637WE	G89637WE
G89659QV	G89659QV
G89712VG	G89712VG
G89803GR	G89803GR
G89851FF	G89851FF
G89864BN	G89864BN
G89993FE	G89993FE
G90011PP	G90011PP
G90099GV	G90099GV
G90267TS	G90267TS
G90333CG	G90333CG
G90342RA	G90342RA
G90348RI	G90348RI
G90412JJ	G90412JJ
G90422HW	G90422HW
G90477LS	G90477LS
G90539LD	G90539LD
G90562PB	G90562PB
G90582WZ	G90582WZ
G90685OB	G90685OB
G90698PW	G90698PW
G90725ZC	G90725ZC
G90745FS	G90745FS
G90768FC	G90768FC
G90825UM	G90825UM
G90874TM	G90874TM
G90891CR	G90891CR
G90904YL	G90904YL
G90930FF	G90930FF
G90941ZH	G90941ZH
G90950UC	G90950UC
G90986VO	G90986VO
G90996TK	G90996TK
G91096JD	G91096JD
G91121AH	G91121AH
G91219PM	G91219PM
G91237TK	G91237TK
G91344HC	G91344HC
G91532KA	G91532KA
G91563HD	G91563HD
G91590EX	G91590EX
G91704UR	G91704UR
G91732YZ	G91732YZ
G91756JQ	G91756JQ
G91775YA	G91775YA
G91789JU	G91789JU
G91851DR	G91851DR
G92042VQ	G92042VQ
G92161SR	G92161SR
G92198BU	G92198BU
G92238TK	G92238TK
G92252GS	G92252GS
G92316CH	G92316CH
G92323ZH	G92323ZH
G92400ZO	G92400ZO
G92423MT	G92423MT
G92493ZW	G92493ZW
G92632VZ	G92632VZ
G92701TY	G92701TY
G92743LI	G92743LI
G92744LV	G92744LV
G92776DG	G92776DG
G92795ML	G92795ML
G92805XC	G92805XC
G92834ME	G92834ME
G92865GI	G92865GI
G92980RJ	G92980RJ
G92983WW	G92983WW
G93018EW	G93018EW
G93038PJ	G93038PJ
G93053DY	G93053DY
G93107BF	G93107BF
G93162SU	G93162SU
G93186ED	G93186ED
G93310KW	G93310KW
G93325YD	G93325YD
G93351GM	G93351GM
G93356NT	G93356NT
G93380BT	G93380BT
G93385YJ	G93385YJ
G93507IP	G93507IP
G93525MU	G93525MU
G93582HM	G93582HM
G93755DD	G93755DD
G93779QZ	G93779QZ
G93789YX	G93789YX
G93805MV	G93805MV
G93828IC	G93828IC
G93865CD	G93865CD
G93899SO	G93899SO
G94133JU	G94133JU
G94235HZ	G94235HZ
G94416HL	G94416HL
G94435QH	G94435QH
G94437IW	G94437IW
G94468TS	G94468TS
G94531EZ	G94531EZ
G94536AJ	G94536AJ
G94654MJ	G94654MJ
G94674FP	G94674FP
G94917JX	G94917JX
G94956AW	G94956AW
G94983ZY	G94983ZY
G95003CS	G95003CS
G95014LS	G95014LS
G95081VM	G95081VM
G95116WY	G95116WY
G95142MK	G95142MK
G95196FC	G95196FC
G95238UV	G95238UV
G95440AP	G95440AP
G95487KB	G95487KB
G95490LA	G95490LA
G95595RA	G95595RA
G95724XO	G95724XO
G95742RK	G95742RK
G95889EP	G95889EP
G95894VW	G95894VW
G95901MC	G95901MC
G96017QA	G96017QA
G96057TO	G96057TO
G96066HD	G96066HD
G96189JY	G96189JY
G96216WA	G96216WA
G96279GC	G96279GC
G96344JT	G96344JT
G96504QH	G96504QH
G96568SI	G96568SI
G96586KV	G96586KV
G96629BQ	G96629BQ
G96643WB	G96643WB
G96654KS	G96654KS
G96721TP	G96721TP
G96813DH	G96813DH
G96866DI	G96866DI
G96963QG	G96963QG
G96991NM	G96991NM
G96994CJ	G96994CJ
G97041TX	G97041TX
G97054BM	G97054BM
G97088QZ	G97088QZ
G97118EJ	G97118EJ
G97159KS	G97159KS
G97191HQ	G97191HQ
G97201CX	G97201CX
G97249VB	G97249VB
G97268TD	G97268TD
G97292GW	G97292GW
G97304IA	G97304IA
G97310ZA	G97310ZA
G97345NY	G97345NY
G97475AL	G97475AL
G97494HI	G97494HI
G97501SC	G97501SC
G97599KE	G97599KE
G97743OW	G97743OW
G97763JB	G97763JB
G97793YM	G97793YM
G97834OQ	G97834OQ
G97898ZO	G97898ZO
G97906UF	G97906UF
G97920HT	G97920HT
G97921YP	G97921YP
G97994IX	G97994IX
G98043YN	G98043YN
G98120QY	G98120QY
G98212GQ	G98212GQ
G98256YA	G98256YA
G98271JN	G98271JN
G98335IX	G98335IX
G98397EB	G98397EB
G98465JN	G98465JN
G98485VQ	G98485VQ
G98544DH	G98544DH
G98647BZ	G98647BZ
G98670RK	G98670RK
G98687PM	G98687PM
G98698LY	G98698LY
G98715JA	G98715JA
G98808JL	G98808JL
G98959NM	G98959NM
G99019LG	G99019LG
G99053DY	G99053DY
G99129GB	G99129GB
G99154NV	G99154NV
G99201ZD	G99201ZD
G99229VQ	G99229VQ
G99244AI	G99244AI
G99257WS	G99257WS
G99312NX	G99312NX
G99315PE	G99315PE
G99454KR	G99454KR
G99468UC	G99468UC
G99524KA	G99524KA
G99567WP	G99567WP
G99584SF	G99584SF
G99594LR	G99594LR
G99603GB	G99603GB
G99642AY	G99642AY
G99645NK	G99645NK
G99669MJ	G99669MJ
G99675DD	G99675DD
G99684PD	G99684PD
G99692YH	G99692YH
G99745QX	G99745QX
G99770NO	G99770NO
G99777VA	G99777VA
G99801VV	G99801VV
G99849MX	G99849MX
G99858XP	G99858XP
G99993SZ	G99993SZ
