GlyTouCanAccession	GLYCOSCIENCESdeAccession
G00017MO	2636
G00025AJ	2621
G00031MO	3236
G00031MO	571
G00031MO	578
G00031MO	584
G00031MO	611
G00031MO	672
G00031MO	2332
G00031MO	2865
G00031MO	5194
G00031MO	5220
G00031MO	5221
G00031MO	5984
G00031MO	7131
G00031MO	7133
G00031MO	7215
G00031MO	7507
G00031MO	7508
G00031MO	7885
G00031MO	9376
G00031MO	9829
G00031MO	9830
G00031MO	9831
G00031MO	9832
G00031MO	9833
G00031MO	9834
G00031MO	9835
G00031MO	9836
G00031MO	9837
G00031MO	9838
G00031MO	12910
G00031MO	14141
G00031MO	14142
G00031MO	14143
G00031MO	14144
G00031MO	14297
G00031MO	14395
G00031MO	15921
G00031MO	17216
G00031MO	17629
G00031MO	17651
G00031MO	17720
G00031MO	17721
G00031MO	19449
G00031MO	19450
G00031MO	19451
G00031MO	19454
G00031MO	19768
G00031MO	19769
G00031MO	21799
G00031MO	27185
G00033MO	1009
G00033MO	1010
G00033MO	3237
G00033MO	9125
G00033MO	14228
G00033MO	16761
G00033MO	17155
G00033MO	17223
G00034MO	4989
G00035MO	608
G00035MO	7171
G00035MO	14094
G00036MO	12817
G00037MO	4187
G00037MO	7181
G00037MO	12918
G00037MO	25718
G00038MO	12818
G00039MO	609
G00040MO	10020
G00042MO	8547
G00044MO	12819
G00047MO	2374
G00048MO	374;1133;3991;4563;5995;6519;6672;19359
G00049MO	146
G00049MO	8306
G00049MO	9061
G00049MO	17665
G00049MO	19870
G00050MO	687
G00050MO	8309
G00050MO	17667
G00050MO	17678
G00052MO	373
G00052MO	1132
G00052MO	2037
G00052MO	2172
G00052MO	4562
G00052MO	8051
G00052MO	9152
G00052MO	14249
G00052MO	19255
G00052MO	19256
G00052MO	19257
G00052MO	19258
G00053MO	150
G00053MO	4541
G00053MO	6668
G00053MO	9300
G00053MO	13410
G00053MO	14057
G00054MO	149
G00054MO	1713
G00054MO	2173
G00054MO	2218
G00054MO	2293
G00054MO	4519
G00054MO	6010
G00054MO	9301
G00054MO	13411
G00054MO	19144
G00054MO	19852
G00054MO	22427
G00055MO	281
G00055MO	364
G00055MO	601
G00055MO	1244
G00055MO	1694
G00055MO	2034
G00055MO	2051
G00055MO	2208
G00055MO	2291
G00055MO	5292
G00055MO	5668
G00055MO	5956
G00055MO	7192
G00055MO	7196
G00055MO	8460
G00055MO	9658
G00055MO	12940
G00055MO	17802
G00055MO	17803
G00055MO	17804
G00055MO	17893
G00055MO	18067
G00055MO	18486
G00055MO	21512
G00056MO	363
G00056MO	4392
G00056MO	6673
G00056MO	6845
G00056MO	7093
G00056MO	7175
G00056MO	7222
G00056MO	14055
G00056MO	14250
G00056MO	14536
G00056MO	18547
G00056MO	19637
G00056MO	27187
G00057MO	12951
G00057MO	13365
G00057MO	13618
G00057MO	22880
G00059MO	138
G00059MO	342
G00059MO	3457
G00059MO	7425
G00059MO	7426
G00059MO	7626
G00059MO	8422
G00059MO	9498
G00059MO	9643
G00059MO	9644
G00059MO	17149
G00059MO	17351
G00059MO	18383
G00059MO	18993
G00059MO	22849
G00060BT	16171
G00061MO	743
G00061MO	2686
G00061MO	7115
G00061MO	7646
G00061MO	7647
G00061MO	9500
G00061MO	14264
G00061MO	14266
G00063MO	6660
G00063MO	25734
G00065MO	285
G00065MO	523
G00065MO	673
G00065MO	2281
G00065MO	3243
G00065MO	4516
G00065MO	4532
G00065MO	8827
G00065MO	19850
G00066MO	372
G00066MO	2311
G00066MO	5986
G00066MO	6235
G00066MO	7253
G00066MO	15226
G00066MO	22211
G00066MO	22308
G00068MO	362
G00068MO	1709
G00068MO	1743
G00068MO	3234
G00068MO	3988
G00068MO	5431
G00068MO	7251
G00068MO	9477
G00068MO	13944
G00068MO	14893
G00068MO	15462
G00068MO	15465
G00068MO	19862
G00068MO	22890
G00068MO	27147
G00069MO	1221
G00070MO	1222
G00070MO	3204
G00076PK	3997
G00076PK	7198
G00076PK	7434
G00076PK	17208
G00076PK	18550
G00089VH	12212
G00112IO	18344
G00176HZ	5112
G00176HZ	23214
G00212ZT	2566
G00272VU	12533
G00272VU	24041
G00287UD	3154
G00320ZP	12484
G00320ZP	24034
G00362UY	1891
G00370EI	2651
G00395TQ	232
G00395TQ	22945
G00413UF	3104
G00413UF	23692
G00428HK	2538
G00470UO	1817
G00482HJ	3150
G00482HJ	16019
G00504PZ	1380
G00504PZ	4033
G00536FZ	23216
G00547ZN	12861
G00547ZN	17021
G00619DD	2843
G00619DD	9202
G00619DD	9204
G00619DD	21555
G00619DD	22612
G00633GI	11767
G00646SN	15710
G00662IB	3866
G00662IB	23727
G00688TE	1913
G00705XW	4411
G00706AL	15730
G00711QT	1908
G00743WU	25461
G00797ZX	15260
G00797ZX	24275
G00826SV	25946
G00850LT	25495
G00851XQ	5151
G00876GU	24196
G00883DO	14240
G00883DO	24247
G00883ZT	1088
G00891GP	12383
G00909GK	23699
G00910WD	15706
G00972DY	8819
G00978TF	1278
G00979XR	620
G00986YT	24431
G01028CW	3447
G01031EZ	16300
G01040ZV	5239
G01040ZV	12164
G01040ZV	16004
G01200BW	12268
G01296LJ	2858
G01329EH	8765
G01342FO	25745
G01347XI	3091
G01364ZC	2585
G01465MJ	16309
G01534TU	21799
G01534TU	3218
G01534TU	3482
G01534TU	6507
G01534TU	6847
G01534TU	7134
G01534TU	9839
G01534TU	9840
G01534TU	9841
G01534TU	9842
G01534TU	9843
G01534TU	9844
G01534TU	9845
G01534TU	9846
G01534TU	9847
G01534TU	14227
G01534TU	14298
G01534TU	19651
G01534TU	19652
G01534TU	19766
G01534TU	21894
G01534TU	22458
G01614ZM	16225
G01614ZM	676
G01614ZM	4530
G01614ZM	5335
G01614ZM	5336
G01614ZM	17631
G01614ZM	17672
G01614ZM	19945
G01614ZM	19946
G01614ZM	19990
G01614ZM	23056
G01665LU	16536
G01669LU	24871
G01706RV	1708
G01714NT	2685
G01727PW	25436
G01747FB	4284
G01748MD	6651
G01760ZU	23006
G01760ZU	2395
G01767JJ	763
G01767JJ	2876
G01767JJ	6683
G01784XC	1549
G01789AQ	15739
G01820ZB	3826
G01823EY	1492
G01856RL	12280
G01856RL	23065
G01935FK	24915
G01999JH	16077
G01999JH	24316
G02020YO	639
G02021XC	14110
G02025MF	25548
G02029PW	4566
G02029PW	9009
G02029PW	14573
G02029PW	14581
G02029PW	17584
G02029PW	21608
G02086TB	3374
G02126PG	4424
G02146NT	4569
G02156UW	17137
G02174FQ	15680
G02207TG	2001
G02207TG	15755
G02226PP	16737
G02278OY	1634
G02297WO	16486
G02302MM	15770
G02310VX	12846
G02310VX	24115
G02311IE	24805
G02353KU	12340
G02379AH	6888
G02386TE	683
G02410EE	13650
G02441OB	2657
G02473HY	13758
G02582JY	23066
G02600QJ	2551
G02625SJ	1914
G02646YL	5001
G02646YL	6424
G02654EL	17138
G02657AK	167
G02657AK	22441
G02657AK	25113
G02657BS	6606
G02679YX	24862
G02718AK	15675
G02763QD	23457
G02763QD	27681
G02776UX	12761
G02934UB	26111
G03003KR	5094
G03016BW	12341
G03021WA	1403
G03021WA	4210
G03024EJ	16988
G03036FD	753
G03049NB	3156
G03067VG	780
G03071KV	2319
G03075ZE	7260
G03075ZE	23894
G03106MF	1887
G03137RO	16499
G03165SD	1801
G03168RN	17108
G03216SJ	24855
G03230AX	15786
G03246MZ	2823
G03250UN	15679
G03260OU	4268
G03266UM	6665
G03272YQ	24640
G03277YI	786
G03309JT	1705
G03321AC	23462
G03345AP	15744
G03361KC	2746
G03368AU	4556
G03368AU	6522
G03385XG	24867
G03431NA	24368
G03433NI	11889
G03433NI	16005
G03445UI	23225
G03499BP	2787
G03499BP	3996
G03499BP	9678
G03499BP	12860
G03499BP	19988
G03506YN	9988
G03509EL	4186
G03520RT	19643
G03529DJ	15718
G03530HJ	2738
G03542MQ	3369
G03564IA	3727
G03564IA	22049
G03591CN	8938
G03595ET	24309
G03600YM	26746
G03605BS	13912
G03652TR	8184
G03652TR	14236
G03652TR	16016
G03652TR	21778
G03727RK	19381
G03727RK	24565
G03756VW	18548
G03796EF	6679
G03818JD	1365
G03818JD	18166
G03855TY	16236
G03921DY	1799
G03921YK	8097
G03951JJ	24432
G03987JH	15865
G04014FP	12838
G04018GO	1514
G04099VY	23847
G04099VY	6408
G04130SK	15220
G04163JP	3045
G04216GB	1520
G04216GB	12242
G04216GB	13699
G04216GB	23255
G04267XF	4946
G04267XF	5007
G04267XF	11755
G04267XF	19223
G04267XF	25483
G04273XP	26122
G04286YE	11743
G04368OY	4899
G04414GO	23467
G04448SF	7751
G04450CG	3481
G04462ZS	4568
G04472SL	1226
G04483SK	24976
G04552VX	16620
G04561MG	11746
G04576KS	13262
G04576KS	24161
G04616ST	18231
G04616ST	18232
G04616ST	18534
G04624DG	14829
G04676YO	6421
G04681PT	1318
G04681PT	5580
G04690JX	2611
G04700EY	14215
G04744XB	24974
G04775TV	1773
G04783EJ	26138
G04791QM	22969
G04855ZO	715
G04903PZ	15757
G04989WY	24743
G05096LE	15695
G05098FE	16128
G05098FE	24331
G05098FE	25043
G05108UT	8006
G05128BK	12656
G05128BK	26026
G05180BW	16626
G05184IQ	4283
G05187DJ	80
G05206VR	12352
G05212BT	2747
G05233KP	16317
G05235KE	1822
G05260RH	23318
G05297EK	21563
G05330ZQ	13307
G05344FK	1181
G05360PA	12671
G05378UG	8956
G05382JE	720
G05441GN	15778
G05552HC	14124
G05561CF	2776
G05561HT	15766
G05596LB	2544
G05600OX	26114
G05768VS	16399
G05784QE	7045
G05794RZ	23376
G05811XG	282
G05811XG	22996
G05811XG	1696
G05840XL	1371
G05840XL	4498
G05848DX	25638
G05892GB	23110
G06022SA	15714
G06036CF	16513
G06059DJ	13329
G06070KG	1780
G06097MI	2920
G06131VP	24859
G06163IO	3827
G06171TU	4409
G06209KS	2730
G06209KS	22968
G06239NA	754
G06239NA	2376
G06239NA	12302
G06239NA	14651
G06239NA	16564
G06290ZS	16103
G06290ZS	24323
G06301TU	1384
G06301TU	25285
G06341YK	1553
G06400QJ	12614
G06460LD	617
G06550JR	1375
G06550JR	2708
G06578MY	1800
G06580KR	2571
G06580KR	2855
G06580KR	4184
G06580KR	6500
G06580KR	9118
G06580KR	15435
G06624ZC	8703
G06635WE	25465
G06637ET	16619
G06658RN	1574
G06710OE	8952
G06721LM	23698
G06730AH	13187
G06804FL	15760
G06830II	2905
G06862BZ	16432
G06910HM	3683
G06969ZX	24635
G07014AW	1321
G07014AW	5582
G07061YF	19743
G07075ZE	2749
G07105MP	1347
G07105MP	2568
G07136WT	18915
G07141SK	11736
G07147QM	16261
G07164WO	5022
G07174PY	6652
G07228BR	25422
G07262RR	25670
G07265CE	2744
G07301IS	24040
G07301IS	12532
G07352BK	1420
G07352BK	25344
G07360NF	2205
G07372WA	5098
G07376BS	15943
G07376BS	16803
G07392QY	12017
G07392QY	23856
G07410AW	23343
G07483YN	3415
G07483YN	6439
G07483YN	23316
G07483YN	24706
G07483YN	24709
G07528DS	7747
G07532ZA	26042
G07568IR	24977
G07617FP	22747
G07617FP	2145
G07641UW	1174
G07674LF	24751
G07681KR	3498
G07695ZT	23319
G07699XI	1622
G07699XI	23453
G07817HH	7759
G07835SR	527
G07835SR	3208
G07978HT	3680
G07982BU	1797
G07990UY	1916
G07990UY	5000
G07995VK	14360
G07995VK	22976
G08005PG	12621
G08046LM	12285
G08055MG	1673
G08066KX	2046
G08066KX	13323
G08096ND	3256
G08140FC	4297
G08242BT	25992
G08244KE	12409
G08244YE	12420
G08340FW	23237
G08364MT	3350
G08371CD	6269
G08371CD	22034
G08429SS	23540
G08456TO	25986
G08463CD	12535
G08463CD	24043
G08465VN	14426
G08474XG	12801
G08492JZ	1813
G08493GY	24902
G08520NM	2384
G08520NM	23657
G08561XZ	15738
G08577ZR	24857
G08646YJ	1072
G08646YJ	16008
G08679LR	14031
G08776GA	4479
G08776GA	2492
G08820NR	1802
G08835TC	1633
G08896RO	24939
G08961VV	2411
G09126MW	2047
G09126MW	1188
G09126MW	1864
G09150LP	23528
G09222UH	13400
G09260EL	13770
G09276TA	16451
G09362PR	1361
G09362PR	12310
G09362VG	12661
G09376MR	1162
G09397UV	12245
G09416DG	16146
G09416DG	23458
G09425PN	15191
G09441IP	1825
G09446VC	24892
G09452ED	15846
G09482NW	17372
G09482NW	3785
G09482NW	12952
G09482NW	23506
G09513RD	1807
G09533NV	17281
G09546QO	5954
G09546QO	14139
G09546QO	14379
G09546QO	15265
G09546QO	15272
G09546QO	18073
G09546QO	22578
G09546QO	22656
G09546QO	27047
G09546QO	27201
G09552LA	689
G09552LA	3707
G09552LA	15459
G09552LA	17661
G09568JT	19235
G09568JT	25020
G09576QH	23399
G09670SR	23516
G09675DY	1917
G09675DY	3349
G09682KX	16535
G09687RJ	3643
G09724ZC	3099
G09724ZC	22445
G09826WW	24124
G09839ES	16449
G09859LE	14427
G09902CG	6654
G09909FT	15696
G09921WG	24951
G09947VE	11735
G10080RX	3497
G10110YZ	631
G10112QT	16851
G10169QE	262
G10179FS	1377
G10179FS	2707
G10179FS	15984
G10182XZ	24954
G10203DW	2211
G10203DW	17346
G10209QU	24952
G10212DI	509
G10219AA	2383
G10219AA	23325
G10228OD	12714
G10228OD	24098
G10236SD	1999
G10236SD	25359
G10255XW	2016
G10258MC	25926
G10270EI	14415
G10292TC	12309
G10292TC	24020
G10295MW	24941
G10377CG	4123
G10425SO	12540
G10425SO	24048
G10448ZR	16795
G10461TS	15288
G10483PN	12603
G10487BH	17382
G10503MP	5173
G10540LB	24911
G10573FI	3406
G10602EW	17135
G10608NX	16992
G10614XK	15731
G10664FL	26008
G10689ZT	19148
G10691MJ	23227
G10694XU	2389
G10706KM	1693
G10712FZ	54
G10713RP	6492
G10733HY	24778
G10756ZZ	1518
G10756ZZ	23413
G10770RR	26141
G10805TH	1372
G10805TH	2702
G10818SM	18373
G10831FE	17389
G10835DD	13767
G10844WB	5451
G10859BP	16414
G10964LR	245
G10964LR	3746
G10993EM	4288
G11010AN	24863
G11024UW	16310
G11034PZ	24930
G11041DA	268
G11041DA	2928
G11041DA	3422
G11041DA	22982
G11052OE	26315
G11189WY	23086
G11256DQ	17081
G11260XI	16446
G11263YZ	2108
G11276SJ	16512
G11326RB	11899
G11346ER	12392
G11356UZ	19141
G11386DK	15960
G11450BY	25377
G11450BY	1383
G11457RF	9127
G11457RF	25814
G11460AB	12525
G11460AB	25523
G11509RN	2672
G11509RN	23666
G11535IB	13599
G11535IB	23283
G11635LG	7722
G11637WL	1526
G11637WL	23415
G11679NT	27557
G11721NX	15762
G11745XZ	27609
G11756ZM	12251
G11819NV	16730
G11829TU	241
G11865ZE	5441
G11885NX	23488
G11929SN	24749
G11994QC	24752
G12020PN	4290
G12061IK	25480
G12067FX	2957
G12067FX	13694
G12111NA	12417
G12185WN	5101
G12230UX	2536
G12340JM	16628
G12396GB	23427
G12398HZ	3419
G12398HZ	6465
G12398HZ	23275
G12400OQ	3388
G12460DL	2342
G12524BD	13355
G12593TX	1500
G12593TX	4318
G12593TX	4321
G12631FF	15774
G12699VT	26214
G12715RL	1418
G12715RL	25342
G12802HY	24736
G12848QL	16519
G12861CT	1087
G12878NK	1788
G12899EM	19145
G12932IO	4115
G12980HQ	6413
G13003UU	2854
G13074BX	17134
G13112FS	17529
G13151XE	24125
G13168IS	16289
G13177TU	4583
G13181ZZ	8241
G13181ZZ	9010
G13181ZZ	9702
G13210XL	26093
G13258AZ	12345
G13269QI	3135
G13270NH	12100
G13282WA	24809
G13294EW	16502
G13335AQ	23756
G13585JF	26134
G13585VS	4125
G13602QE	11733
G13610SN	16980
G13636IT	688
G13636IT	22046
G13659RH	26014
G13688QP	7757
G13698FQ	13914
G13757MF	16302
G13869TL	1316
G13869TL	4063
G13894RO	12504
G13902SG	11641
G13902SG	5190
G13902SG	11637
G13902SG	14145
G13902SG	14685
G13902SG	17897
G13902SG	19704
G13909GK	4490
G13947MP	1456
G13947MP	4139
G13974DV	1313
G13974DV	2504
G13976WV	1425
G13976WV	2111
G14020CV	19787
G14023WK	3401
G14043TF	16441
G14047PA	15024
G14047PA	22979
G14114NU	16622
G14127XU	23635
G14127XU	3424
G14127XU	3925
G14138XB	8716
G14190WK	1298
G14191ZT	3668
G14252XR	3678
G14311HQ	24975
G14326YE	2634
G14354BD	3492
G14356TR	2010
G14356TR	16799
G14371GV	9139
G14371GV	9140
G14371GV	13927
G14371GV	17444
G14371GV	25815
G14373ZY	7755
G14393TF	23820
G14428PM	26119
G14469GR	1455
G14469GR	4140
G14520ZO	12402
G14520ZO	24021
G14543IY	19558
G14567YG	17390
G14629VW	14569
G14634AH	16240
G14645TH	4280
G14675SI	16201
G14757SY	250
G14781HP	8935
G14782PJ	16606
G14782PJ	24427
G14815WH	4296
G14876IZ	698
G14885WQ	3686
G14969WO	2741
G14974EY	2356
G14978ZY	8953
G14996IQ	13626
G14996IQ	24193
G14998UC	23054
G15006PM	15682
G15023FV	16984
G15059WI	2358
G15144TI	632
G15149UW	22759
G15280CB	13259
G15317IZ	1317
G15317IZ	5583
G15351FP	6410
G15365ZM	8098
G15407YE	551
G15407YE	3409
G15407YE	3821
G15407YE	5704
G15407YE	13373
G15407YE	13729
G15407YE	14579
G15407YE	17541
G15409BP	12351
G15518HO	8181
G15541SE	221
G15541SE	7713
G15541SE	14193
G15577KP	16505
G15619OA	5384
G15631YF	1939
G15648GT	17109
G15667CY	14052
G15667CY	16753
G15696PP	5003
G15751RX	17039
G15777ZX	5243
G15807NZ	3223
G15807NZ	17304
G15826FL	16734
G15828WB	23499
G15859AU	26012
G15948XY	1138
G15998WM	5295
G16026TZ	254
G16063EF	2859
G16119YF	1282
G16144PA	17397
G16155TD	25922
G16175MV	4957
G16258KS	2288
G16269RR	1175
G16274HY	14898
G16276IK	3487
G16276IK	1368
G16293AI	4047
G16348RE	4408
G16370GQ	626
G16370GQ	18377
G16404NW	390
G16404NW	21433
G16404YH	2146
G16404YH	27586
G16437LH	23055
G16481GK	4058
G16520OZ	1373
G16520OZ	25337
G16523AO	23510
G16529MG	12715
G16529MG	24099
G16534FS	12354
G16546ZZ	25673
G16590BZ	12534
G16590BZ	24042
G16600BL	25753
G16612QG	12833
G16717IV	1398
G16717IV	3276
G16733YD	1793
G16768LX	1391
G16768LX	2100
G16774YZ	24798
G16782SL	15780
G16828VN	2134
G16828VN	23651
G16869MJ	16303
G16873YG	12717
G16873YG	24101
G16961BB	23738
G16961BB	3995
G16984QJ	12297
G16986CA	15724
G17029BL	15684
G17034UD	12406
G17039ZC	8930
G17041CW	516
G17041CW	6666
G17075EV	1564
G17108EX	148
G17120XF	5624
G17155VX	24804
G17168RO	7988
G17168RO	23492
G17228YV	15750
G17251XF	5337
G17251XF	5338
G17251XF	5339
G17251XF	25728
G17264LS	2373
G17264LS	23656
G17297XR	7753
G17326TY	13654
G17326TY	25479
G17331IX	13827
G17344FG	12469
G17443MW	1906
G17465GV	19909
G17473NR	2266
G17473NR	23653
G17540HT	24792
G17540MV	4487
G17557TG	4572
G17597KD	15944
G17597KD	16806
G17601US	27046
G17644VM	5073
G17644VM	23806
G17652NI	7746
G17689DH	2688
G17689DH	23242
G17689EW	22587
G17758YV	15221
G17758YV	26084
G17800QD	1363
G17800QD	25255
G17820VB	14018
G17849ZC	18233
G17857ZF	23909
G17875TE	12760
G17964DY	25467
G17964XN	13761
G17996ZO	13757
G18026EK	25703
G18082CO	1410
G18082CO	4077
G18132YR	647
G18165XJ	16595
G18201QM	13821
G18219CJ	25989
G18223CA	1935
G18252JT	1171
G18286BM	15674
G18331QM	7257
G18463FK	619
G18506AD	2755
G18510JA	2619
G18510JA	15942
G18510WC	11745
G18546YL	293
G18559VR	12423
G18564GN	16161
G18612LP	2553
G18625KA	163
G18625KA	22462
G18638YB	22588
G18638YB	23434
G18643KO	1586
G18643KO	25353
G18653BM	12388
G18687CN	23360
G18707MU	12349
G18731YM	18171
G18740DM	14827
G18740DM	15961
G18768EK	24937
G18814OJ	12498
G18833GC	630
G18859UG	23112
G18878GS	12291
G18878GY	3404
G18901ZN	5229
G18923CQ	3065
G18923CQ	3479
G18923CQ	11653
G18923CQ	11663
G18923CQ	14686
G18923CQ	17898
G18923CQ	22098
G18923CQ	22100
G18938DW	729
G18938DW	239
G18938DW	240
G18938DW	4950
G18938DW	5730
G18938DW	22954
G18950NM	1678
G18993ZZ	8313
G19019TY	17374
G19022QG	27407
G19075LN	16517
G19083SI	1360
G19083SI	14241
G19104OH	26116
G19127AY	8101
G19152KQ	2737
G19158MO	22725
G19179MO	27720
G19212IL	17111
G19242QH	26592
G19294RF	15686
G19310VN	14016
G19336PT	2726
G19432GA	3289
G19444JC	7710
G19444JC	23637
G19490AF	1224
G19555CW	12415
G19577LJ	11038
G19577LJ	5937
G19577LJ	11296
G19577LJ	11441
G19577LJ	11442
G19577LJ	11443
G19577LJ	15258
G19577LJ	22645
G19594VJ	5242
G19607EP	12684
G19615BB	15261
G19615BB	24276
G19619KS	3704
G19619KS	6270
G19619KS	8861
G19619KS	19143
G19675BE	3961
G19677EK	12579
G19677EK	25942
G19687OL	23977
G19710JA	3489
G19726AG	24968
G19763QB	1457
G19763QB	16397
G19790PJ	23305
G19829VK	1577
G19863KG	7207
G19886LH	27515
G19889ZI	2554
G19894RH	1334
G19894RH	14416
G19906BM	3940
G19934BY	16308
G19943KG	4157
G19949UL	2506
G19949UL	1315
G19958IL	13292
G19958IL	23243
G19977LA	11762
G20009FG	4570
G20030CU	2031
G20030CU	3469
G20030CU	5720
G20030CU	23039
G20044TD	785
G20044TD	11515
G20044TD	27068
G20096RP	7711
G20096RP	23898
G20140JS	2002
G20170YB	23523
G20172ET	15727
G20176SH	1173
G20180GO	2774
G20210OT	17379
G20212GT	27511
G20265RJ	12267
G20366LO	256
G20453WS	12343
G20544CY	15936
G20578GS	4004
G20624LQ	4017
G20692QU	14032
G20815TK	1583
G20815TK	4263
G20815TK	5727
G20815TK	21471
G20815TK	21473
G20815TK	21475
G20894MY	14015
G20926BB	24434
G20953SW	1998
G20953SW	15759
G20956ZK	23503
G20965WY	16735
G20983SP	17903
G20983SP	24532
G20996LA	1252
G21050RT	24274
G21050RT	15259
G21067JW	1223
G21067JW	3206
G21246OH	23217
G21251LN	1378
G21251LN	2416
G21290RB	555
G21290RB	550
G21290RB	554
G21290RB	3992
G21290RB	3998
G21290RB	6516
G21290RB	6574
G21293AK	6667
G21312EA	3171
G21319HP	16605
G21319HP	24426
G21326MT	23850
G21412CQ	613
G21421NG	2603
G21459ST	2136
G21459ST	16059
G21470TX	15745
G21507RO	2447
G21507RO	8520
G21507RO	8521
G21507RO	14557
G21507RO	14856
G21513QX	24772
G21518JT	1602
G21541CK	3166
G21541CK	15026
G21573GX	15192
G21592GP	9080
G21647CX	9585
G21647CX	1476
G21647CX	7915
G21647CX	11931
G21647CX	18052
G21647CX	18053
G21647CX	18054
G21647CX	18056
G21647CX	18057
G21647CX	18058
G21647CX	18059
G21647CX	18060
G21647CX	18061
G21647CX	18063
G21667GZ	16307
G21672MV	12544
G21672MV	24052
G21756MV	26139
G21856LC	2873
G21856LC	18934
G21856LC	75
G21856LC	691
G21856LC	6509
G21856LC	14342
G21856LC	18933
G21856LC	18935
G21856LC	18936
G21916IS	25748
G21939WK	17391
G21998NE	8666
G22019SD	1737
G22031JX	3385
G22048BB	5723
G22048BB	23917
G22048BB	8223
G22048BB	8224
G22048BB	23916
G22067PR	16320
G22098NU	8226
G22098NU	23919
G22137KZ	15691
G22176ZE	12112
G22188XM	15698
G22214RN	16503
G22233KL	8702
G22251DB	3993
G22385OT	12347
G22387ST	4003
G22418PV	3703
G22418PV	8860
G22478ZB	14239
G22498IQ	12421
G22546XD	12548
G22546XD	24056
G22558JP	25412
G22573IV	3959
G22573RC	231
G22573RC	22944
G22629JM	16509
G22665UT	5324
G22686TA	15708
G22687CS	14841
G22689CV	2646
G22728HO	25962
G22732RT	15948
G22754FQ	1995
G22754FQ	2510
G22768VO	972
G22768VO	1517
G22768VO	5706
G22768VO	7456
G22768VO	14575
G22768VO	14578
G22768VO	15668
G22768VO	16170
G22768VO	17540
G22768VO	19062
G22782LH	17006
G22784CD	4124
G22856AB	3290
G22865RK	16375
G22865RK	24390
G22880KN	8766
G22898PA	12546
G22898PA	24054
G22927MQ	13764
G22976NF	8710
G22979QH	4057
G23000DQ	6647
G23000DQ	8729
G23000DQ	9578
G23043XI	1911
G23083MS	16621
G23094JF	5315
G23126IF	4418
G23166NU	24367
G23211TW	3065
G23211TW	3479
G23211TW	11653
G23211TW	11663
G23211TW	14686
G23211TW	17898
G23211TW	22098
G23211TW	22100
G23212AS	11789
G23214KL	1241
G23232XI	2586
G23232XI	13845
G23295TF	12018
G23295TF	24000
G23347CS	746
G23365SP	8107
G23425OX	8708
G23484GM	24978
G23546LY	24062
G23577TY	16426
G23577TY	24394
G23616ZX	4267
G23616ZX	7771
G23616ZX	7774
G23626NI	24836
G23647WB	13672
G23651JJ	529
G23667XV	4999
G23681XP	1166
G23695JT	2562
G23695JT	15998
G23707SD	1249
G23770JR	22766
G23778GQ	3380
G23782KP	26120
G23799GS	2147
G23799GS	3737
G23893ZL	19746
G23934WD	2599
G23935WM	6603
G23980PE	1296
G24030QV	8712
G24034CH	3562
G24151NT	12286
G24155DW	24719
G24267OV	1225
G24274LP	15819
G24283IO	17110
G24327OK	4000
G24327OK	23739
G24329OK	8352
G24352FX	1170
G24355OK	15864
G24366XJ	1806
G24393WU	1565
G24413UY	24794
G24432YB	365
G24432YB	7117
G24432YB	9378
G24432YB	22212
G24432YB	22709
G24436CD	13070
G24499XE	13953
G24599MW	8167
G24604HV	19233
G24604HV	25018
G24620AI	16080
G24620AI	24319
G24654CT	11794
G24721WU	2638
G24748QU	24353
G24769QK	23733
G24769QK	17028
G24769QK	3701
G24791UN	23470
G24798BT	8936
G24811FP	14628
G24870CO	1818
G24875YE	25468
G24949QT	7262
G24960JP	14839
G24987DS	5719
G24987DS	23040
G24995OS	16234
G25097RR	25048
G25127VR	22329
G25132GJ	1401
G25132GJ	12742
G25140TA	16100
G25140TA	23631
G25142VB	3427
G25162JS	1369
G25162JS	2739
G25178FO	14306
G25224QY	15743
G25268QT	28
G25268QT	8594
G25268QT	14397
G25268QT	17234
G25302QS	15947
G25326BM	24758
G25328BM	3849
G25328BM	23726
G25350TT	23527
G25361DH	1966
G25392ZR	12723
G25392ZR	24106
G25407RZ	26218
G25423CA	12675
G25429RR	16076
G25429RR	24315
G25432QA	12109
G25457IZ	18167
G25471TG	26169
G25492QI	3825
G25505UF	24617
G25520XG	3951
G25520XG	3421
G25520XG	23293
G25534RX	12246
G25554YF	3677
G25576NO	2549
G25577BM	17272
G25577BM	23177
G25731WL	26158
G25733QB	21798
G25757VW	14120
G25835MT	25812
G25869EQ	16162
G25891YZ	17532
G25953KD	16514
G26018HD	23220
G26036PN	783
G26039ES	14428
G26039ES	19675
G26039ES	1239
G26039ES	1854
G26039ES	14553
G26039ES	17243
G26039ES	18334
G26099QK	2583
G26121MN	12295
G26123AX	17679
G26123AX	213
G26123AX	3706
G26123AX	17659
G26148PQ	3089
G26182BM	6435
G26182BM	23860
G26203DP	762
G26203DP	25118
G26216ZN	1353
G26216ZN	2564
G26237YH	2542
G26242QL	8393
G26264SQ	26010
G26295XE	1045
G26295XE	3580
G26295XE	13934
G26295XE	14383
G26450SH	8668
G26473LY	1618
G26527XD	14258
G26537DD	15717
G26551VB	27689
G26570RB	4415
G26664GH	25433
G26693IX	3431
G26713RV	7758
G26827ST	17004
G26881SV	23532
G26897XI	22824
G26915TH	12580
G26939ZY	16164
G26939ZY	24340
G26949IX	23323
G26985TZ	24529
G27025MB	6691
G27025MB	14606
G27025MB	18360
G27025MB	18361
G27025MB	18362
G27025MB	21568
G27025MB	22290
G27063GJ	1946
G27071PO	13823
G27106AM	291
G27148YF	11732
G27149SR	15735
G27170NH	1988
G27170NH	16297
G27179AJ	12583
G27188NC	12539
G27188NC	24047
G27243GN	2713
G27243WR	8007
G27243WR	22900
G27243WR	25767
G27273FD	26171
G27314YB	1367
G27314YB	13911
G27338ID	4896
G27384IP	4416
G27385LP	15672
G27389SR	24762
G27431EQ	12298
G27609YZ	16430
G27626TX	8720
G27669RW	1803
G27839GC	360
G27839GC	6490
G27844UM	17024
G27844UM	23496
G27888XB	12339
G27889FI	12346
G27919IH	3900
G27919IH	3902
G27919IH	23297
G27929ZE	9965
G27995KI	14406
G28023AU	6886
G28128KH	4992
G28146GV	6650
G28218GE	25516
G28274SP	16800
G28298VW	23531
G28326EU	5091
G28327SH	15884
G28378XH	16415
G28477UY	16232
G28550OD	24046
G28550OD	12538
G28562FF	15697
G28566CQ	2360
G28663KH	23092
G28663KH	27408
G28665FP	17002
G28707FT	6637
G28868PL	2033
G28948UC	23331
G29011JC	2029
G29011JC	2422
G29011JC	3468
G29011JC	5715
G29011JC	23042
G29042WW	2588
G29042WW	13846
G29056SI	23082
G29056SI	3225
G29078QN	24940
G29081NM	16733
G29086KO	9148
G29109PM	14022
G29130SY	3295
G29130SY	23711
G29159YJ	752
G29271US	13185
G29326OK	629
G29339IQ	16902
G29348FH	8945
G29377XJ	23524
G29386CS	8926
G29434RB	23515
G29445ZK	24354
G29449JO	24750
G29519AS	5002
G29539MT	16494
G29539MT	24404
G29574TI	1809
G29616NS	27502
G29622NE	12416
G29675VZ	632
G29676WX	1930
G29676WX	5079
G29676WX	23812
G29681BP	3284
G29725MK	18358
G29729DB	12461
G29797YX	23487
G29803MG	16396
G29832VY	13696
G29849KU	15720
G29857PJ	26136
G29857RC	6067
G29857RC	1623
G29857RC	1193
G29857RC	4262
G29857RC	21474
G29857RC	235
G29857RC	2985
G29857RC	3426
G29857RC	4231
G29857RC	4346
G29857RC	4948
G29857RC	5728
G29857RC	16943
G29857RC	17370
G29857RC	17371
G29857RC	21472
G29870RM	8965
G29905OR	3867
G29905OR	23728
G29991XU	5376
G29997FV	7004
G30035MO	3110
G30056KC	2777
G30070XN	16498
G30109UP	2733
G30109UP	23673
G30110UW	3189
G30110UW	2109
G30110UW	12162
G30110UW	16764
G30131YB	23539
G30159WR	3955
G30159WR	23290
G30207PZ	18487
G30207PZ	6009
G30207PZ	22220
G30207PZ	435
G30207PZ	662
G30207PZ	7214
G30207PZ	13315
G30207PZ	13887
G30207PZ	15421
G30207PZ	17744
G30207PZ	17770
G30207PZ	17792
G30207PZ	19865
G30241UB	8951
G30291YK	12209
G30302VM	24879
G30304DE	17008
G30309QX	1304
G30335ZU	16500
G30347FC	14118
G30395OK	4151
G30460NZ	12019
G30460NZ	23857
G30463NC	3837
G30463NC	1074
G30463NC	6346
G30463NC	15049
G30463NC	15050
G30463NC	15253
G30463NC	21582
G30463NC	21583
G30483FB	24864
G30519DD	4423
G30524AR	8718
G30562SO	12158
G30580XW	17030
G30590EC	17106
G30614QN	14280
G30648VY	2729
G30651IU	25682
G30663CZ	247
G30739AG	8714
G30743FK	16814
G30770II	11641
G30770II	5190
G30770II	11637
G30770II	14145
G30770II	14685
G30770II	17897
G30770II	19704
G30853JB	16483
G30871VQ	25650
G30901GC	14161
G30901GC	24238
G30917DM	1382
G30917DM	25376
G30966TU	3806
G30966TU	3828
G30996QM	5581
G30998FW	2614
G31021LA	24332
G31021LA	16129
G31037WG	25471
G31119YY	286
G31119YY	23001
G31135WM	760
G31135WM	776
G31135WM	8170
G31156QG	15787
G31175IC	22665
G31196DF	16262
G31249PS	6608
G31326QB	8546
G31341PC	12670
G31385PY	1714
G31385PY	13195
G31411GR	24570
G31421EZ	1407
G31421EZ	25382
G31423NL	18918
G31429YW	1570
G31515BE	1790
G31531YC	7750
G31598CF	255
G31601FB	634
G31604HF	25985
G31616YD	22690
G31668AP	7989
G31668AP	13038
G31679YU	18169
G31692TJ	16796
G31713XX	15896
G31716EV	14047
G31726HT	18913
G31729QS	16480
G31734OS	6494
G31734OS	19989
G31760OO	2728
G31943KG	1405
G31943KG	4074
G31991IV	23346
G32065BG	25435
G32079YD	15719
G32081WS	6639
G32081WS	3207
G32081WS	15434
G32081WS	15446
G32081WS	15447
G32081WS	19851
G32112SX	2535
G32149KV	23469
G32149KV	27588
G32152BH	23896
G32152BH	7440
G32156ZV	6453
G32156ZV	23877
G32201IL	24856
G32216IU	12410
G32227EH	6607
G32241HI	12759
G32252UW	2687
G32252UW	18384
G32254QI	2698
G32263XB	1637
G32305RZ	23226
G32358YV	7752
G32371XG	25274
G32377GZ	15792
G32386AG	2656
G32430MQ	11005
G32430MQ	9052
G32430MQ	11003
G32430MQ	11002
G32430MQ	11004
G32430MQ	21417
G32437SG	2921
G32460TA	16995
G32484KU	26316
G32522KP	16825
G32556JI	13824
G32586BA	5102
G32586BA	2924
G32586BA	17104
G32592IB	12403
G32592IB	24022
G32611KT	24322
G32611KT	16102
G32611KT	17537
G32659RY	24791
G32685NO	3906
G32746QI	1581
G32758HZ	6427
G32758HZ	12427
G32761XQ	15688
G32801HX	5066
G32816HT	2359
G32915BP	1390
G32915BP	2706
G32944VN	18343
G32967PZ	14169
G32968SR	684
G33019PZ	13769
G33052SB	1415
G33052SB	25340
G33127ZT	12581
G33192XL	3486
G33192XL	1366
G33241WC	23639
G33241WC	7553
G33244HE	22639
G33271XM	22694
G33303XH	23465
G33309GL	15687
G33347WY	5327
G33373MR	14268
G33433QA	4492
G33476GF	1748
G33476GF	7302
G33476GF	15433
G33476GF	26788
G33476GF	27149
G33505DB	3129
G33569OU	18357
G33608TH	26251
G33620BP	15784
G33737SV	631
G33741NT	265
G33742YO	5722
G33742YO	23037
G33802UM	25409
G33862NZ	26217
G33866SM	12446
G33892UJ	648
G33909XJ	23514
G33970VN	1397
G33970VN	2783
G34022KC	6649
G34022KC	15456
G34059IB	22683
G34220DL	27490
G34234AZ	1572
G34294BW	1965
G34314SG	2903
G34330HT	12471
G34351JL	1575
G34442SS	3736
G34442SS	23441
G34465ZP	1180
G34466DO	12646
G34467NW	26356
G34491AS	13177
G34499SX	8942
G34499SX	23299
G34508UC	24834
G34527RW	2944
G34527RW	23411
G34626UE	15795
G34706DW	5092
G34731QC	15713
G34797BZ	18942
G34815RA	12480
G34838RM	23520
G34853GU	3335
G34853GU	25132
G34905OT	23535
G34926IG	1337
G34931KK	12709
G34931KK	24095
G34972BB	26133
G35068DX	16318
G35096EN	23344
G35106OM	17958
G35110VT	14899
G35139NO	7744
G35150SV	3577
G35199BM	17385
G35234CM	19742
G35242IF	5069
G35242IF	23802
G35242IF	24405
G35257SQ	16139
G35257SQ	26202
G35312VR	16485
G35350DS	16371
G35362TE	16228
G35382VN	23966
G35442CG	1322
G35446HX	361
G35446HX	7219
G35482NV	16770
G35528EA	12419
G35565NM	16604
G35565NM	24425
G35619UY	2947
G35619UY	13933
G35619UY	18537
G35679QA	5248
G35708JV	15726
G35718GY	16423
G35769UV	5721
G35769UV	23038
G35787ED	24993
G35827XH	16974
G35879BG	1169
G35960LO	14663
G36042WR	13765
G36053YX	14020
G36058QA	3682
G36118RA	1285
G36123IU	2330
G36123IU	577
G36123IU	170
G36123IU	11809
G36123IU	576
G36123IU	730
G36123IU	2331
G36123IU	4010
G36123IU	17502
G36123IU	19954
G36123IU	22055
G36157OV	25653
G36176RV	24918
G36191CD	5760
G36191CD	7772
G36191CD	234
G36191CD	1355
G36191CD	2984
G36191CD	3569
G36191CD	4265
G36191CD	4947
G36191CD	5724
G36191CD	6065
G36191CD	13232
G36191CD	13233
G36191CD	14382
G36191CD	14431
G36191CD	14577
G36191CD	14582
G36191CD	15669
G36191CD	17368
G36191CD	18190
G36195LV	2552
G36223VW	26011
G36264SN	1271
G36268TW	24847
G36303CE	15683
G36306KM	1775
G36316RB	25752
G36362BK	4053
G36405UK	2560
G36480VP	4279
G36498HE	16627
G36519NW	24869
G36521AS	5725
G36521AS	23036
G36523TZ	4949
G36523TZ	274
G36523TZ	5729
G36523TZ	22991
G36581MF	25667
G36581PT	24195
G36691KB	3687
G36699PG	2946
G36699PG	25361
G36701GV	25517
G36747XY	2745
G36749ZK	25312
G36787EI	24722
G36824BJ	16085
G36855WW	13709
G36855WW	13708
G36855WW	18157
G36881GV	5469
G36881GV	23839
G36898CO	1811
G36909MR	6432
G36977EW	1785
G37022BP	24089
G37022BP	12703
G37102FC	2565
G37102FC	1350
G37126IL	4401
G37135JQ	2734
G37135JQ	23300
G37166HP	23720
G37166HP	3366
G37184KW	437
G37184KW	22440
G37184KW	25119
G37296SI	3124
G37476QB	24107
G37491LV	1993
G37491LV	13316
G37562WX	7756
G37581LU	26591
G37597FW	23219
G37601IJ	14013
G37641EM	4144
G37663DS	1909
G37805DA	528
G37809PL	3982
G37830TX	3165
G37841WI	17075
G37861OJ	17811
G37974GN	3726
G38022PE	2710
G38022PE	23669
G38047QV	1501
G38085YD	4075
G38085YD	1408
G38115KZ	23518
G38208CY	24965
G38249IZ	12676
G38291RB	24756
G38310GJ	519
G38310GJ	19657
G38362AS	5240
G38395YJ	23418
G38404PP	8356
G38426SE	1372
G38426SE	2702
G38465NT	8717
G38473PC	16126
G38473PC	24329
G38478SQ	6506
G38478SQ	15133
G38478SQ	19810
G38478SQ	26081
G38638WU	1579
G38641UG	4402
G38753OV	8229
G38753OV	23922
G38812YS	1554
G38901GU	15728
G38909RH	12404
G38909RH	24023
G38955TH	24033
G38955TH	12450
G38966ID	12567
G38999IM	26474
G38999IM	10751
G38999IM	10765
G38999IM	10753
G38999IM	20623
G38999IM	10731
G38999IM	20313
G38999IM	18197
G38999IM	5371
G38999IM	5373
G38999IM	20457
G38999IM	10768
G38999IM	10735
G38999IM	20622
G38999IM	3629
G38999IM	20654
G38999IM	18200
G38999IM	11358
G38999IM	10767
G38999IM	10754
G38999IM	11360
G38999IM	6103
G38999IM	13287
G38999IM	10763
G38999IM	10756
G38999IM	20301
G38999IM	10673
G38999IM	18198
G38999IM	10728
G38999IM	10893
G38999IM	20653
G38999IM	20567
G38999IM	20621
G38999IM	84
G38999IM	862
G38999IM	2160
G38999IM	3628
G38999IM	5372
G38999IM	5426
G38999IM	6372
G38999IM	6373
G38999IM	6374
G38999IM	6375
G38999IM	6616
G38999IM	10246
G38999IM	10252
G38999IM	10672
G38999IM	10752
G38999IM	10755
G38999IM	10759
G38999IM	10760
G38999IM	10761
G38999IM	10762
G38999IM	10764
G38999IM	10766
G38999IM	10822
G38999IM	10845
G38999IM	10848
G38999IM	10892
G38999IM	10960
G38999IM	11125
G38999IM	11190
G38999IM	11217
G38999IM	11523
G38999IM	11524
G38999IM	11525
G38999IM	11526
G38999IM	11528
G38999IM	11532
G38999IM	11533
G38999IM	13286
G38999IM	13289
G38999IM	13290
G38999IM	18074
G38999IM	18196
G38999IM	18199
G38999IM	18873
G38999IM	18874
G38999IM	18899
G38999IM	19417
G38999IM	19537
G38999IM	19538
G38999IM	19539
G38999IM	19540
G38999IM	20306
G38999IM	20311
G38999IM	20312
G38999IM	20314
G38999IM	20324
G38999IM	20450
G38999IM	20456
G38999IM	20459
G38999IM	20498
G38999IM	20571
G38999IM	20624
G38999IM	20625
G38999IM	20626
G38999IM	20627
G38999IM	20628
G38999IM	20652
G38999IM	20657
G38999IM	20690
G38999IM	21032
G38999IM	21061
G38999IM	21062
G38999IM	21074
G38999IM	21084
G38999IM	27197
G39018CC	24916
G39023AU	370
G39023AU	604
G39023AU	14054
G39023AU	6523
G39023AU	6671
G39023AU	4555
G39023AU	5994
G39023AU	668
G39023AU	21800
G39023AU	1245
G39023AU	3990
G39023AU	5577
G39023AU	5889
G39023AU	6524
G39023AU	6525
G39023AU	6526
G39023AU	7176
G39023AU	8624
G39029JR	5006
G39029JR	23800
G39035OI	15740
G39089YD	25940
G39130DL	7511
G39188CA	1311
G39203UC	24846
G39213VZ	2362
G39213VZ	2418
G39213VZ	3416
G39213VZ	3467
G39213VZ	3570
G39213VZ	5712
G39213VZ	6676
G39213VZ	16165
G39213VZ	23044
G39298RF	23855
G39305NP	16484
G39377DE	26009
G39401ES	19781
G39408YK	7712
G39408YK	23899
G39422JF	640
G39439UR	26007
G39452ZZ	19239
G39452ZZ	25023
G39465KG	4120
G39484WM	14864
G39523KI	628
G39567LQ	1771
G39569XI	27645
G39571QG	16443
G39578OU	16078
G39578OU	12155
G39578OU	24317
G39595CR	25917
G39601JQ	25608
G39602UU	24924
G39611QP	12257
G39615UL	2540
G39623FZ	14244
G39623FZ	14414
G39666ZK	16457
G39666ZK	24402
G39687WG	23472
G39764AC	14223
G39764AC	24245
G39813YP	24433
G39818NQ	2663
G39852CS	3173
G39852JB	671
G39861AN	4573
G39884QV	699
G39896WY	682
G39976KS	16395
G39992DR	23927
G39995AR	16172
G39995KJ	2170
G40027VO	24816
G40064GR	3297
G40064GR	23713
G40065EM	1808
G40088CY	16991
G40096SL	25597
G40097PQ	24990
G40161ME	1563
G40184OL	3209
G40184OL	1632
G40188OO	4300
G40194MN	12716
G40194MN	24100
G40200RC	16597
G40249UC	17283
G40269CS	696
G40269CS	15952
G40393FZ	16998
G40413JC	17810
G40428GO	23348
G40491DT	781
G40523QS	618
G40542QP	26146
G40554DX	24788
G40579SX	25984
G40585SO	2645
G40670DJ	23053
G40696TO	7473
G40696TO	19358
G40696TO	367
G40696TO	3987
G40696TO	4170
G40696TO	4559
G40696TO	5131
G40696TO	5987
G40696TO	19568
G40696TO	21428
G40702WU	296
G40702WU	1262
G40702WU	3613
G40702WU	5467
G40702WU	17202
G40702WU	23011
G40707RU	1493
G40707SF	23422
G40709XS	8721
G40748TG	20132
G40748TG	5976
G40748TG	14152
G40748TG	5931
G40748TG	11651
G40748TG	11652
G40748TG	11668
G40748TG	13371
G40748TG	18582
G40748TG	18583
G40748TG	21933
G40764VP	223
G40792HV	12424
G40821RK	24735
G40903ZD	15681
G40906DZ	277
G40906DZ	22990
G40909AN	26178
G40915GX	8182
G40948NW	14247
G40994FC	1404
G40994FC	2102
G41052GC	22463
G41052GC	27053
G41063ME	14307
G41087ZA	26132
G41132VG	5386
G41179DF	6369
G41227XH	12386
G41234QD	25133
G41234QD	3336
G41327HW	2150
G41331JX	25993
G41352UL	16257
G41372SJ	3325
G41384PQ	8949
G41469UO	2323
G41473YC	12932
G41477DH	13910
G41510DX	1086
G41576FY	3378
G41596PV	23337
G41656NL	8071
G41656NL	23911
G41720HN	25553
G41722LN	15891
G41780OY	8705
G41811VQ	23052
G41824PC	13700
G41824PC	16148
G41824PC	24109
G41859KE	4582
G41865ZJ	6630
G41928NU	12418
G41943OZ	22779
G41953RN	4095
G41953RN	23754
G41974MG	2654
G41981MA	24789
G41994UJ	3684
G42002WQ	17388
G42049JU	701
G42089IU	2689
G42089IU	16765
G42140AQ	12439
G42147XQ	8719
G42154JB	6678
G42217SL	3806
G42217SL	3828
G42227JK	23005
G42227JK	18697
G42239FO	4289
G42240DE	25399
G42293RF	3587
G42293RF	15965
G42299NR	24926
G42300CL	12413
G42303MJ	17010
G42325VD	378
G42349ED	12941
G42368XT	17000
G42380GI	12476
G42388XF	16985
G42439GB	23250
G42466VF	25514
G42466VF	22720
G42468DL	16989
G42471QL	16598
G42548XF	24217
G42548XF	13730
G42556BP	25850
G42556BP	12115
G42600SB	12475
G42603RO	379
G42614NV	24013
G42664TF	14305
G42666HT	2239
G42666HT	14381
G42666HT	553
G42666HT	6060
G42666HT	19701
G42666HT	548
G42666HT	552
G42666HT	596
G42666HT	1928
G42666HT	2209
G42666HT	2303
G42666HT	5290
G42666HT	6143
G42666HT	13117
G42666HT	13619
G42666HT	17539
G42666HT	19485
G42666HT	19700
G42666HT	19702
G42666HT	19703
G42666HT	20110
G42667BL	12348
G42674LI	1155
G42679AH	25434
G42680EX	1276
G42712XS	13351
G42713FO	1386
G42713FO	25378
G42731RJ	26102
G42737HJ	23093
G42737HJ	20021
G42769XG	27430
G42772WO	8933
G42797SX	25870
G42830YF	2784
G42830YF	1412
G42830YF	15986
G42846BO	1071
G42846BO	16009
G42862VU	22226
G42912TT	8707
G42927HH	8099
G42956UG	17601
G42984ZU	27659
G43014FZ	22305
G43014FZ	23033
G43040IL	25544
G43088GK	26021
G43131ZX	13593
G43242DB	12428
G43264US	23849
G43265YA	12694
G43299SD	24802
G43301PF	2013
G43301PF	7743
G43346PX	25463
G43378HA	5228
G43426MU	616
G43470JW	27318
G43475FH	17274
G43495HR	1079
G43526DL	13771
G43547MI	7455
G43547MI	16138
G43547MI	17954
G43547MI	22899
G43548LQ	6605
G43553YK	14627
G43603TQ	3891
G43622SG	2550
G43648DB	22589
G43648DB	23439
G43657WC	2030
G43657WC	23642
G43664YB	13595
G43664YB	23232
G43677TG	23281
G43677TG	16101
G43687XR	273
G43687XR	22987
G43694RQ	2387
G43694RQ	23632
G43702JT	3616
G43726KG	16304
G43745JV	2837
G43761IQ	15756
G43767FS	12483
G43788SW	510
G43797QQ	19602
G43804GS	2662
G43818LO	14151
G43832DJ	12683
G43873MM	16456
G43873MM	24401
G43944UW	16541
G43947CR	244
G43972TU	16993
G44073EJ	16106
G44073EJ	24326
G44152CO	25810
G44327JQ	1411
G44327JQ	2103
G44345UH	22941
G44483CH	12763
G44510KF	3495
G44617UT	24942
G44645CP	238
G44739HH	4181
G44825LU	15733
G44826KU	4215
G44858WT	1356
G44865OQ	16140
G44865OQ	26203
G44904UE	25945
G44946WH	23525
G45048TZ	24127
G45058HZ	667
G45071EF	24333
G45071EF	16130
G45120SG	12344
G45129XM	12145
G45187EI	24860
G45209NR	3214
G45209NR	23497
G45215IJ	758
G45258LH	16406
G45262QY	24953
G45358WU	16926
G45359RY	23329
G45359RY	3215
G45380LQ	5097
G45522CT	13327
G45533OY	13230
G45560HM	14361
G45560HM	23544
G45565NV	16515
G45581BY	7745
G45598BE	5458
G45603BW	26115
G45614AE	3037
G45614WX	12867
G45629TR	16797
G45643JS	3119
G45714BQ	3040
G45756EL	16574
G45777DE	16163
G45777DE	24339
G45827GY	13951
G45832DB	2107
G45889JQ	7709
G45889JQ	23272
G45957UA	3735
G45996VR	2557
G45997JW	14021
G46031NV	1992
G46031NV	2508
G46049XN	7760
G46060BG	18341
G46060FM	1351
G46060FM	4013
G46076LA	2381
G46103YX	15702
G46123YD	2027
G46123YD	23640
G46168RR	17959
G46185ND	24793
G46260CP	15781
G46347BR	27326
G46387UV	12849
G46387UV	24116
G46394FV	2655
G46406BL	24006
G46406BL	12173
G46420ZV	12836
G46425HN	3162
G46425HN	23704
G46461VY	2351
G46470AD	23063
G46489HY	11793
G46491JP	1426
G46491JP	4071
G46503KK	12542
G46503KK	24050
G46565HP	1346
G46565HP	2962
G46638GC	24780
G33636XJ	3386
G33636XJ	3559
G46677TE	436
G46677TE	3950
G46677TE	3949
G46677TE	2877
G46677TE	22439
G46712PI	23342
G46748BU	25593
G46748BU	9128
G46767VX	26099
G46774NB	1220
G46795YU	9326
G46836GH	13878
G46836GH	13877
G46836GH	1519
G46836GH	2144
G46868TY	12859
G46926OL	5340
G47004LA	1352
G47004LA	1923
G47011KD	23307
G47011KD	2945
G47023PF	13963
G47047YK	8312
G47108UC	24826
G47163SC	16230
G47174QJ	8946
G47175EF	25990
G47180UC	25813
G47180UC	9991
G47252EW	1940
G47252EW	23674
G47279LF	24817
G47349YO	6604
G47379VH	3980
G47410OF	23456
G47410OF	27573
G47414TF	3337
G47414TF	25134
G47421RS	19947
G47456CG	15701
G47457DK	22739
G47495KE	2919
G47548GA	368
G47548GA	8623
G47548GA	13156
G47548GA	2312
G47548GA	3986
G47548GA	6548
G47548GA	7252
G47548GA	13490
G47548GA	14232
G47548GA	22210
G47554EG	24878
G47566FL	24734
G47606XQ	25669
G47614ZH	2350
G47647QY	5203
G47715OE	12789
G47715OE	2856
G47715OE	6670
G47715OE	13945
G47816DI	4216
G47829CW	2898
G47854HN	25699
G47854HN	3999
G47863IJ	2736
G47866EC	14019
G47920WV	7763
G47920WV	7841
G47936PQ	1305
G47975JA	24790
G48018RF	23466
G48027TR	9689
G48053YN	2587
G48059CD	13960
G48059CD	1620
G48059CD	14316
G48059CD	3314
G48109OV	26072
G48148JS	16142
G48148JS	26205
G48148UW	12571
G48154LM	2665
G48178AY	4412
G48205IY	15742
G48265KY	14277
G48330KH	15789
G48350AZ	12430
G48350AZ	24025
G48441KG	2838
G48458AB	3994
G48458AB	23737
G48616UI	16398
G48643VT	17282
G48646LG	3831
G48766VR	5325
G48767NV	26124
G48822BJ	13322
G48822BJ	26057
G48873CW	1915
G48882DX	15773
G48954CA	13346
G48954CA	24172
G48982WL	3368
G48989LO	16448
G49045BZ	257
G49104WF	17381
G49108TO	2229
G49108TO	2230
G49108TO	2231
G49108TO	588
G49108TO	22816
G49108TO	6000
G49108TO	6001
G49108TO	6002
G49108TO	6003
G49108TO	229
G49108TO	5195
G49108TO	5198
G49108TO	15922
G49108TO	3052
G49108TO	2038
G49108TO	18836
G49108TO	556
G49108TO	27593
G49108TO	14539
G49108TO	594
G49108TO	595
G49108TO	3244
G49108TO	5197
G49108TO	6058
G49108TO	11180
G49108TO	11183
G49108TO	11186
G49108TO	12784
G49108TO	14535
G49108TO	14729
G49108TO	14775
G49108TO	15406
G49108TO	17376
G49108TO	18837
G49108TO	21856
G49108TO	22641
G49108TO	22764
G49108TO	27295
G49118ZT	3202
G49120XR	16983
G49124LP	18941
G49232RW	24737
G49282JI	18472
G49299WO	16556
G49302PT	15193
G49320XS	2762
G49332RT	5093
G49495US	14122
G49503QY	1283
G49508KM	12506
G49515VE	24870
G49539WP	3681
G49561ZE	8667
G49599HG	11734
G49615DO	14863
G49708ZB	1886
G49743VF	16723
G49743VF	24452
G49763BM	2181
G49800TU	15761
G49827WK	25701
G49832FF	15788
G49859TR	1263
G49930HB	3983
G49933AX	26589
G50000BW	3676
G50013XL	4488
G50013XL	12594
G50068PO	15703
G50076JD	1810
G50078RT	25960
G50091EW	3407
G50110DS	12647
G50112PT	22225
G50123ZO	3852
G50178BS	4285
G50205RT	4032
G50205RT	1379
G50215WR	8715
G50216QG	1580
G50319MW	233
G50321QR	759
G50321QR	3705
G50354DO	13962
G50364FV	26106
G50370PE	12448
G50375DL	17534
G50375DL	5322
G50375DL	15968
G50375DL	17139
G50375DL	17445
G50398UZ	17038
G50425IY	15190
G50427EN	24035
G50427EN	12485
G50489VC	24622
G50504QA	2618
G50508SG	12685
G50517DR	2653
G50524TY	14257
G50558NC	16538
G50576GW	5152
G50624UG	14260
G50709IS	8943
G50730KL	25941
G50775RM	23381
G50779LX	2388
G50779LX	23658
G50809LR	1675
G50829CY	7748
G50850NI	5945
G50850NI	5948
G50850NI	5949
G50850NI	5950
G50850NI	14601
G50850NI	19959
G50850NI	17789
G50850NI	3044
G50850NI	5947
G50850NI	6510
G50850NI	14668
G50850NI	17032
G50850NI	17793
G50850NI	19958
G50850NI	26330
G50887TF	750
G50915WK	4998
G50997KD	15767
G51028ME	13978
G51028ME	24225
G51050LD	25047
G51056AN	184
G51098OG	13306
G51119RL	17276
G51119RL	24524
G51123VI	8111
G51138SQ	16060
G51168CH	16442
G51170QD	237
G51247NH	19146
G51331BY	1624
G51331BY	22039
G51349BU	17001
G51367TM	24468
G51472TJ	14028
G51490BW	3958
G51490BW	23287
G51562OR	23397
G51591NI	7764
G51591NI	18363
G51661GQ	3976
G51699IR	1275
G51699SI	690
G51727VL	22170
G51758WG	1904
G51793MY	23852
G51813EW	16685
G51828AY	2188
G51840MR	16554
G51862BI	12363
G51883EC	16812
G51941HK	14155
G51945PF	22710
G52014JR	16125
G52034SY	14108
G52045RC	6275
G52080EW	14566
G52080WL	26034
G52106FW	4951
G52106FW	25613
G52120GQ	3458
G52120NK	1826
G52146XU	27644
G52153CS	2004
G52160KJ	6266
G52278ID	2325
G52326GT	16617
G52340XK	4400
G52358FD	1781
G52370OE	7281
G52370OE	2573
G52428MJ	13347
G52428MJ	23321
G52461YB	27048
G52497NM	2324
G52633YA	4156
G52663AD	24854
G52719CT	22775
G52770HR	25408
G52934AK	23285
G52915NJ	2547
G52880ZN	12545
G52880ZN	24053
G52882GL	2596
G52839BU	12499
G52793JJ	15879
G53158TJ	3647
G53032HU	6538
G52961XA	3127
G52956BX	24049
G52956BX	12541
G53168IY	23076
G53168IY	13265
G53098FA	25705
G53000BS	2112
G53396PX	26129
G53433AN	13695
G53433AN	3595
G53498SO	3323
G53404LB	12411
G53504BR	26089
G53485VW	16608
G53485VW	24429
G53394BX	16137
G53394BX	7309
G53394BX	7310
G53394BX	27695
G53288JQ	25607
G53428BS	21752
G53812EH	3172
G53812EH	17237
G53812EH	19664
G53743TV	15218
G53621MK	18928
G53621MK	25959
G53812BX	26005
G53854XZ	25915
G53667CH	2671
G53667CH	23665
G53809EF	15296
G53817FJ	4112
G53752TA	12700
G53752TA	23634
G53858MF	25338
G53858MF	1399
G53750GJ	1273
G53977IC	16319
G53985AY	26347
G53933HU	25925
G53938ZR	12124
G53933PW	5089
G53860DH	16235
G53993HS	15705
G53956RO	4159
G53962WT	23104
G53962WT	13627
G53878DC	1676
G53931MC	1370
G53931MC	25375
G53989JC	1990
G53989JC	13886
G53957WR	26283
G53957WR	14620
G54394ER	12558
G54273KX	4055
G54300AX	26110
G54258NG	1932
G54409JS	17321
G54149OE	12438
G54344GJ	4403
G54073XZ	7749
G54190AS	19910
G54286RQ	6655
G54555CN	12338
G54611ZT	24724
G54466RT	26588
G54461SS	4281
G54542VV	4292
G54602MP	16311
G54590JM	14259
G54434IR	16507
G54511PJ	17260
G54628UA	6274
G55041IW	8966
G54884LT	1792
G54741SP	8931
G54953LX	25609
G54826OZ	669
G54826OZ	15223
G54953IZ	2505
G54765IU	2533
G54981BW	4090
G54679PS	4453
G54956ME	25462
G55037II	8665
G54651IF	2635
G55153IW	3101
G55051BJ	4286
G55259BS	1243
G55184GH	17076
G55236DB	7992
G55070AA	16200
G55220VL	5762
G55220VL	2937
G55220VL	288
G55220VL	2908
G55220VL	14322
G55220VL	3412
G55220VL	14580
G55220VL	1209
G55220VL	1234
G55220VL	1926
G55220VL	2149
G55220VL	13277
G55258MY	1387
G55258MY	25379
G55143WF	24236
G55205JA	14865
G55360MM	13678
G55360NR	12593
G55480NU	5095
G55601IV	14190
G55314RK	25746
G55302WQ	1413
G55302WQ	14242
G55507NB	1671
G55818EE	1126
G55396DW	25988
G55786MG	16409
G55786MG	24391
G55781KV	15935
G55318GC	15855
G55459MJ	3155
G55327VV	17080
G55487DR	4410
G55419VV	20132
G55419VV	5976
G55419VV	14152
G55419VV	5931
G55419VV	11651
G55419VV	11652
G55419VV	11668
G55419VV	13371
G55419VV	18582
G55419VV	18583
G55419VV	21933
G55402MT	16518
G56067ON	12696
G56263MG	3115
G55929FR	16957
G56011JM	4282
G56271TF	16717
G56271TF	24449
G56181LZ	5245
G56202TA	21777
G56202TA	25042
G55986UN	12500
G56038AR	24991
G56147VV	26142
G56014GC	16145
G56014GC	23252
G55979JS	15732
G56070SP	5135
G56070SP	25438
G56154DE	1247
G56045WU	6271
G55925YH	1172
G56372FJ	15959
G56464AW	15897
G56516KW	24814
G56354PO	23077
G56478LD	2446
G56682BC	16881
G56682BC	8242
G56682BC	14556
G56299XO	16931
G56299XO	6268
G56299XO	14050
G56299XO	23395
G56657VE	16537
G56749GV	269
G56749GV	3423
G56749GV	16226
G56749GV	2927
G56749GV	23159
G56749GV	4270
G56318NV	23818
G56655CC	719
G56512IR	5111
G56529CD	12697
G56293JI	12695
G56657CK	26765
G56591LC	23317
G56516VH	16006
G56340GX	23322
G56408DR	13766
G56873WT	2842
G56873WT	15995
G56977BH	2028
G56977BH	23641
G56861GL	12211
G56960KY	24874
G57068ZS	12422
G56845GO	1669
G56838SE	634
G56891ZN	13949
G57092OJ	24880
G56912OP	23848
G57007FO	17378
G56961QY	8706
G56809FB	15694
G57130XG	8937
G57311FK	8180
G57338PU	2595
G57284NN	2189
G57484FV	1342
G57598XN	16630
G57166CI	24901
G57459VK	267
G57158CS	15748
G57430QU	13717
G57278MI	292
G57267KB	2907
G57449OF	9701
G57449OF	4308
G57449OF	23438
G57592QM	12497
G57184TT	12462
G57321FI	17013
G57321FI	572
G57321FI	14099
G57321FI	2307
G57321FI	6692
G57321FI	579
G57321FI	581
G57321FI	583
G57321FI	15269
G57321FI	5219
G57321FI	5955
G57321FI	580
G57321FI	14097
G57321FI	14645
G57321FI	603
G57321FI	15270
G57321FI	3190
G57321FI	2306
G57321FI	14643
G57321FI	573
G57321FI	593
G57321FI	2333
G57321FI	3784
G57321FI	5932
G57321FI	14095
G57321FI	14644
G57321FI	15278
G57321FI	15279
G57321FI	19448
G57321FI	22573
G57321FI	22843
G57321FI	27208
G57345HS	23320
G57262WV	26586
G57650VC	19908
G57595UE	23717
G57220BY	15768
G57920AK	692
G58029XR	12682
G58066AL	3269
G57710SU	771
G57675TR	25965
G57835AK	24799
G57736LX	1571
G57997IN	14213
G57955DP	2712
G57955DP	23670
G57930PW	17357
G57930PW	1521
G57930PW	2633
G57930PW	2683
G57930PW	3702
G57777LQ	3807
G57777LQ	3829
G57887YH	22906
G57863LA	24644
G58047AI	266
G58350LJ	2785
G58350LJ	1402
G58350LJ	15985
G58403SV	23512
G58590MR	12657
G58387VB	26041
G58239DH	6653
G58436AI	1850
G58507AZ	14489
G58429RC	290
G58214IQ	16075
G58214IQ	5025
G58214IQ	17544
G58214IQ	24314
G58561KE	6629
G58473KL	26201
G58634AX	16623
G58547FH	23484
G58921NR	6610
G58896AZ	7997
G58896AZ	7513
G58896AZ	686
G58896AZ	17901
G58896AZ	22184
G58667NI	23277
G58667NI	3952
G58768FH	25466
G58645HA	375
G58918TF	15699
G58890ZT	4293
G58809AD	2005
G58809AD	16296
G58995TS	1314
G58995TS	5579
G58807XI	13676
G58824SI	15217
G58990QD	3979
G59311AO	707
G59311AO	14253
G59471TH	5764
G59471TH	14187
G59471TH	6688
G59471TH	2931
G59471TH	3418
G59471TH	23282
G59454IE	2015
G59454IE	19629
G59406KS	9963
G59406KS	25831
G59185WM	218
G59361OW	23526
G59451NL	22711
G59168YE	23394
G59159PE	3298
G59159PE	23714
G59234CC	18564
G59300GC	24061
G59092IU	2963
G59508TM	3203
G59306VK	16534
G59128IS	9997
G59128IS	23961
G59419HU	2780
G59746QC	23424
G59532XE	2904
G59909MT	3656
G59741XZ	23502
G59804RR	16596
G59742GY	23493
G59742GY	12722
G59910CM	3494
G59579TL	25472
G59872UP	24038
G59872UP	12530
G59634NL	5200
G59823TM	15822
G59874JZ	16732
G59594LT	646
G59752BW	25469
G59946TO	14565
G59594CP	1997
G59594CP	16805
G59636XZ	15736
G59655SA	271
G59655SA	22985
G59967VI	2664
G59967VI	17239
G60149QJ	14012
G60281PM	249
G60370CP	14117
G60230OQ	16955
G60419KX	26112
G60274JN	3848
G60274JN	25679
G60216WR	16826
G60215UL	25991
G60012HO	6675
G60233WN	366
G60233WN	15224
G60415BS	5708
G60415BS	22652
G60415BS	23046
G60103QI	24723
G60341PX	17007
G60109PL	4005
G60234BX	13033
G60230HH	2909
G60230HH	298
G60230HH	1927
G60230HH	7773
G60230HH	12243
G60230HH	22818
G60365DR	12916
G60138JZ	9026
G59995RD	4223
G60187HZ	261
G60320IS	12604
G59984BF	13356
G60439QY	23819
G60881ZO	6537
G60799ZL	4921
G60482OT	6539
G60534NQ	1297
G60538YY	4404
G60926SE	4997
G60890ZT	2690
G60890ZT	16897
G60890ZT	25482
G60645OK	2336
G60646UB	23468
G60814ZB	26108
G60430KO	9298
G60430KO	26055
G60430KO	13304
G60736DD	26595
G60485RX	3490
G60875XB	12804
G61088TM	23222
G61406KC	1561
G61339UO	12503
G61128UV	16237
G61420QM	4586
G61334IA	6464
G61334IA	23274
G61459JW	1710
G61459JW	147
G61459JW	2035
G61459JW	5993
G61459JW	3989
G61459JW	7200
G61459JW	3232
G61459JW	2613
G61459JW	283
G61459JW	371
G61459JW	14248
G60963AS	24980
G61071JD	6491
G61071JD	27434
G61399NC	17663
G61399NC	7843
G61399NC	9036
G61399NC	4952
G61399NC	14632
G61399NC	19869
G61411XJ	6884
G61245NC	4406
G61055FR	16646
G61055FR	772
G61055FR	19195
G61386ZX	4356
G61169KO	5153
G61207RZ	1892
G61207RZ	23224
G61367OF	16508
G61702UX	24469
G61751GZ	2382
G61751GZ	14362
G61751GZ	16168
G61878VZ	15700
G61833XV	633
G61575RT	8230
G61575RT	23923
G61539GW	17078
G61730RY	9119
G61730RY	15240
G61730RY	17116
G61730RY	8118
G61730RY	8872
G61730RY	17117
G61730RY	25645
G61785RY	11896
G61706MD	1127
G61706MD	16007
G61846BY	2735
G61846BY	23298
G61530NU	13314
G61601ZZ	4014
G61818QD	11744
G61715VD	8663
G61780GR	17386
G61664CH	2681
G61752HI	2839
G61866NY	8231
G62488UG	26018
G62204FH	445
G62103QF	3117
G62117RR	17123
G62117RR	17129
G62088FQ	8227
G62088FQ	8228
G62088FQ	23920
G62088FQ	23921
G62217NB	5249
G62097SF	4310
G62380XZ	1203
G62380XZ	23251
G62165LJ	12496
G62504BU	24634
G62387ZO	6674
G62469XB	16982
G62446JD	2007
G62015ZM	15219
G62015ZM	26082
G62167DK	1333
G62167DK	1358
G62070TZ	16987
G62421QL	4091
G62592GA	5716
G62592GA	23041
G62801YJ	2756
G62824TL	16999
G62554JH	2814
G62765SF	12705
G62765SF	24091
G62553AU	15747
G62619LG	12720
G62619LG	24104
G62571UK	6664
G62763GO	14051
G62826CL	24733
G62577TV	19911
G62870ZM	3689
G62870HD	17068
G63065KG	24979
G63238VS	2626
G63170HT	968
G63240YA	8964
G62960MX	16824
G63083GQ	2798
G63038KS	2569
G63166WT	2673
G63166WT	23667
G63078AB	15793
G63125IE	12626
G63179CS	5471
G63179CS	23840
G63150NE	4425
G63208BT	14026
G63069TR	518
G63069TR	15423
G63069TR	663
G63069TR	17791
G63242HY	622
G63282TI	1967
G63188OY	21797
G62922ZN	2581
G62922ZN	13844
G63337SS	13281
G63337SS	7258
G63337SS	23301
G63521CI	2781
G63389BN	3166
G63389BN	15026
G63714PL	1804
G63474NY	4291
G63505TP	5319
G63505TP	13123
G63505TP	13236
G63411NB	16074
G63411NB	24313
G63338KU	1670
G63496FG	16233
G63585HN	23521
G63473GZ	6461
G63333DU	26137
G63547QM	12681
G63614KK	16053
G63664GB	624
G63427CD	8713
G64183CB	3038
G63748AU	4419
G64315DN	15025
G64144LP	4199
G64176BH	3097
G64085NR	3449
G63754TT	17113
G64289QQ	2548
G63889NK	23223
G63992GH	4483
G63838JW	6418
G63838JW	23332
G63738TV	14191
G63981YU	5150
G64175SO	2740
G63813EJ	751
G63949RX	16625
G64384IL	16292
G64384IL	24377
G64566OC	17112
G64803HZ	27535
G64615DY	15840
G64581RP	18594
G64581RP	9966
G64581RP	12856
G64581RP	14812
G64581RP	14813
G64581RP	14814
G64581RP	14815
G64581RP	14816
G64581RP	17158
G64581RP	17225
G64581RP	18592
G64581RP	18593
G64618XR	7723
G64389UN	15707
G64666BO	4059
G64633BH	24910
G64468KS	24051
G64468KS	12543
G64651FB	1167
G64661YG	4037
G64661YG	1393
G64460FJ	12585
G64799PD	3985
G64481DJ	18484
G64481DJ	23265
G64669AQ	25939
G65009JH	15734
G65070VQ	11260
G65070VQ	20282
G65070VQ	5736
G65070VQ	11258
G65070VQ	26029
G65070VQ	5389
G65070VQ	20279
G65070VQ	11259
G65070VQ	10909
G65070VQ	11352
G65070VQ	6238
G65070VQ	10957
G65070VQ	11252
G65070VQ	11261
G65070VQ	12741
G65239SF	23513
G65135MY	8701
G64885AH	3978
G64979EW	1578
G65191ST	3962
G65191ST	3963
G65191ST	6267
G65191ST	12230
G65191ST	18193
G65070LF	2620
G65070LF	8596
G65236OQ	1139
G64861UO	2584
G65162CH	7829
G64973KT	614
G64973KT	9120
G64973KT	7933
G64973KT	9126
G64973KT	14229
G64973KT	14386
G64973KT	17118
G64968QT	16231
G65117HG	12466
G64852XI	8662
G64919UI	17259
G65223RT	2772
G65285QO	638
G65285QO	15951
G65285QO	26567
G65285QO	26663
G65518IK	1569
G65597BI	24914
G65686FS	5326
G65318OO	15676
G65351EL	8704
G65703ID	3981
G65542KP	12113
G65299LG	15764
G65667PE	8932
G65370RS	24763
G65475CX	6609
G65447BW	8927
G65419YA	17905
G65419YA	24533
G65508FE	24355
G65414VM	4407
G65562ZE	9381
G65562ZE	4527
G65562ZE	4526
G65562ZE	8067
G65562ZE	13946
G65562ZE	525
G65562ZE	526
G65562ZE	3161
G65562ZE	4307
G65562ZE	5317
G65562ZE	5321
G65562ZE	17630
G66021ZE	685
G65850ES	24356
G66163TI	15227
G66163TI	5996
G66163TI	5065
G66163TI	6493
G66163TI	21429
G65704VY	16629
G65761WK	4991
G65867II	23423
G65996GC	5011
G65996GC	7308
G65996GC	22571
G65996GC	25627
G65909WP	16422
G65890UA	3365
G65890UA	23719
G65796FM	23536
G66153IB	12673
G66111ZR	26587
G65937EW	1286
G65790DQ	13822
G66122ZT	15839
G65921QW	16450
G66658UG	5966
G66658UG	17500
G66348MF	1294
G66622AX	16241
G66257KQ	1320
G66257KQ	1666
G66257KQ	4064
G66427ZQ	2343
G66362JB	19789
G66282NU	16601
G66282NU	23636
G66282NU	4176
G66474IG	1791
G66213AR	502
G66360FX	17005
G66544RE	4324
G66205CG	16506
G66576RC	17387
G66875SM	1333
G66875SM	1358
G66804IZ	11765
G66804IZ	20060
G66964CR	7991
G66723QO	14491
G66665YI	6066
G66665YI	22974
G66665YI	260
G66967KV	12296
G66825OG	13337
G67045LB	23504
G66866LE	25811
G66674JW	12492
G67059BJ	16429
G66741YQ	8415
G66846ML	15776
G66847YI	24721
G66728LX	2631
G66867PA	380
G66937TJ	2363
G66937TJ	23270
G66998OZ	2372
G66998OZ	23655
G66998OZ	24647
G67189MD	643
G67272YR	27533
G67091KC	16306
G67220DU	24044
G67220DU	12536
G67410LQ	13590
G67410LQ	24183
G67357EP	16052
G67505LV	12433
G67549HD	26016
G67612NO	16458
G67612NO	24403
G67447FX	14891
G67534LV	1816
G67623NK	7990
G67623NK	1871
G67623NK	2000
G68014YX	15235
G68110IF	764
G68110IF	22459
G67715OS	17037
G67942CH	3956
G67942CH	23735
G68146EG	4116
G67740CH	14269
G67924FL	4302
G68059HB	12678
G67734FT	16314
G67978NC	15777
G68095WW	16648
G68203DZ	1767
G67785RW	7770
G67828VR	1562
G67920QO	17107
G68113KQ	876
G67883AD	12384
G67880QU	2691
G68158BT	13850
G68158BT	18579
G68158BT	18340
G68158BT	11017
G68158BT	14605
G68158BT	18578
G67988RO	9180
G67988RO	18519
G67988RO	4503
G67988RO	9179
G67988RO	15110
G67988RO	17421
G67988RO	9181
G67988RO	22219
G67988RO	19863
G67988RO	742
G67988RO	9175
G67988RO	12926
G67988RO	27427
G68765US	3890
G68892PJ	24815
G68461PT	22640
G68762AY	4054
G68395LV	1289
G68804CO	15723
G68639VP	8711
G68668TB	18698
G68668TB	294
G68668TB	7255
G68668TB	17201
G68803QA	14243
G68803QA	1396
G68283NG	26088
G68480EG	5088
G68310DT	6434
G68310DT	23859
G68354TY	4993
G68294HN	3645
G68807DB	27630
G68415EV	13326
G68588WQ	6680
G68893BQ	12305
G68955EJ	13675
G68957QP	23288
G69381LS	15749
G68983XG	14196
G68983XG	512
G69033GJ	6885
G69159WK	1991
G69159WK	16298
G69023SD	26043
G68946DB	25413
G69107KE	5110
G69303AY	7719
G69303AY	24239
G69303AY	23574
G69303AY	23900
G69103XG	3889
G69176ID	7197
G68991BW	23111
G69000LR	13308
G69113LL	12482
G69332GG	1406
G69332GG	25381
G69187MR	18371
G69905CP	23517
G69957XS	24181
G69738ZU	15753
G69752OZ	2017
G69752OZ	3111
G69944KZ	3102
G69944KZ	23691
G69799LR	14270
G69723RO	12252
G69916KR	14840
G69808IK	16417
G69440RD	19849
G69440RD	4185
G69440RD	15436
G69762TP	12342
G69533GA	12613
G69672LF	12674
G69912LP	25937
G69912LP	12524
G69411IG	13266
G69411IG	23267
G69893KP	17347
G69461KL	1124
G70265CT	16403
G70422TG	17383
G70374BH	1389
G70374BH	2704
G70301QJ	25053
G70014JE	1573
G70059SD	1312
G70000DB	14317
G70000DB	4454
G70358QM	1323
G70192AL	15737
G70444FA	14653
G70199PM	19092
G70246WA	12832
G70213NR	2340
G69996RR	1994
G69996RR	3109
G70023SA	3108
G70647TI	2355
G70874WW	1920
G70593HA	25599
G70593HA	4342
G70903NP	16174
G70903NP	2142
G70696OG	12762
G70829NO	15866
G70490JW	12680
G70708LW	23324
G70830AN	25744
G70848XM	6684
G70848XM	16823
G70800WO	3846
G70800WO	23725
G70898UD	26308
G70863KH	27429
G70507DZ	3728
G70888IU	3694
G70520DS	24999
G70511VE	24088
G70511VE	12702
G70688TC	16288
G70945OS	25994
G71145QW	16179
G71013KY	3953
G71013KY	23292
G71274MV	3321
G71041DQ	8669
G71153ZE	12308
G71153ZE	24019
G71136NQ	1185
G71025DD	2925
G71332MU	13763
G71296WI	1798
G71085CJ	23851
G71085CJ	6415
G71506JZ	623
G71602GO	3873
G71602GO	23732
G71502UE	264
G71606HZ	1395
G71606HZ	2661
G71485PH	2647
G71568XK	12458
G71568XK	15993
G71857KQ	23519
G71479KG	1679
G71812IK	23276
G71812IK	22638
G71888DL	12436
G71679MX	23213
G71704AG	26254
G71766ZW	621
G71690HK	23330
G71745CH	15820
G71865NO	1295
G72221XM	23522
G72166HB	1910
G72272ID	15771
G72128LZ	1534
G72281FQ	12618
G72334XM	2011
G72175XZ	8664
G72103RY	16141
G72103RY	26204
G72079JG	5014
G72079JG	16083
G72079JG	971
G72008IY	909
G72008IY	2176
G72008IY	12163
G72008IY	16003
G72348PK	5320
G72002FC	22047
G72002FC	17681
G72002FC	755
G72002FC	3709
G71957GO	25749
G72018SI	13673
G72300VE	12248
G72300VE	5445
G72046TZ	25778
G72046TZ	26336
G72070EH	1677
G72125QI	12679
G72580QS	279
G72580QS	22993
G72395MI	5454
G72663HO	2093
G72475NE	14030
G72662IG	26135
G72379PC	5090
G72718TT	14375
G72718TT	23284
G72601EC	1409
G72601EC	4076
G72620YF	12414
G72647WK	4414
G72587UU	14405
G72587UU	15815
G72698LT	24922
G72533FB	14014
G72526DQ	12502
G72745SQ	4278
G72599LB	12157
G72511CN	1566
G72729HN	4287
G73111YU	15765
G73076IB	16552
G73381RY	4584
G73211XU	25751
G73057DA	25520
G73161ZQ	15791
G73136IM	25610
G72821WX	7708
G72821WX	23289
G73173YQ	16316
G73418FX	25460
G72992IV	8934
G72748AQ	2627
G72974NP	26144
G73302KW	7694
G72919IM	25555
G72919IM	2950
G74026TS	2825
G74066YL	4363
G73868PD	2659
G73760YR	12385
G73548IN	3408
G73896IF	24769
G73930OK	15854
G73539WK	12659
G73708UL	666
G73708UL	605
G73763NQ	1815
G73567NI	1870
G73567NI	2023
G73567NI	4001
G73492AT	23221
G73578JC	598
G73578JC	599
G73578JC	6656
G73578JC	14349
G73578JC	284
G73578JC	524
G73578JC	14359
G73578JC	17955
G73578JC	18036
G74090KZ	25432
G73487DJ	16386
G74018VM	15796
G74121RX	749
G74396CO	17384
G74154RA	16804
G74484ON	5010
G74120DW	23888
G74120DW	7158
G74353FF	5997
G74353FF	9030
G74353FF	15228
G74353FF	22449
G74410ZJ	5199
G74268SC	13184
G74264KM	26252
G74130TT	8955
G74324PP	2742
G74433MQ	2637
G74458LK	11641
G74458LK	5190
G74458LK	11637
G74458LK	14145
G74458LK	14685
G74458LK	17897
G74458LK	19704
G74438AB	23530
G74459BD	1364
G74459BD	14245
G74838NI	25674
G74608QW	27649
G74782FR	2537
G74582QG	246
G74933IS	24925
G74645FT	24746
G75097MF	3296
G75097MF	23712
G74928QN	24748
G74574VX	24747
G74837KH	1288
G74859XI	23495
G74714EN	3433
G74714EN	3432
G75049FP	24861
G74975UG	16990
G74823CH	16747
G75048LT	633
G75087EW	12437
G74609HP	1242
G74609HP	17236
G74855SC	12387
G74916CC	5759
G74916CC	23278
G75381NI	4213
G75475RA	1436
G75475RA	25388
G75120WS	8069
G75120WS	23910
G75197HN	17077
G75319OX	642
G75308SV	24742
G75398ZA	26174
G75529YY	1851
G75277CR	18917
G75200TT	2622
G75200TT	1349
G75253BQ	3674
G75415WF	1025
G75518WT	7423
G75151NJ	236
G75339KH	4413
G75547TX	15890
G75236EF	1427
G75236EF	2104
G75178DV	5009
G75367YS	1428
G75367YS	4066
G75433IQ	16299
G75185NU	24741
G75448JJ	2003
G75448JJ	16295
G75384DE	2580
G75947FL	1823
G75757LG	12624
G75709RV	4298
G75704ZB	1772
G75839SN	23931
G75789AR	4523
G75789AR	695
G75789AR	4521
G75789AR	4522
G75789AR	4524
G75850OP	7985
G75850OP	259
G75850OP	22972
G75905JY	12445
G75671DO	13190
G75671DO	24158
G75959OB	17009
G75896PD	13264
G75896PD	24163
G76108PP	12108
G76548SO	3730
G76136FD	13682
G76136FD	24128
G76478FT	24177
G76478FT	13438
G76370WH	12447
G76544YY	13826
G76389HC	12840
G76195PM	12615
G76104SB	12837
G76355TG	25759
G75999PF	6887
G76483WK	263
G76320TN	375
G76081OI	2048
G76081OI	18188
G76384QV	26160
G76439VL	2773
G77058YR	25025
G77019UJ	700
G77026KL	3823
G77174TF	13768
G76666KS	1567
G77147RP	15704
G76583MP	1502
G76568UL	1630
G76837VW	12795
G76837VW	6554
G76837VW	2853
G76986JJ	2113
G76956DJ	14119
G77396HT	1789
G77577HJ	22858
G77481VH	4220
G77632HJ	4482
G77285LE	2871
G77244ZA	4056
G77583AR	248
G77195RI	6685
G77195RI	16822
G77223RQ	1258
G77553BJ	16699
G77339RV	18916
G77495MG	15941
G77495MG	29
G77481LZ	3153
G77593JU	2346
G77426UJ	16700
G77475MM	24866
G77252PU	3103
G77252PU	22978
G77252PU	26766
G77674IK	637
G77939BF	12802
G77653XA	12114
G77653XA	24003
G78074HX	770
G78074HX	19205
G78074HX	20055
G77824XV	27629
G78034SR	16487
G78030KJ	3233
G78030KJ	23709
G77712UR	1359
G77712UR	2862
G77670FL	3888
G77687SU	15772
G78071LY	22227
G77791EJ	12612
G77960OV	12505
G77923PO	16610
G77812KJ	26161
G78059CC	3657
G78059CC	4264
G78059CC	5726
G78059CC	5761
G78059CC	2926
G78059CC	3420
G78059CC	3571
G78059CC	16347
G78059CC	17369
G77828MY	5334
G77743UL	2824
G77638EE	15746
G78056MI	14936
G77639OD	23534
G78155FK	24633
G78519ZX	15741
G78573SR	3389
G78230VU	1354
G78230VU	1924
G78230VU	15999
G78615VF	16312
G78205EV	15862
G78325SJ	22635
G78347PZ	12863
G78436BB	2171
G78436BB	3222
G78436BB	5343
G78436BB	13722
G78153TS	3544
G78153TS	19961
G78249UI	7477
G78276SQ	2105
G78276SQ	23644
G78098IA	17443
G78098IA	3588
G78098IA	12177
G78098IA	15967
G78098IA	21905
G78098IA	25856
G78126EU	18168
G78475DU	13825
G78160OZ	5383
G78368CZ	1291
G78418FI	12459
G78418FI	15997
G78281SV	2264
G78535NS	27364
G78657XR	14278
G78173WX	24005
G78173WX	12161
G79021WI	16642
G79044TC	12566
G78890OB	26346
G78894EE	4491
G78727VW	27665
G78961ZT	15845
G78961ZT	15945
G78956IC	24534
G78956IC	17906
G78885XB	24833
G78929WE	4222
G78695LF	4189
G78915OI	4295
G79172UW	5472
G79172UW	23841
G78980OK	25596
G78818SP	25116
G78818SP	681
G78818SP	22461
G78813BX	1794
G78992FU	17003
G79202GR	15722
G78944YP	1795
G79536OW	747
G79536OW	3708
G79364BI	3379
G79333MY	7191
G79333MY	8924
G79333MY	16760
G79333MY	19425
G79333MY	19426
G79333MY	22475
G79348ZY	24955
G79215KX	4421
G79634CE	15782
G79556AB	24828
G79540ZR	5201
G79457WN	23215
G79449CY	2541
G79691MO	16433
G79578JB	24872
G79344MI	23116
G79446WY	1989
G79446WY	3348
G80047AR	2024
G80047AR	16807
G79809MM	3267
G79809MM	23326
G80068SW	12408
G79976GJ	16641
G79776GW	16275
G79713BZ	26590
G80085KS	13600
G80085KS	24186
G79803HS	23533
G79950YS	16609
G79950YS	24430
G79852UE	12672
G80062GG	1584
G80062GG	9502
G80062GG	19421
G79695ME	3659
G80415EJ	15754
G80434TI	16419
G80264ZA	26019
G80191VM	1168
G80343LW	1307
G80393PG	23328
G80393PG	3216
G80126GC	17564
G80126GC	27574
G80508RX	11761
G80153HF	612
G80357KJ	16501
G80537QW	24808
G80147LG	24881
G80498BB	5096
G80193TN	16883
G80180SI	2658
G80294GH	24755
G80970HC	2379
G81085EP	26027
G80858MF	3417
G80858MF	3954
G80858MF	5717
G80858MF	23241
G80858MF	24707
G80858MF	24708
G80566CZ	2025
G80566CZ	4002
G81096RM	16455
G81096RM	24400
G80966KZ	1165
G80966KZ	1232
G80966KZ	3413
G80966KZ	3700
G80966KZ	2936
G80966KZ	1925
G80966KZ	13278
G80966KZ	17463
G80966KZ	289
G80966KZ	3113
G80966KZ	3615
G80966KZ	23004
G81128IY	25384
G81128IY	1430
G80951VR	12606
G81060WW	1313
G81060WW	2504
G80719YH	1667
G80552MJ	1768
G80816XP	3387
G80816XP	19845
G81182NV	1668
G80610PK	3128
G80555SE	7761
G80829RZ	2339
G80943NY	26166
G80961NE	6414
G80923TV	12584
G81220GC	1964
G81345OW	17656
G81345OW	8768
G81345OW	6648
G81408RV	9098
G81328FA	26017
G81471KU	1550
G81422ZI	13913
G81397LO	25431
G81315DD	5705
G81315DD	1516
G81315DD	3410
G81315DD	23412
G81275AN	21434
G81275AN	23090
G81436EU	1392
G81436EU	4031
G81183YX	2543
G81253FL	3278
G81303NJ	8100
G81380NE	3351
G81356NS	23087
G81229DT	1607
G81430ON	3871
G81430ON	23730
G81240GQ	2782
G81793BO	272
G81793BO	22986
G81738MQ	23854
G81982NW	3977
G81832XS	16997
G82007MU	5244
G81554CS	14017
G81960EK	2014
G81960EK	3112
G81601EB	15758
G81980VO	23461
G81933FO	23489
G81761OR	12099
G81983KG	53
G81912AC	1388
G81912AC	14286
G81541IU	627
G81923ER	23511
G82033VN	26118
G81575FZ	15794
G82216JH	16482
G82348BZ	2026
G82348BZ	3411
G82348BZ	5710
G82348BZ	23271
G82320NZ	24352
G82420SH	24950
G82252QI	24345
G82252QI	16175
G82202JN	2652
G82106UN	3725
G82209TY	17011
G82556YC	252
G82050MN	24868
G82236PZ	18364
G82081LV	22626
G82458BB	1782
G82312JY	24123
G82085GX	5227
G82487CR	25961
G82648IS	2567
G82648IS	1348
G82779CI	17538
G82779CI	14851
G82779CI	24267
G82639GQ	25470
G82861UH	24923
G82841UV	12622
G82773SI	1434
G82773SI	25386
G82942ZJ	1527
G82942ZJ	23416
G82680EC	23264
G82858KU	1582
G82811EP	24796
G82853YO	7721
G83022ZQ	12677
G83357TS	1905
G83092KU	16981
G83134ZR	18359
G82987BA	18189
G83001FQ	12213
G83001FQ	25862
G83161QT	3614
G83161QT	1261
G83161QT	15868
G83161QT	295
G83161QT	17151
G83161QT	17167
G83161QT	18146
G83412LT	8944
G83402YY	23339
G83062JW	1783
G83351GP	3367
G83078TI	2922
G83155KW	4299
G83433HW	4048
G83131MU	4996
G83131MU	1362
G83716SQ	3268
G83635VI	23421
G83565SN	2623
G83737UD	25022
G83737UD	19238
G83916HL	13955
G83916HL	14468
G83619QP	1357
G83895FM	15689
G83926PC	26149
G83878UZ	22745
G83878UZ	23437
G83582BK	23254
G83582BK	12644
G83582BK	13698
G83828KF	3445
G83662TS	19601
G83513YI	748
G83513YI	22742
G83754KL	14279
G83945CT	1912
G83709GS	4114
G83864PP	3493
G83435CV	1943
G84053BQ	1385
G84053BQ	2703
G84390MS	24810
G83958MI	9964
G83958MI	25832
G84052CD	16801
G84163ZT	26096
G84440YT	3964
G84440YT	1381
G84448IT	4143
G84065BX	2563
G84376FR	24423
G84376FR	16602
G84170WO	4062
G84170WO	1665
G84170WO	1319
G84034JH	7781
G84034JH	25757
G84456HG	1394
G84456HG	4038
G84396LL	2018
G84301XG	1439
G84301XG	16208
G84273ZH	3688
G84020NP	1227
G84020NP	13842
G84020NP	16024
G84778XH	23078
G84495HF	1784
G84906AJ	3364
G84678BK	1279
G84536BM	26015
G84504LI	13762
G84874EV	24938
G84739AM	16239
G84852GW	2731
G84852GW	14256
G84852GW	23672
G84906ML	697
G84906ML	15950
G84882JT	2558
G84882JT	23661
G84808RB	13325
G84887KU	17040
G84629NY	4117
G84718MC	2006
G84467IZ	6068
G84467IZ	3851
G84467IZ	1766
G84467IZ	4271
G84467IZ	7986
G84647SC	17380
G84558OA	16452
G84891DZ	2310
G84891DZ	15851
G84777MO	26164
G84471AO	3384
G84783YG	12382
G85041WE	24666
G85226CQ	15752
G85116XO	25515
G84914ZF	22691
G85159UF	22865
G85485OQ	12210
G85422ZY	14025
G85542KD	12847
G85542KD	17373
G85542KD	23509
G85016IG	17160
G85260RY	24797
G85545QE	615
G85106DS	26117
G85460ZG	1277
G85563LA	3382
G85619IU	2727
G85930OB	14308
G85974HF	15721
G85735KR	5328
G85562TB	15677
G86005HP	24783
G85767HW	3903
G85767HW	3901
G85767HW	19630
G85767HW	23291
G85843WY	1376
G85843WY	2705
G85738YX	11771
G85856KC	8152
G85856KC	381
G85856KC	26789
G85856KC	27157
G85750HN	15790
G85953MG	15769
G85620YV	15898
G85790MP	16466
G85895SP	16167
G85895SP	24341
G85608AG	25721
G86002PC	24551
G86414FL	12665
G86388AX	5040
G86118KP	15785
G86102AA	24835
G86451IJ	8653
G86157UQ	6638
G86157UQ	1416
G86357DX	1524
G86357DX	23228
G86083AM	13034
G86102WJ	1280
G86085BW	8929
G86355AM	14153
G86377KB	12686
G86117ZB	12501
G86143FV	2763
G86459PH	13843
G86459PH	2559
G86095OE	26156
G86018QV	15673
G86837CD	23659
G86837CD	2390
G86566TX	22568
G86591TT	1907
G86801QH	22374
G86730KO	7720
G86606NT	1787
G86490WA	23688
G86718PI	2754
G86718PI	3436
G86700TF	3960
G86861MW	4958
G86582QF	27716
G86517XT	1303
G86753CK	24813
G86696LV	24812
G86555OF	25671
G86851RC	7120
G86851RC	230
G86851RC	2216
G86851RC	7121
G86851RC	22079
G87377KZ	3164
G87377KZ	23706
G87377GM	13186
G86874HJ	14647
G87264NH	12432
G86928UZ	23918
G86928UZ	8225
G87164WU	2344
G87073UP	26033
G87205VF	2279
G87051PY	2534
G87217CO	16445
G87217OF	1796
G87138HL	24492
G87236NR	15966
G87236NR	21906
G87309GS	12592
G87256FP	16996
G86906WK	1240
G86906WK	17235
G86952JZ	15685
G86951KU	3679
G86914AE	13755
G87819IQ	17012
G87564QI	18488
G87877ES	3589
G87877ES	22962
G87877ES	16011
G87877ES	82
G87535DG	25672
G87867IZ	6311
G87690VK	16248
G87507EP	2582
G87921DA	724
G88000AO	12027
G87514QJ	3460
G87457SB	24784
G87656FV	12481
G88009HX	2361
G88382QE	276
G88382QE	22989
G88127MB	24744
G88435TS	24853
G88313DY	14844
G88313DY	14843
G88313DY	26080
G88014YP	8948
G88321DT	16603
G88321DT	24424
G88329BN	13915
G88329BN	12570
G88194GI	16431
G88421PE	22967
G88421PE	2732
G88334IC	16147
G88334IC	22447
G88366YR	4294
G88310CR	12605
G88417ED	23508
G88329MH	16313
G88437QR	2987
G88303DD	25526
G88227HW	15775
G88043PD	16516
G88140NN	15678
G88761ZT	5241
G88948CY	23529
G88800UV	1309
G88708XF	27697
G88687UE	19748
G88703MC	3405
G88582ZD	23341
G89027OP	16542
G88461FF	23507
G88537BJ	25914
G88725FA	3461
G88469YE	8179
G88641OF	16647
G89074AP	2836
G89323TE	15779
G89168LM	24885
G89565QL	4142
G89144TN	14195
G89144TN	24241
G89144TN	24624
G89293FU	3399
G89290XU	27597
G89285QP	1786
G89345GA	15711
G89481IZ	226
G89039YE	18134
G89523CC	8103
G89117DH	25554
G89333WS	27666
G89143RS	3870
G89143RS	23729
G89279YZ	12582
G89615SV	17079
G89584RR	15715
G89808TP	14024
G89661WR	16420
G89659QV	22048
G89659QV	756
G89663TB	1302
G89864BN	297
G89864BN	23012
G90017UO	22770
G89993FE	2364
G89993FE	23269
G89736UW	16850
G89865CB	26113
G89637WE	1125
G89637WE	4320
G89637WE	4319
G89923TD	2906
G89774MA	1576
G89941FZ	13616
G89941FZ	24188
G89673VM	12460
G89877QI	8070
G89877QI	7987
G89877QI	4266
G89643QK	253
G90130AG	25543
G90099GV	16010
G90099GV	1073
G89840WM	13299
G89905SH	712
G90142YY	3924
G90703DJ	26215
G90825UM	12366
G90825UM	23060
G90825UM	12281
G90771OP	8950
G90686TN	16127
G90686TN	24330
G90712YJ	1814
G90154FT	12648
G90784AP	24103
G90784AP	12719
G90417DH	12334
G90348RI	278
G90348RI	22992
G90542MP	24800
G90870DG	23218
G90334GI	3390
G90333CG	14238
G90333CG	22509
G90333CG	22846
G90725ZC	9992
G90725ZC	22970
G90387AM	11891
G90562PB	18931
G90562PB	18930
G90562PB	154
G90562PB	19979
G90562PB	7441
G90562PB	6508
G90562PB	18929
G90562PB	19638
G90562PB	18932
G90562PB	14341
G90223GH	24983
G90251SV	15189
G90230CI	12518
G90790SM	15716
G90723FE	2334
G91237TK	17666
G91237TK	13890
G91237TK	8171
G91237TK	14340
G91237TK	13889
G91237TK	3247
G91237TK	9826
G91237TK	520
G91237TK	18599
G91237TK	168
G91237TK	761
G91237TK	3943
G91237TK	8305
G91237TK	22437
G91237TK	25107
G91068DJ	24559
G91079GH	3543
G91079GH	3798
G91079GH	14432
G91079GH	17063
G91081MA	11764
G91144VS	12407
G91089ZR	1324
G91089ZR	5584
G91127OX	3807
G91127OX	3829
G91023GB	3926
G91023GB	23633
G91161VR	16575
G91156HJ	4206
G90999QY	16813
G90950UC	1308
G90884CI	3402
G91337ZP	25598
G91404LJ	2863
G91345JE	27610
G91240HI	1272
G91311MD	10021
G91312MX	25678
G91312MX	3847
G91365ZQ	2711
G91365ZQ	258
G91365ZQ	16488
G91365ZQ	22971
G91277HN	23759
G91845HM	23460
G91410ZU	16418
G91511MZ	24967
G91704EI	15692
G92024SL	25983
G91409SX	12619
G92042VQ	706
G92042VQ	16001
G91684MM	18342
G91518OM	4990
G91413ZX	2137
G91704UR	7259
G91704UR	23302
G91731RP	15783
G92175CL	694
G91731DX	377
G91583AW	22717
G91474EO	17041
G91624CJ	11763
G91905FJ	24090
G91905FJ	12704
G91560NT	166
G91560NT	22050
G91532KA	15963
G91532KA	165
G91846CD	3158
G91550OH	25706
G92574YO	24102
G92574YO	12718
G92232VN	16640
G92582TM	5134
G92582TM	25437
G92327HS	16504
G92237PN	14140
G92237PN	17518
G92237PN	25499
G92506EC	15709
G92429IK	15863
G92684AL	23940
G92684AL	25120
G92311HB	22649
G92311HB	23359
G92567CF	24039
G92567CF	12531
G92303LR	26325
G92320PF	709
G93209OB	3619
G93301VQ	13305
G93310KW	1779
G93320VA	1759
G92848CF	26175
G93210GW	1629
G93290WH	3697
G92795CJ	6973
G92814LI	6416
G92805XC	2148
G93450CE	19747
G93160RG	8954
G93400AK	6669
G93412AQ	3499
G93470LV	16149
G93470LV	26207
G93816OI	15751
G93780IW	4087
G93507IP	2414
G93607TQ	5202
G93520OM	625
G93694YU	1219
G93602DI	16798
G93638TT	15725
G93802CF	8928
G93500PH	243
G93500PH	7726
G93500PH	2932
G93500PH	14188
G93500PH	3874
G93500PH	3470
G93500PH	3425
G93500PH	22957
G93692VT	16802
G93788SW	25019
G93788SW	19234
G93553MJ	12623
G94394GK	24865
G94363RH	26180
G94047VH	24795
G93955WL	16618
G94156YI	24324
G94156YI	16104
G93891IZ	4217
G93984MO	3480
G93871LV	13324
G94106MV	287
G94106MV	22446
G94045IP	24779
G94342QN	2786
G94232LU	3496
G94085FI	16624
G94278FQ	16048
G94163JZ	26020
G94498MI	4571
G94748CQ	23085
G94531EZ	12711
G94531EZ	23494
G94798MK	7489
G94798MK	2570
G94798MK	4171
G94562LS	4168
G94610SC	24838
G94770AN	16203
G94733WZ	23912
G94733WZ	8072
G94449IF	23687
G94449IF	2960
G94626GC	7149
G94626GC	23440
G94468TS	1963
G94734OT	24908
G94718HG	17136
G94827SR	7754
G94559IJ	23459
G94559IJ	27336
G94481KZ	24515
G94615OV	16481
G94435QH	7474
G94435QH	12920
G94435QH	14630
G94435QH	4009
G94435QH	6457
G94435QH	9990
G94547KR	1996
G94547KR	3941
G95336MK	280
G95336MK	22994
G95166FG	16447
G95086RV	3381
G95298UR	23377
G95393JS	24757
G95200WW	18376
G95437AC	6412
G95014LS	16973
G95223JW	8183
G95375WT	4118
G95420RF	6409
G95420RF	25286
G95462VZ	12616
G95357RI	1078
G94923PG	17455
G94923PG	17453
G94923PG	9699
G94923PG	9698
G94923PG	17454
G94923PG	17029
G94923PG	17461
G94923PG	6090
G94923PG	9700
G94923PG	15511
G94923PG	17456
G94923PG	17457
G94923PG	17458
G94923PG	17459
G94923PG	17460
G94923PG	18077
G94923PG	18078
G94923PG	19002
G94923PG	19003
G94923PG	27370
G94850KK	17809
G95142MK	4221
G95658PH	25464
G95677OZ	24197
G95617FJ	12239
G95617FJ	24012
G95619PX	15729
G95542JQ	26104
G95898GD	24935
G95919TI	25747
G95739UA	16511
G95490LA	14235
G95490LA	24246
G95537KQ	16238
G95528UC	2601
G95882HX	3685
G95491GH	14156
G95616YE	11792
G95567CI	630
G95901MC	6693
G95901MC	23537
G95473VJ	1805
G95801EZ	16444
G95695ZV	23334
G96251ED	16258
G96359AD	14875
G96024GG	24386
G96235XM	26140
G96091LW	23895
G96091LW	7261
G96364RV	3675
G95956WE	24218
G95956WE	13731
G96168ED	2600
G96225KT	1259
G96045AL	13677
G96214EI	13424
G96063MG	23505
G96057TO	3693
G95963DM	25405
G96153DN	23718
G96113SZ	25681
G96079QX	13760
G96017QA	2866
G96841SQ	2022
G96445EY	15690
G96717WN	15671
G96570OI	4158
G96881BQ	2237
G96881BQ	15465
G96881BQ	13706
G96881BQ	13707
G96881BQ	7573
G96881BQ	22748
G96881BQ	17744
G96881BQ	19865
G96881BQ	17793
G96881BQ	7572
G96881BQ	1896
G96881BQ	13718
G96881BQ	15463
G96881BQ	15882
G96881BQ	17743
G96881BQ	22074
G96881BQ	22729
G96881BQ	27205
G96674LJ	25473
G96839UN	242
G96401FK	3710
G96401FK	757
G96746BC	16421
G96417PJ	5714
G96417PJ	23043
G96596OC	9914
G96538JO	2347
G96538JO	22448
G96738MG	25439
G96738MG	6422
G96797OU	2639
G96834JC	3729
G96370EB	23233
G96709CX	5042
G96503EZ	24807
G96758WF	16576
G96439CH	15712
G96719MC	24818
G97423PY	15648
G97423PY	24278
G96915NW	15763
G97453GF	26013
G97353GO	16322
G97304IA	17177
G97304IA	2256
G97304IA	2497
G97304IA	504
G97304IA	21580
G97304IA	17174
G97304IA	15580
G97304IA	18608
G97304IA	13376
G97304IA	5870
G97304IA	15039
G97304IA	15045
G97304IA	13377
G97304IA	15046
G97304IA	17176
G97304IA	2430
G97304IA	9319
G97304IA	9320
G97304IA	15042
G97304IA	15044
G97304IA	15047
G97304IA	15250
G97304IA	15251
G97304IA	15252
G97304IA	17120
G97304IA	17173
G97304IA	17175
G97304IA	17178
G97304IA	17179
G97304IA	17183
G97304IA	17184
G97304IA	21581
G97413OV	16416
G96963QG	24936
G97455PT	13802
G97455PT	23596
G96919WB	23952
G96921ZU	270
G96921ZU	22984
G97023FS	8166
G97051EO	13964
G97436XI	17812
G97168TC	2835
G97292GW	705
G97709WW	12474
G97607IA	16301
G98140IX	2939
G98140IX	16169
G98140IX	7113
G98140IX	23279
G98115AV	26006
G97904NO	6315
G97904NO	12698
G97874DV	660
G97489LK	16954
G98212GQ	2923
G97975GF	8104
G97501MA	670
G97501MA	15222
G97674NY	23638
G97948YW	1812
G97908CK	14154
G97569KL	702
G97569KL	5318
G97765TT	25668
G97720QM	24943
G97553BW	6425
G97553BW	25441
G98549NZ	13759
G98366ZJ	23821
G98512CR	16736
G98559XP	275
G98559XP	22988
G98393IW	16994
G98565KP	24428
G98565KP	16607
G98308VA	8947
G98304AO	12649
G98654DA	2539
G98338IO	2743
G98544DH	153
G98544DH	17953
G98544DH	5786
G98544DH	17684
G98544DH	17806
G98544DH	17807
G98544DH	25108
G98726UE	2699
G98726UE	987
G98419CX	3491
G98490BN	1400
G98490BN	16794
G98398TH	3698
G98465JN	2682
G98335IX	5316
G98335IX	7305
G98417SQ	16979
G99229VQ	14625
G99129GB	1281
G98736SM	27648
G98900YM	18485
G98862GW	23335
G98899DA	27631
G99074EO	24931
G98795OG	12412
G99019LG	2525
G99053DY	9909
G99053DY	745
G99053DY	22444
G98809PE	23212
G99026RX	12247
G99374NI	12645
G99372TR	14626
G99264QJ	8709
G99516QU	5711
G99516QU	23045
G99270AV	24858
G99524KA	25117
G99524KA	164
G99507PM	12862
G99309EE	12803
G99315PE	14845
G99315PE	15229
G99315PE	14846
G99315PE	4011
G99312NX	1593
G99312NX	7716
G99603GB	23401
G99533GU	24729
G99595YZ	16259
G99373GG	3188
G99626QO	1774
G99669MJ	1568
G99770NO	26001
G99753FF	18535
G99772FN	1674
G99991IU	5854
G99647DZ	2625
G99956MJ	15693
G99858XP	23417
G99858XP	1528
G99829YW	23280
G99954IG	251
G99954ZJ	25556
G99909LZ	1865
G99909LZ	4141
G99849MX	3575
G99969SS	24126
G99866WK	4269
G99927HL	23853
G99927HL	6419
