GlyTouCanAccession	GlyConnectAccession
G00027MO	1555
G00031MO	1947
G00033MO	3318
G00035MO	2294
G00037MO	925
G00039MO	500
G00041IL	763
G00041MO	690
G00043MO	119
G00065MO	2804
G00094SE	2238
G00133UK	548
G00155YT	1542
G00176HZ	359
G00219VH	2620
G00227RN	1772
G00231IQ	1279
G00249IY	2511
G00249XF	1775
G00272VU	1535
G00281HB	2477
G00320ZP	2336
G00371DJ	16
G00395TQ	1879
G00423TL	2252
G00468NI	1419
G00551JZ	3166
G00598SQ	3630
G00662IB	611
G00662UH	1643
G00666EC	2402
G00670OT	888
G00728SN	118
G00743WU	360
G00754TS	2579
G00797ZX	2827
G00800WJ	2590
G00814BW	2037
G00875VP	473
G00951UF	2745
G00978GW	3358
G00979XR	179
G00982CE	1987
G00986YT	3303
G01079KY	3050
G01120GS	1372
G01181WH	1753
G01187XC	3238
G01243KR	2909
G01268DU	2646
G01304XG	1031
G01316HN	1700
G01338AS	2153
G01351CD	2441
G01378OV	1136
G01457KB	2782
G01473WV	3404
G01543ZX	3590
G01546PE	542
G01577DB	3245
G01600VV	2873
G01614ZM	2641
G01625GQ	818
G01650PH	3099
G01669LU	1627
G01744JD	2141
G01769FS	2997
G01856RL	3007
G01935FK	751
G01954BU	631
G02014WF	461
G02029PW	1867
G02032MW	134
G02230VA	2595
G02256MB	38
G02290KA	3554
G02311IE	1439
G02368JK	39
G02393LQ	3021
G02397SF	539
G02522JF	1905
G02561FC	1870
G02611WU	802
G02622IU	213
G02661MY	3144
G02679YX	3550
G02752WS	3018
G02763QD	1656
G02856QE	84
G02942YF	1434
G03005MJ	2681
G03056DW	525
G03091JW	1614
G03146JP	3647
G03172PR	2822
G03216SJ	2311
G03260OU	2310
G03263DS	2048
G03275SD	3063
G03304QB	34
G03340FG	305
G03412UM	2591
G03436RQ	2100
G03473UD	1336
G03481FE	2968
G03494YC	1802
G03542TR	3506
G03584KV	1003
G03597FX	3203
G03670RH	1573
G03674DU	3636
G03700EN	2561
G03706EO	929
G03717EM	1724
G03754YM	2608
G03757EK	2403
G03847RK	3047
G03860PZ	1895
G03889MY	682
G03895SR	1742
G03900NK	3110
G03934XO	437
G03964XM	321
G03975EI	79
G04114CX	163
G04267HE	2485
G04273XP	3074
G04291AF	1091
G04328BO	883
G04437UY	1951
G04483SK	2005
G04501FH	468
G04576KS	317
G04608YG	1420
G04670NE	3173
G04689DA	88
G04715AF	1770
G04744XB	2119
G04764ON	352
G04765GH	692
G04791QM	938
G04823YN	1623
G04836KE	1885
G04842IW	1502
G04908IA	2773
G04909DG	1344
G04917SF	667
G04920ZE	2460
G04959WS	1855
G04976EC	680
G05140WY	2483
G05187WH	2734
G05229BF	711
G05241IE	51
G05260RH	753
G05279MG	1848
G05307LM	2532
G05331JD	3177
G05374TU	2688
G05380VG	2841
G05421OW	2047
G05610JO	248
G05620VJ	761
G05746XD	1953
G05751AZ	5
G05808PZ	3192
G05811XG	1452
G05817PZ	1807
G05837QA	2157
G05848DX	3155
G05950HG	3093
G06022DR	476
G06038KF	2683
G06069CG	3645
G06078SG	1098
G06100EH	538
G06116KH	2891
G06206UV	2768
G06209KS	2355
G06210XB	3313
G06216UH	792
G06279ZC	1354
G06285KB	2529
G06317RG	3022
G06392KM	1556
G06460LD	2963
G06557IC	1763
G06616KY	3569
G06656BE	2426
G06830JN	372
G06885ZB	3252
G06928XT	147
G06953DR	40
G07015TW	1412
G07041CT	1319
G07097VH	2803
G07162IJ	2283
G07191NE	2821
G07262RR	86
G07301IS	1684
G07337US	2868
G07392QY	269
G07410AW	2622
G07443RM	2535
G07483YN	678
G07508HQ	1793
G07575HR	3581
G07617FP	1964
G07641WS	431
G07646UD	1841
G07668UR	355
G07677VL	3511
G07692KY	442
G07695ZT	1811
G07767MC	57
G07802IC	2183
G07810SB	848
G07869UA	1634
G07920XA	3599
G07932PU	55
G07947TY	636
G07988QE	2792
G07995VK	2041
G08062CY	2204
G08076GP	1381
G08131WI	1307
G08146BT	1519
G08190JB	2987
G08242BT	3365
G08340FW	1363
G08371VN	2941
G08431YY	933
G08439GP	1782
G08463CD	2367
G08514XR	2219
G08520NM	3141
G08551YA	2984
G08606CV	1670
G08624KO	3369
G08653HP	2996
G08673AT	2634
G08697NH	1861
G08709JB	1609
G08790WV	204
G08907YK	729
G08916CY	3250
G08939IS	1373
G09026AJ	2317
G09057YJ	2713
G09087VQ	97
G09095HL	749
G09118YK	1816
G09150LP	3438
G09176OA	2517
G09185DX	1495
G09287HW	1974
G09416DG	3073
G09441VY	2954
G09480OP	3456
G09482NW	948
G09517ZR	1499
G09520ZQ	1353
G09546QO	1492
G09576QH	1022
G09633HU	2663
G09663DE	1046
G09684AX	1630
G09696LD	1897
G09698FP	3380
G09709WX	2923
G09724ZC	313
G09811YI	471
G09826WW	1577
G09921WG	255
G10008NR	1977
G10013HB	584
G10073SM	2565
G10082ZS	170
G10219AA	2075
G10225UW	1651
G10228OD	2929
G10258MC	3158
G10374FO	1714
G10385EY	2196
G10422IZ	1922
G10425SO	182
G10471FG	3485
G10488WF	1229
G10514PF	1348
G10514PF	674
G10562QT	456
G10564SS	2085
G10568ZJ	222
G10609HO	262
G10615JE	2761
G10625VD	1662
G10651WD	223
G10664FL	2026
G10687EF	292
G10705PR	2334
G10706IL	3197
G10716SX	1290
G10756ZZ	2878
G10924UK	2658
G10944ZI	41
G10973QG	288
G10995NB	2352
G11010YY	724
G11041DA	2481
G11060OT	983
G11061VC	1135
G11254FL	2710
G11263ED	434
G11282GU	3032
G11318MQ	2194
G11324RD	791
G11329LI	2998
G11346GZ	127
G11392CL	2749
G11417QD	871
G11453BM	2143
G11457RF	2376
G11460AB	1043
G11509RN	748
G11528MV	1588
G11535IB	1287
G11561RV	2964
G11578PH	3607
G11613HW	3397
G11637WL	566
G11647UD	705
G11671GQ	1473
G11688DS	1970
G11712ZQ	1360
G11758TL	2813
G11846US	2033
G11860YJ	2495
G11885NX	2662
G11908FF	1548
G11929SN	555
G11967GO	1226
G11994QC	2563
G12012YB	1065
G12021KH	1298
G12035CL	2149
G12121CY	3621
G12143FS	1672
G12222NC	3459
G12232DG	1300
G12241WD	1668
G12274AS	1048
G12393CD	2698
G12396GB	1976
G12398HZ	910
G12417OE	3235
G12436UO	856
G12457EA	1681
G12464FX	2559
G12511VU	398
G12616PJ	1331
G12678YV	176
G12679QG	2722
G12743GW	2901
G12802HY	2598
G12814JP	3439
G12866IA	1210
G12900GB	2192
G12920QL	3312
G12932QT	1441
G12953IP	3450
G12968JL	858
G12976MZ	2640
G13041EF	3090
G13074YF	2602
G13122AV	2466
G13144BT	2999
G13151XE	217
G13156PQ	823
G13165FV	788
G13178HT	1769
G13179DW	3426
G13181ZZ	2213
G13197FM	2789
G13204HV	1490
G13260JU	1102
G13269KZ	3440
G13282WA	2549
G13290KJ	2567
G13292XY	2515
G13335AQ	2839
G13366MT	3295
G13454LA	2869
G13659RH	2107
G13695SV	285
G13785QH	15
G13800FQ	3443
G13824WQ	2615
G13863XN	3481
G13897ZB	50
G13910LY	2877
G14023ZV	2015
G14047PA	1277
G14050KB	1398
G14068WV	1339
G14127XU	2433
G14199EY	3127
G14224WX	1316
G14227RA	2944
G14296HB	1744
G14367JE	415
G14380OJ	778
G14389GM	1193
G14561VC	3549
G14572XX	2391
G14693JJ	2328
G14696LD	1664
G14767DF	233
G14889WU	1224
G14950CY	909
G14996IQ	965
G14998UC	902
G15013TW	3272
G15016TE	1932
G15021LG	534
G15065YV	997
G15158DC	1164
G15158LV	3299
G15173TI	1362
G15198VK	1394
G15393WU	1411
G15407YE	1240
G15433HJ	1842
G15555MR	3405
G15560RP	220
G15631KB	1423
G15683CN	20
G15703MZ	1669
G15714MJ	2131
G15757MR	533
G15825OT	1315
G15828HX	2802
G15859AU	2711
G15938BX	1317
G15945ON	746
G15956KF	2835
G15985WB	416
G16107MY	1726
G16117GO	2032
G16150CJ	3541
G16155TD	214
G16233TX	139
G16265MV	2395
G16276PY	1119
G16341ZC	1323
G16370GQ	941
G16389EC	1826
G16529MG	992
G16536EO	1749
G16546ZZ	228
G16590BZ	2135
G16609LV	2612
G16641ZZ	2540
G16679DU	2452
G16696HU	2587
G16739XD	3403
G16739XK	1042
G16742CI	2925
G16774YZ	770
G16828VN	70
G16831PL	2512
G16873YG	401
G16932ML	641
G16933JU	3579
G16956YO	379
G17041QN	449
G17050CK	2016
G17095DP	369
G17126MK	3133
G17155VX	1227
G17168RO	1482
G17199HN	1648
G17205DU	971
G17236TT	3188
G17269LY	1477
G17280PS	1258
G17336WC	1690
G17339LD	2209
G17409FQ	2497
G17410PS	1358
G17413FR	2459
G17413FR	3314
G17433EW	1835
G17473NR	2866
G17540HT	664
G17667YX	1914
G17673XH	241
G17689DH	1077
G17689EW	3561
G17709UI	2292
G17751ZM	3195
G17752YB	319
G17791VR	3101
G17804IQ	1500
G17810KS	1337
G17827EU	1385
G17893UF	3503
G17908GP	1804
G18117YG	125
G18166BF	1430
G18188WJ	3665
G18214MO	2674
G18219CJ	989
G18220BL	2744
G18315LD	911
G18362VR	252
G18414FL	3663
G18438YA	1640
G18447KU	843
G18472TI	625
G18516QW	3083
G18519LX	2895
G18544DI	3336
G18574CV	1513
G18603ZQ	322
G18627LZ	309
G18636VE	2756
G18638YB	638
G18641IV	2851
G18695QD	3325
G18841NY	595
G18853HA	1550
G18929GK	1265
G18938DW	443
G18946TX	2617
G18947DS	1589
G18948TG	1602
G18948TG	2203
G18963DQ	2147
G19017MP	3242
G19023UQ	3230
G19075PM	472
G19138OU	128
G19252ZI	3286
G19354PF	234
G19397EJ	3301
G19444JC	2618
G19469VZ	870
G19490DN	1957
G19499ZH	186
G19521BV	1925
G19568JE	1723
G19588HA	1750
G19615BB	2029
G19652EM	3545
G19687OL	1051
G19726AG	916
G19749DC	3228
G19811YA	2418
G19813SH	3605
G19840AF	2399
G19914RN	2372
G19958IL	2784
G20030CU	944
G20059NZ	1798
G20113TH	157
G20165PS	1709
G20170YB	2215
G20218ZS	1557
G20248TO	3061
G20305DX	1349
G20352YV	2946
G20367UY	758
G20482JP	3564
G20512LK	2288
G20697MN	1086
G20713UI	1522
G20749KW	1685
G20751GZ	3271
G20757EV	1032
G20767LB	107
G20779SK	2800
G20815TK	781
G20883QG	1177
G20956ZK	3134
G20966IA	2282
G20966TZ	1170
G21001NA	474
G21050RT	1069
G21066IE	3001
G21071II	2715
G21112KH	2330
G21196UL	1087
G21200QC	340
G21290RB	54
G21297DP	2833
G21311YA	1248
G21385AQ	2526
G21411GO	3100
G21412CQ	851
G21415RL	2021
G21469TE	570
G21507RO	1955
G21561XX	294
G21672LC	521
G21672MV	961
G21679ID	1318
G21696DT	3552
G21737WY	1658
G21793RV	2486
G21823MR	3600
G21845NG	1190
G21928TI	1628
G22140GZ	3471
G22208HN	2575
G22222BH	2042
G22340YC	3495
G22354SF	1212
G22388FD	2786
G22420ZP	1494
G22516UQ	3595
G22537YO	3422
G22546XD	148
G22573RC	2007
G22626SX	887
G22632KM	1764
G22674CI	3071
G22687XW	819
G22721QX	2387
G22768VO	11
G22826KU	3016
G22851QT	2965
G22852AR	2179
G22898PA	1156
G22945AN	3140
G22981GY	3046
G23021IW	2604
G23066SI	2970
G23087XI	872
G23094JF	394
G23109YO	2959
G23119MJ	2284
G23154TX	3013
G23193CN	82
G23295TF	334
G23305TF	1593
G23333KI	1099
G23340ZN	2523
G23345GE	1463
G23438NR	1872
G23484GM	1903
G23494UZ	1845
G23512SE	1101
G23546LY	1904
G23581EK	1980
G23616ZX	1187
G23626NI	2611
G23665FB	592
G23721DM	81
G23739FM	1611
G23755RZ	681
G23799GS	354
G23824AT	3297
G23870PO	3037
G23901NY	3357
G23927CE	1537
G23975EE	530
G23990GP	952
G24068UY	1732
G24191XX	2430
G24202BK	2962
G24293BT	3270
G24363HJ	3219
G24366RG	3240
G24371IA	1805
G24413UY	424
G24432GW	3091
G24440EI	1975
G24464VD	2044
G24485FS	2361
G24501HF	1225
G24511TX	2846
G24529NQ	921
G24600RJ	1722
G24637VC	2736
G24672GO	2978
G24691QN	1565
G24693UW	129
G24748QU	1857
G24769QK	914
G24830VD	2947
G24946XU	3171
G24970IL	3175
G24987TS	338
G25127JU	931
G25140TA	320
G25233TU	1343
G25297CU	3343
G25323VU	101
G25340RJ	924
G25350TT	361
G25363YF	429
G25381UC	1208
G25392ZR	3540
G25407RZ	175
G25413GH	1631
G25416CE	505
G25426PD	2357
G25432CN	2313
G25459WN	699
G25481DT	143
G25520XG	2933
G25538MM	200
G25559RS	2470
G25559RS	3277
G25577BM	3170
G25713RA	3315
G25764DO	2928
G25778VW	863
G25780HH	1214
G25835MT	2050
G25837HW	982
G25865TC	1427
G25955UH	158
G25965IE	245
G26034OB	2924
G26076FX	2548
G26080SE	10
G26142HL	1262
G26145IL	1311
G26166QH	2684
G26177RQ	527
G26217KL	2937
G26264SQ	1967
G26295XE	2112
G26320VO	2413
G26325MG	1847
G26335RK	3114
G26341TZ	2322
G26421QW	3266
G26474XX	1034
G26493RP	1552
G26497EU	2341
G26508HK	1325
G26596ON	2651
G26624YG	2601
G26644DW	675
G26684GN	316
G26690QG	1025
G26700PN	2339
G26724PP	3436
G26775OX	831
G26777KI	580
G26777RD	2035
G26798CI	2569
G26935KA	3327
G26949IX	2976
G27030ZC	892
G27102CT	2034
G27122CE	3567
G27165KO	2562
G27171ZS	2058
G27188NC	2231
G27223CU	1784
G27248RA	1169
G27281KS	277
G27290LL	618
G27293OK	1028
G27345TX	3408
G27383GK	2331
G27389SR	2099
G27440CC	2302
G27456PF	2603
G27499KV	2685
G27523II	3089
G27526RV	373
G27561QX	2469
G27562KD	3387
G27608TI	446
G27716UU	2696
G27719XP	2740
G27726WH	2991
G27776PG	64
G27844UM	1075
G27893KR	3524
G27919IH	2198
G27967WE	1620
G27996AZ	60
G28052FT	1740
G28116PK	2850
G28120QK	3682
G28156XV	1950
G28161SK	2237
G28233ME	3484
G28347RJ	1425
G28384MU	3227
G28439XZ	713
G28550OD	1704
G28615QI	889
G28651UO	1880
G28663KH	75
G28677QR	1263
G28723UT	114
G28747XN	2244
G28754WB	756
G28839WC	1359
G28877HV	646
G28948UC	2776
G28949EK	1887
G29011JC	2524
G29025YS	3611
G29039FY	652
G29056SI	988
G29097SS	3623
G29130SY	386
G29166US	2420
G29214BB	1771
G29228MX	3279
G29230PI	67
G29231AT	266
G29290EB	115
G29301NP	2277
G29377XJ	451
G29393FW	3522
G29418HB	2668
G29434SO	1916
G29449JO	1371
G29483LI	976
G29500SJ	1479
G29524AT	936
G29568VE	2363
G29580VZ	640
G29587NV	1383
G29644TC	2832
G29676WX	66
G29857RC	3539
G29905OR	1695
G29940LU	295
G29966LR	2682
G30159WR	3465
G30268KJ	3004
G30293NE	1646
G30296PK	730
G30302VM	731
G30304IT	2406
G30392XP	2098
G30434OH	930
G30443NG	1184
G30443WG	2974
G30460NZ	1148
G30505TQ	1661
G30514JJ	62
G30633FJ	3655
G30704AF	3583
G30729YJ	22
G30743QX	2251
G30816RB	1174
G30853DH	235
G30871VQ	2550
G30901GC	1384
G30933VG	1285
G30969JI	1788
G30975WS	411
G31010RQ	260
G31110RD	2163
G31119YY	484
G31189KC	2117
G31242TK	3382
G31294RU	1026
G31317XB	2973
G31335UO	1370
G31380TD	2653
G31393GR	3224
G31457FJ	397
G31532GK	1314
G31639NG	191
G31670BC	842
G31747RS	268
G31774SW	1168
G31787HV	1511
G31838XA	956
G31849TV	100
G31894KJ	1553
G31991IV	3448
G32072NY	1822
G32104JU	2812
G32149KV	1610
G32152BH	3668
G32156ZV	3412
G32190EA	607
G32250QD	3547
G32305RZ	1952
G32381ON	26
G32405GG	1711
G32426JY	1113
G32510SF	3102
G32551IQ	907
G32590UP	2766
G32611KT	1604
G32648IV	2592
G32652KI	1120
G32659RY	226
G32660RB	1910
G32685CP	1284
G32704TW	479
G32711PR	74
G32715TG	2845
G32723SL	343
G32791GB	2478
G32854GF	1002
G32883QH	1906
G32898UF	2381
G32910OR	2455
G32948PW	1366
G33101WA	3499
G33138MM	3184
G33230CR	2672
G33241WC	715
G33262YZ	2463
G33264BF	1729
G33279YE	920
G33284WZ	3160
G33350BW	2449
G33350UC	1677
G33418YX	2952
G33508VK	2969
G33608TH	2541
G33627YQ	2394
G33671BL	2389
G33734YD	610
G33758XE	2830
G33780DA	432
G33802UM	3205
G33860PM	1928
G33876UV	173
G33894ZI	2825
G33947BV	1999
G34100DU	358
G34158QP	981
G34168KI	2918
G34381JF	53
G34442SS	2767
G34449FW	1810
G34499SX	1405
G34527RW	135
G34567KI	1725
G34634NL	2949
G34723UV	52
G34725PD	721
G34751ZZ	1777
G34764BK	1447
G34824ZD	760
G34861PV	1112
G34877SN	236
G34914SZ	445
G34985XL	1902
G35048ZM	1158
G35127VU	7
G35226HQ	990
G35231LE	979
G35291GU	56
G35324SL	1245
G35364KM	1852
G35435HL	3048
G35437KG	2101
G35479XP	2268
G35562PU	286
G35577EK	2136
G35599NO	76
G35609TJ	627
G35619UY	2695
G35655SC	3578
G35761ND	3654
G35787ED	3505
G35808UX	1978
G35896AC	2360
G35947YD	447
G35975NI	2700
G36004BS	972
G36047BO	3555
G36108GD	368
G36123IU	1682
G36131WL	644
G36134VO	3345
G36157OV	1891
G36159AI	1198
G36171DC	2216
G36172JR	3199
G36191CD	3233
G36221RT	3338
G36223VW	2229
G36258ZR	2980
G36324QX	1321
G36436SB	2721
G36502OW	540
G36519NW	3056
G36523TZ	2423
G36534NK	2457
G36581MF	1754
G36581PT	864
G36598FV	1094
G36701GV	3525
G36772MC	1570
G36836GD	1963
G36855WW	624
G36995QY	137
G37020YV	841
G37022BP	1433
G37070WM	2236
G37135JQ	3265
G37140SO	3179
G37166HP	1720
G37190OA	93
G37206AU	3044
G37239FO	2125
G37282LW	3573
G37284MY	3029
G37310RN	1269
G37369XO	3390
G37381UQ	3560
G37385TT	1568
G37476QB	3332
G37492KF	3076
G37626XQ	3612
G37653KL	21
G37664BH	37
G37717BK	3604
G37738XF	1196
G37862DQ	121
G37891WT	2087
G37969WK	1927
G38022PE	3523
G38078TR	1209
G38189CI	1567
G38238ZW	1361
G38277AO	1292
G38316MW	719
G38349VC	830
G38351JR	634
G38395YJ	2701
G38407UP	3508
G38462TG	942
G38466KL	565
G38468XG	2475
G38624RV	3393
G38684VZ	3042
G38710SX	2501
G38738YC	2421
G38756OC	744
G38776RF	1703
G38887OA	1252
G38887TM	1820
G38979OV	2056
G38979QD	180
G39011WZ	2879
G39029JR	2289
G39100MY	1008
G39111QK	1544
G39135DL	194
G39167RG	3521
G39172SO	2025
G39203UC	3147
G39213VZ	3258
G39247UK	2882
G39253LL	687
G39294YF	2484
G39298RF	2471
G39308XN	1911
G39326PP	593
G39338NX	3045
G39377DE	239
G39397SW	430
G39431MA	3513
G39439UR	2053
G39523KI	342
G39540XG	3447
G39562VT	1598
G39595CR	873
G39602UU	381
G39617JJ	3677
G39624YQ	2739
G39758MG	1493
G39841VH	2208
G39856ST	768
G39887ME	507
G39916NT	3531
G39943KJ	3276
G39952PY	934
G40027VO	2093
G40033UH	1995
G40096SL	2242
G40097PQ	2810
G40103VO	1109
G40119MV	2052
G40124HY	1244
G40183VY	1012
G40193LX	2986
G40194MN	91
G40270LS	1213
G40291QP	80
G40319SF	1666
G40352EF	2279
G40428GO	2275
G40490KT	164
G40537VT	29
G40544US	172
G40554DX	1020
G40560HO	861
G40608DF	3649
G40689UV	423
G40702WU	362
G40707SF	1988
G40737EA	1825
G40765JD	2893
G40778XV	2648
G40852TV	2088
G40865GN	1338
G40874QJ	1992
G40906DZ	3444
G40966IE	2679
G41015OA	2726
G41191PN	3451
G41225ZT	2777
G41245OZ	1185
G41278YY	2312
G41286JH	2544
G41304KE	826
G41321IO	1799
G41331JX	1673
G41403MI	2989
G41405AU	2022
G41424HD	1531
G41440AQ	2429
G41449ZD	3475
G41498BE	2908
G41552FO	140
G41575BQ	516
G41690KS	3223
G41720HN	2307
G41726FA	1937
G41734DZ	2324
G41786IU	2503
G41801LM	297
G41820ZZ	3062
G41824PC	142
G41827IE	817
G41850LO	700
G41860WU	1426
G41874XU	1919
G41929NX	240
G41940MB	2790
G41953RN	2009
G41964LZ	1942
G41981MA	1399
G42028DN	3323
G42039DE	3409
G42097JO	2409
G42175IR	1489
G42239OO	833
G42240DE	69
G42262TV	2128
G42264OV	3204
G42292MP	1453
G42296CW	2780
G42358LZ	3353
G42436GS	2961
G42440OJ	1180
G42466VF	840
G42477ZH	912
G42493LZ	939
G42537PG	573
G42545LJ	762
G42553JB	608
G42604PC	740
G42658SU	3151
G42665KV	1142
G42666HT	2126
G42679AH	256
G42686NQ	995
G42797SX	1948
G42929LX	2534
G42944BA	3273
G42989XH	1312
G43040IL	1249
G43059PA	96
G43072YM	3466
G43088GK	612
G43137UY	1205
G43157GC	669
G43157UW	1147
G43195FH	1756
G43221GX	1545
G43255OW	3614
G43299SD	2297
G43346PX	1376
G43402RG	1566
G43438SM	1404
G43453KC	2971
G43507KQ	1079
G43509OH	463
G43639BV	3388
G43648DB	1192
G43656YN	609
G43664YB	3678
G43665PB	3402
G43687XR	2374
G43694RQ	1715
G43702IX	1216
G43761WH	673
G43838OY	1621
G43930QJ	523
G43984TE	465
G43993DD	2613
G44073EJ	1591
G44121LY	1438
G44268RP	2556
G44276EF	1201
G44306ED	679
G44339YF	3488
G44342ZF	2176
G44346CQ	3414
G44411RJ	661
G44444MB	404
G44504WW	3368
G44528IE	1117
G44530QE	575
G44533KV	2247
G44547LX	1549
G44617UT	3502
G44623TX	977
G44660UQ	2479
G44865WY	1303
G44904UE	2522
G44953KX	2280
G44988YY	2232
G45036WQ	2023
G45048TZ	2500
G45116BB	315
G45127HA	3104
G45187EI	3189
G45209NR	3501
G45249UV	23
G45264AM	3214
G45300SB	3264
G45333LE	2055
G45359RY	2263
G45400XL	2836
G45411OE	2630
G45426NO	1985
G45498YC	1962
G45546UR	105
G45559GE	722
G45560HM	2177
G45570JA	3150
G45579IH	459
G45637XA	3049
G45661NA	765
G45695EY	2057
G45699QA	2254
G45700OA	2718
G45711GR	774
G45827GY	660
G45827ZM	917
G45841FE	279
G45864TJ	1514
G45889JQ	2705
G45917UD	3211
G45939NL	2907
G45981GB	344
G46185ND	2274
G46208LD	2849
G46252BF	776
G46271TS	1144
G46406BL	1345
G46409AI	1773
G46449AK	2654
G46455GO	2169
G46470AD	1027
G46503KK	3190
G46568MX	3023
G46576CR	3335
G46626CC	3434
G46638GC	3084
G46748BU	2586
G46758LT	850
G46815RD	2903
G46823OG	586
G46836GH	2256
G46849ZO	3040
G46935AJ	2285
G46974YF	2079
G47007PV	2887
G47010DH	154
G47011KD	3526
G47023LO	2062
G47058MH	1081
G47175EF	2
G47180UC	282
G47253CO	2123
G47279LF	1035
G47318KU	2543
G47325XO	1106
G47384NK	2765
G47447OK	1983
G47452EQ	1833
G47573PO	773
G47606XQ	797
G47613FH	3625
G47669IJ	2709
G47760VS	485
G47832TO	78
G47837MS	2864
G47871MN	3065
G47909JD	657
G47975JA	3650
G47992RQ	201
G48059CD	3051
G48109OV	2002
G48275DN	396
G48288NV	2108
G48296OD	619
G48329CR	1936
G48362SO	1232
G48381WH	2306
G48390IG	2729
G48440GN	460
G48626HI	3572
G48712ZJ	1539
G48728KD	2600
G48740SL	196
G48753IC	2675
G48809BS	2820
G48818KL	800
G48844XN	2482
G48848IF	1686
G48849EN	1365
G48854JY	3116
G48856VC	3055
G48905NO	3413
G48954CA	1145
G48980RC	3033
G49096VL	2150
G49105NA	110
G49129IL	271
G49197XP	519
G49228QV	2303
G49232RW	1230
G49277CJ	786
G49305IN	2384
G49307MQ	3463
G49329HX	2507
G49383JW	349
G49386TY	3253
G49424IS	785
G49424TY	3416
G49446SO	3483
G49447IS	1203
G49478NM	1379
G49520ZT	405
G49527BY	1015
G49582PC	491
G49632WD	3391
G49743VF	3081
G49754EX	9
G49767OI	1389
G49774KM	3657
G49854OS	2020
G49889OJ	1057
G49933AX	845
G49936EV	810
G49961MS	866
G49963IQ	3064
G50058RB	2078
G50068TE	807
G50078RT	3182
G50135PA	1496
G50236GJ	3394
G50251EH	734
G50329HB	1126
G50353PP	1333
G50427EN	1965
G50487BS	1332
G50489VC	2401
G50540JU	25
G50550RZ	2397
G50608CI	1432
G50619VO	1247
G50636SI	2547
G50707YR	2152
G50755IT	2572
G50779LX	2408
G50783JY	969
G50824HV	2036
G50871KO	3457
G50888WV	1884
G50905UI	3674
G50943ZX	1024
G51012XH	3060
G51020FB	648
G51034LA	529
G51050LD	363
G51057KO	2296
G51066TO	3432
G51098AA	149
G51114IJ	3281
G51140AE	1462
G51188ML	1313
G51239WU	1653
G51264BB	1272
G51318YG	2743
G51367TM	1458
G51444LH	2182
G51496DK	2309
G51500VV	1949
G51519NL	2885
G51557QE	2801
G51562OR	1
G51624KI	588
G51705EB	2329
G51793MY	1050
G51806IG	3222
G51827GO	707
G51941GC	3185
G51955KU	1422
G51984GX	2347
G51987NK	6
G52004GX	710
G52038JM	2060
G52064IJ	2091
G52070NB	3310
G52080WL	1649
G52104WT	58
G52126RR	3216
G52139TP	382
G52144RR	3410
G52187WF	1734
G52242HT	828
G52293LN	2158
G52336LJ	3067
G52361CE	3304
G52428MJ	2465
G52477OC	2720
G52524NI	1789
G52567OL	1747
G52622SW	1876
G52676LZ	1693
G52692IB	3164
G52706RS	2870
G52754KY	2988
G52770HR	1267
G52782YT	1152
G52809WZ	1585
G52823TN	1590
G52880ZF	2645
G52880ZN	1655
G52880ZN	211
G52902AR	2074
G52902IE	518
G52919XH	2966
G52934AK	427
G52956BX	2730
G52962ZI	832
G53031QB	3494
G53084MW	1140
G53098FA	162
G53168IY	1888
G53206FD	1004
G53208AY	3176
G53225BR	3259
G53227QM	3565
G53241XQ	3370
G53276NK	2174
G53280MT	1834
G53322JT	2931
G53342VT	3072
G53402KW	2440
G53402KW	915
G53435KM	535
G53450AF	384
G53487ZB	3367
G53492UE	1984
G53498KG	3591
G53521RZ	1526
G53522BA	2815
G53572QC	1706
G53667CH	3398
G53726DG	168
G53728DU	1986
G53752TA	2537
G53756MH	2939
G53812BX	123
G53868KU	1219
G53933HU	2221
G53957WR	620
G53962WT	345
G53985AY	3181
G54018RP	2120
G54021WX	212
G54059XR	3374
G54215YX	3157
G54422SY	2071
G54499BT	3544
G54499HR	1990
G54505OS	683
G54584SU	553
G54585VU	2783
G54611ZT	267
G54639VI	178
G54643MT	1827
G54702KT	3659
G54706BB	3580
G54896JZ	1281
G54956ME	298
G54986EB	2781
G55055JS	1660
G55061AW	247
G55097ES	3480
G55126WZ	1923
G55144QZ	2416
G55184VW	558
G55220VL	1443
G55282VK	3246
G55321QC	2582
G55373ZG	4
G55396DW	3288
G55455WR	444
G55479DB	767
G55484MX	2551
G55507CF	639
G55521GY	1310
G55529NV	1440
G55559HZ	878
G55648EG	2164
G55661CO	2892
G55668HM	2454
G55693GF	2442
G55811AY	1275
G55925JJ	602
G56014GC	2638
G56034WQ	806
G56038AR	3210
G56236GF	3311
G56245IE	3551
G56259BH	3613
G56269EA	2725
G56271TF	1844
G56296MY	1837
G56315MK	891
G56318NV	2795
G56329KE	951
G56364PT	3593
G56381GN	1560
G56427WT	1110
G56491QJ	1639
G56499YQ	2356
G56501FP	528
G56516KW	3427
G56516VH	2467
G56549DH	2082
G56575BH	937
G56591LC	2774
G56682BC	3490
G56732OZ	1689
G56741TR	3671
G56748EO	160
G56749GV	311
G56749GV	3302
G56811US	1865
G56876DF	371
G56903ZB	2643
G56913CG	2199
G56960KY	766
G57036KN	1350
G57081YJ	197
G57141NR	1122
G57144YM	1429
G57197YA	1768
G57249PT	1894
G57321FI	2305
G57410TH	984
G57413FT	1624
G57449OF	1795
G57504TA	2661
G57539MP	417
G57565TQ	3608
G57595UE	2697
G57611UV	1907
G57671LP	1728
G57678YQ	208
G57789QC	3477
G57807UI	668
G57818FI	2642
G57832UA	1838
G57835AK	1780
G57863LA	779
G57930PW	2332
G57930PW	3617
G57951WQ	1527
G57955DP	3009
G58039UH	1946
G58056YT	1694
G58063ME	816
G58169YV	536
G58229BR	630
G58240EV	2110
G58268WC	1096
G58272ZE	3131
G58288KD	2066
G58338QG	2491
G58399HX	1650
G58481XO	1017
G58489ZK	2051
G58517VR	1215
G58547FH	2197
G58580BP	1141
G58667NI	1819
G58697JA	703
G58949BL	150
G58972ZH	811
G58992HL	1221
G59068XW	2859
G59125FH	559
G59126YU	3577
G59155GF	375
G59229NY	325
G59277TZ	2919
G59318TC	3213
G59331KK	1352
G59332RZ	1294
G59358BQ	547
G59361OW	2115
G59389CJ	617
G59419LJ	2948
G59471TH	2818
G59575FI	1090
G59590OJ	1708
G59655SA	1062
G59658KK	276
G59742GY	603
G59746EH	3241
G59746QC	230
G59784AY	3309
G59813BD	1076
G59821FL	365
G59824VV	2811
G59870QB	68
G59872UP	2759
G59922XB	2080
G59942FB	3254
G59951KW	2690
G59970QL	1189
G60067UC	696
G60103QI	3308
G60215UL	2258
G60227QI	2210
G60230HH	2472
G60288TK	1211
G60415BS	3672
G60430KO	2619
G60437DK	3080
G60439QY	2298
G60452UF	2447
G60461BM	808
G60464IB	2338
G60542VK	1320
G60660BN	1380
G60676HA	493
G60687DB	1001
G60731YR	2427
G60734PM	1507
G60740VC	3212
G60803QX	1011
G60853DO	815
G60883HN	2446
G60890ZT	3423
G60926LS	1186
G60963AS	3167
G60984DZ	1092
G60994YR	2898
G61001HU	884
G61088TM	2897
G61151LQ	3069
G61207RZ	2155
G61244WO	3186
G61302NC	3469
G61311ZY	1467
G61330YQ	2130
G61334IA	3077
G61465OY	341
G61467QZ	868
G61491DK	141
G61582HZ	743
G61602PD	2160
G61627IG	3446
G61684ET	686
G61707PW	822
G61730RY	3510
G61751GZ	629
G61792ET	1072
G61846BY	3329
G61848LC	2076
G61884GF	1515
G61886WA	3209
G61887VA	1829
G61889LW	2875
G61894MD	1355
G62001NV	3331
G62015ZM	1128
G62081IR	1625
G62107VQ	812
G62120FH	960
G62130AA	2269
G62146JX	3028
G62165AG	720
G62274IX	3128
G62349ZP	772
G62369YQ	1665
G62389NM	3568
G62407IF	725
G62433MP	1912
G62488UG	249
G62531KN	782
G62619LG	2207
G62690FM	3514
G62765SF	2006
G62768NK	376
G62785VB	1738
G62831KM	3201
G62881NU	1766
G62946XF	189
G62958XQ	2995
G62989HM	210
G63065KG	2031
G63110FE	3059
G63142AA	3624
G63149CW	2593
G63166WT	2706
G63197YJ	847
G63303ZY	3078
G63329SO	390
G63334FZ	346
G63337SS	1334
G63342TJ	3027
G63366CP	1781
G63382KW	591
G63404EE	498
G63443GA	1160
G63459ER	1832
G63571FM	958
G63660JP	789
G63794QO	695
G63858YS	3344
G63889NK	658
G63898DA	2379
G63923YN	737
G63976LA	2234
G64029DP	904
G64061QG	2045
G64076LG	3680
G64077VW	2757
G64102JR	421
G64132UH	3111
G64206XB	131
G64271PC	1083
G64276SW	207
G64305XQ	1301
G64458EC	2017
G64468GG	704
G64468KS	3156
G64481DJ	3360
G64527IJ	3108
G64581RP	3168
G64633BH	554
G64669AQ	550
G64706DG	1485
G64712UU	3653
G64851ON	1547
G64854QG	926
G64931FF	1528
G64973KT	3251
G64981YW	2255
G64996BH	1150
G65020KU	1961
G65124UZ	2443
G65169LC	2616
G65186XA	923
G65219TP	350
G65234FH	896
G65249DN	408
G65343UJ	296
G65365ZJ	425
G65370RS	1889
G65431PQ	3584
G65449BO	991
G65466VT	980
G65562ZE	978
G65575TV	3431
G65597BI	1508
G65603XA	2439
G65635AB	3486
G65684NB	1512
G65774LN	3644
G65832JS	1302
G65832SQ	504
G65835SY	1529
G65860IT	1559
G65867II	825
G65890UA	3068
G65962DP	3317
G66008HG	3376
G66032DV	13
G66116BW	2488
G66129DI	2378
G66166BF	3088
G66265KN	2597
G66282NU	244
G66418NO	732
G66419SM	1038
G66422NV	537
G66504LK	903
G66552NS	1501
G66665YI	2956
G66685IX	1414
G66728LX	955
G66874OD	2067
G66937TJ	3610
G66977DX	3518
G66991YE	1165
G66998XX	2315
G67026KG	1293
G67030CA	1607
G67062YO	378
G67173FM	2921
G67185CY	2028
G67200RM	685
G67220DU	2609
G67306YE	2858
G67381VP	1324
G67393WG	3366
G67499DD	2040
G67561OD	1956
G67610NV	1259
G67660KD	745
G67772KL	130
G67808LV	14
G67829KL	2073
G67895PX	284
G67942CH	769
G67943IR	385
G67971GL	1124
G67992SW	522
G68008QO	2955
G68011BL	2505
G68053UD	906
G68080UR	2881
G68164MW	1536
G68200GL	2809
G68283NG	1803
G68348RJ	1874
G68391RZ	367
G68442BQ	1159
G68544GH	3316
G68560MK	532
G68615TX	2168
G68668TB	3373
G68668TB	3516
G68686HN	450
G68712AK	3536
G68758PE	2847
G68795JE	2867
G68814GS	2170
G68826FE	1460
G68856EP	2223
G68866GS	44
G68892PJ	2201
G68908VL	1931
G68912OX	2233
G68937TM	2167
G68957QP	557
G69003EQ	2570
G69118GP	3289
G69118IP	2191
G69149KK	717
G69170UT	1172
G69213EN	3563
G69233PF	733
G69327YC	3616
G69411IG	3030
G69500TM	3493
G69591OQ	3634
G69723CB	218
G69734OB	1454
G69774ND	1863
G69837XX	1579
G69876CC	3415
G69893KP	1517
G69982RY	3618
G70115XG	666
G70125XL	1487
G70158KQ	874
G70160EA	3542
G70263JI	3053
G70277OJ	407
G70323CJ	3570
G70511VE	1595
G70528XB	3527
G70568SB	2246
G70593HA	2676
G70649KP	927
G70670FB	3121
G70684QL	1271
G70693FX	2531
G70708LW	3433
G70757BE	2854
G70757IC	742
G70783BY	272
G70830AN	2162
G70838JA	1581
G70868QU	801
G70898AL	1407
G70903NP	3406
G70945OS	1335
G70980PN	1386
G70991JO	2241
G71013KY	3676
G71017QR	1679
G71066WE	184
G71077LD	1154
G71085CJ	3330
G71146MY	1391
G71165VR	35
G71200GP	3187
G71237SD	3122
G71269BI	1538
G71306LD	1199
G71367OV	714
G71378VQ	2388
G71388ZW	3637
G71470CO	2666
G71534SX	403
G71537VS	1403
G71549MK	153
G71549TN	940
G71575PR	8
G71690HK	1968
G71797UT	3003
G71814NS	1561
G71835BN	3107
G71850TH	3411
G71906BW	2024
G71951OZ	2571
G71958ED	2860
G71964JP	2396
G71990XF	2755
G72037LH	1868
G72049UT	65
G72057XQ	2490
G72067BD	1691
G72082VM	1815
G72221XM	2983
G72260GO	1239
G72282QM	526
G72309KR	775
G72336LC	2461
G72338UH	2788
G72506RN	1871
G72548AI	1575
G72580QS	2049
G72698LT	1616
G72701VD	2068
G72718TT	1268
G72769FF	2650
G72790QJ	1162
G72907TK	689
G72923FK	1469
G72942AT	1997
G72956NR	99
G72974NP	2474
G73006TR	2764
G73029YR	3178
G73073LQ	3180
G73128RS	2942
G73139AM	2660
G73319KU	3418
G73394KQ	1393
G73410LR	2637
G73418FX	3601
G73423PD	3020
G73455AR	3217
G73519FS	3504
G73578JC	2911
G73628VX	2733
G73716BT	3355
G73717AG	489
G73759SD	42
G73977KO	3130
G74038AG	159
G74107UT	1836
G74121YX	3017
G74130BZ	3378
G74179EL	2979
G74239ZQ	1291
G74264KM	996
G74286KY	1678
G74378SU	1388
G74394BJ	2124
G74473MP	3026
G74497TS	1450
G74518AV	688
G74571ZF	2180
G74587YW	1153
G74587YW	2652
G74594TP	3066
G74621DY	2105
G74645FT	2278
G74656JE	3283
G74675FC	2751
G74699ZT	3124
G74735AT	2594
G74772YG	572
G74807KC	2823
G74815GQ	1875
G74827ZJ	3261
G74859XI	876
G74900AO	98
G74910CR	263
G74916CC	2626
G74928QN	2249
G74933IS	1998
G75030WH	2906
G75032PM	1617
G75051CY	2014
G75097MF	1733
G75097UM	183
G75120WS	185
G75235YS	3361
G75269BP	3334
G75280ZD	1541
G75303RX	2583
G75308SV	1107
G75314QO	922
G75445NA	156
G75472JW	2596
G75472OU	3543
G75520NV	1238
G75528JJ	3363
G75564FK	333
G75594YZ	483
G75632DB	73
G75648IS	1671
G75664LA	2904
G75698JE	551
G75710HI	2435
G75717AV	2564
G75727PF	2902
G75749JP	662
G75750DH	3161
G75847DX	1161
G75850OP	1357
G75853FN	2084
G75896PD	987
G75903TQ	2554
G75927AR	3132
G76012OT	3321
G76014WR	2349
G76055XW	2116
G76079RC	232
G76087MP	651
G76104SB	2816
G76136FD	1470
G76190UX	2097
G76242WH	2871
G76294TY	475
G76329VE	126
G76331QP	1959
G76343XZ	2566
G76355TG	1223
G76387IG	2291
G76422GC	827
G76478FT	2333
G76584SS	3208
G76610HM	2316
G76630AE	1116
G76675AB	1080
G76763LN	1415
G76807JB	1929
G76855CI	3307
G76950LE	181
G77000EG	3149
G77034SK	3098
G77038WW	2373
G77079RV	1446
G77079RV	1701
G77122IZ	1103
G77148DL	1444
G77149EE	3421
G77199IL	3328
G77252PU	1641
G77372RE	1982
G77384FE	47
G77384RA	747
G77392WC	2828
G77447DK	237
G77477NL	859
G77485UZ	1465
G77537OB	2240
G77550KK	2819
G77562VR	2910
G77597MJ	1060
G77653XA	273
G77679NJ	1584
G77740PR	3385
G77792ZA	3449
G77852EK	1921
G77865AH	1188
G77865AH	2625
G77937PE	2343
G77969SU	2295
G78030KJ	1179
G78059CC	1860
G78097CL	2065
G78106KK	3587
G78157SE	2957
G78211AM	1052
G78239VB	2520
G78255UI	3640
G78262KC	1935
G78272DJ	1228
G78276SQ	1044
G78315BS	291
G78315FS	1893
G78333MH	2321
G78374AB	650
G78454JO	757
G78519JI	1329
G78555BT	1108
G78602KL	3596
G78608GK	3467
G78734OE	1374
G78757GA	441
G78768PN	1532
G78792AJ	1202
G78890OB	2516
G78928PU	1596
G78930SC	1498
G78951XL	709
G78980OK	410
G79026TT	3255
G79166HY	503
G79167DN	615
G79198BK	2977
G79243QP	1231
G79274RH	1474
G79302PB	2171
G79318PG	2938
G79333MY	2118
G79379XF	3165
G79394LC	1067
G79556AB	2264
G79565XA	1137
G79578JB	846
G79600DE	1647
G79809MM	3268
G79896CK	306
G79982IL	3043
G80005YU	2464
G80019AK	2222
G80111QD	2915
G80123ZU	2560
G80155BS	3236
G80218BM	199
G80264ZA	3039
G80294GH	1234
G80319WU	2412
G80355WT	165
G80393PG	1089
G80416YI	3364
G80537QW	2899
G80577OW	2994
G80661YI	2368
G80690PN	2754
G80700YJ	3146
G80735WD	569
G80799RX	3538
G80858MF	2967
G80903UK	3641
G80920TO	3464
G80962OX	1674
G80966KZ	2039
G81016SV	1551
G81107PN	2187
G81252MZ	1369
G81266TW	2239
G81269JJ	1449
G81272FZ	31
G81282CC	2069
G81315DD	545
G81326IN	2109
G81338NH	546
G81349OI	2193
G81356NS	412
G81392TU	959
G81394BJ	2438
G81397LO	2218
G81410HG	302
G81413UE	2190
G81516LH	3658
G81533KY	2807
G81541IU	188
G81586UQ	3359
G81632WR	702
G81793BO	3294
G81813WJ	3347
G81877PA	87
G81971FM	665
G82050MN	2250
G82092PV	3646
G82140BL	2027
G82252QI	2415
G82312JY	1129
G82320NZ	1540
G82324DC	3282
G82348BZ	3247
G82350PP	597
G82363EY	2738
G82388RB	1435
G82410AF	1382
G82413XV	3589
G82420SH	1014
G82576YO	2848
G82594YX	3024
G82675BX	1417
G82680EC	2390
G82698QQ	2502
G82700SN	2536
G82701UX	2865
G82746VF	2539
G82811EP	1746
G82881HF	2806
G82894XV	1830
G82942ZJ	254
G82955EQ	2935
G83006TR	3395
G83108TD	3497
G83120BG	2599
G83161QT	2327
G83161QT	654
G83206VX	2362
G83355KE	2072
G83377MZ	402
G83386PJ	1356
G83432YR	645
G83461WR	2224
G83568RU	3148
G83582BK	27
G83624CJ	2063
G83632OV	2476
G83635VI	1972
G83643ND	3512
G83645LY	1010
G83653PM	3207
G83710ZZ	3383
G83738AG	108
G83878UZ	1305
G83885CD	2227
G83892WB	3670
G83950JR	1045
G84147VQ	2831
G84168AG	1645
G84330VA	2132
G84369XK	2727
G84376FR	2530
G84390MS	1171
G84398ZW	1506
G84467IZ	1378
G84536BM	2623
G84543RP	2189
G84596RP	718
G84756CG	1958
G84783XD	3453
G84791PR	3293
G84811LS	1178
G84821OV	388
G84852GW	469
G84853WN	1085
G85012LW	2687
G85041WE	1491
G85079IJ	1036
G85085RX	670
G85098WU	1839
G85121LW	283
G85139RC	1697
G85141ZP	1143
G85194VU	3546
G85196QC	2270
G85200GZ	169
G85208SY	604
G85213IC	2778
G85243CH	1592
G85256OK	3652
G85282JA	2064
G85302QR	3354
G85311QD	3396
G85313YF	3619
G85447US	3628
G85479RL	2842
G85542EC	659
G85542KD	3117
G85608AG	932
G85678WN	1053
G85709JZ	2410
G85737WG	3517
G85755MV	3145
G85767HW	1295
G85839YN	1059
G85856KC	3342
G85862MS	1054
G86022PE	132
G86065DJ	1471
G86071XD	3631
G86102AA	632
G86130AV	754
G86170HL	2127
G86186US	642
G86221TG	1809
G86270DU	2917
G86298IX	1831
G86307FI	2670
G86357DX	1468
G86375CM	3079
G86387VT	1882
G86389LM	3615
G86419OL	2138
G86471YN	116
G86503RS	2712
G86537AD	1243
G86555OF	928
G86678MP	2664
G86696LV	890
G86705PH	1619
G86718YQ	3638
G86750HK	3015
G86753CK	1696
G86759QR	2528
G86867OD	1930
G86904UH	849
G86928UZ	3371
G87073UP	1016
G87138HL	3052
G87181RG	1828
G87295HJ	2659
G87418CY	2139
G87422CM	1375
G87444MS	2166
G87457SB	2958
G87535DG	605
G87550UN	3441
G87574LM	2323
G87605NV	1397
G87618BG	2070
G87633UQ	3455
G87666TN	1599
G87694ZF	3585
G87889NL	3519
G88027AL	151
G88067KZ	3239
G88068QT	3429
G88139CF	582
G88204LN	3031
G88303DD	2927
G88313DY	481
G88334IC	2852
G88376OI	2417
G88382QE	111
G88417ED	794
G88433PA	1250
G88459ZR	1073
G88461FF	3594
G88464ZX	1635
G88468EP	1853
G88505QR	1123
G88509SO	2785
G88555GL	30
G88664VT	487
G88673AA	1118
G88696BY	3284
G88696CU	1326
G88707IJ	3036
G88751GL	1707
G88752GW	122
G88908BO	167
G88928GI	2462
G88947NR	1413
G88948CY	583
G89026DU	2916
G89089XB	1941
G89117DH	1727
G89141ZC	63
G89168LM	1088
G89170GQ	2900
G89186VO	1762
G89210OT	2577
G89241QS	2202
G89253ZV	3458
G89270VP	2614
G89315II	499
G89319AW	1713
G89339VV	2326
G89354EL	3139
G89417VQ	943
G89477FF	2335
G89585FG	2134
G89620UQ	2508
G89664KV	3352
G89720WL	1663
G89748NG	2510
G89864BN	1387
G89877QI	1934
G89878AA	2678
G89941FZ	1131
G89993FE	419
G90065BD	2513
G90130AG	2573
G90175OT	3535
G90202LF	581
G90205AB	17
G90206GU	1476
G90211BB	2301
G90221FQ	2290
G90304FZ	1989
G90348RI	897
G90352XZ	3571
G90377OF	1705
G90426CG	2632
G90463CM	1183
G90507NI	2992
G90542MP	2753
G90544QC	698
G90575VK	477
G90667JK	708
G90669BC	1516
G90670ZD	3351
G90684PC	2576
G90688JZ	12
G90689AW	3574
G90717TP	3602
G90719NY	3333
G90725ZC	693
G90743AT	647
G90784AP	1442
G90825UM	2779
G90829NZ	677
G90870DG	2228
G90901EO	2629
G90928ZN	975
G90974OV	3460
G90974PL	3566
G90983OS	202
G90987JA	2748
G91005JW	2043
G91023GB	1428
G91028VZ	2686
G91054ZN	3163
G91123TW	2496
G91297KX	2358
G91313DF	301
G91337ZP	2975
G91365ZQ	3200
G91413ZX	837
G91425YG	3603
G91438JH	261
G91511MZ	510
G91550OH	2405
G91558YX	89
G91563MR	855
G91591MO	1794
G91591WO	671
G91627PX	1082
G91704UR	759
G91775YA	2771
G91819LE	2914
G91832SW	2872
G91875JA	2752
G91905FJ	1406
G91972CK	3372
G92058BI	3257
G92089QC	466
G92129PT	2888
G92188CK	3648
G92252GS	406
G92289SP	290
G92311HB	3489
G92332SI	1899
G92417HI	752
G92567CF	2627
G92570PJ	1823
G92574YO	3256
G92616PG	2884
G92681HQ	813
G92694MO	918
G92709EO	3054
G92793BY	2366
G92821YI	3183
G92826BL	844
G92865GI	839
G92882FR	2008
G92974UU	433
G92975MH	1270
G93000QZ	1093
G93019KS	2934
G93054SS	1241
G93135PI	1736
G93141AZ	2260
G93204KY	1155
G93227HA	2787
G93239VC	2692
G93284HQ	1217
G93365SG	2186
G93470LV	293
G93495HT	275
G93500PH	1480
G93519WM	1125
G93527UH	1322
G93542VJ	835
G93636BY	2707
G93692RJ	312
G93742BI	2716
G93775KQ	1699
G93822DY	2493
G93856AJ	3392
G93860XO	3629
G93861XR	3529
G93880KF	3305
G93922AL	422
G93941QH	543
G93975QL	2863
G93993PD	2912
G94000HM	2732
G94013DC	3635
G94045IP	3019
G94047VH	716
G94058TU	1731
G94106MV	865
G94141FZ	741
G94163JZ	1601
G94180RN	1675
G94192DA	328
G94217FB	3500
G94225QI	227
G94226MO	1774
G94252JR	1840
G94281RO	331
G94296FS	2178
G94396RB	2181
G94435QH	1019
G94480CC	2451
G94481KZ	2145
G94490EL	1698
G94506PU	1191
G94514IB	524
G94531EZ	1944
G94536SD	3520
G94591GB	2211
G94595ZZ	2741
G94626GC	511
G94876HV	2518
G94941PK	1716
G94971CC	1546
G94972RF	1457
G94989HM	771
G95196FC	2259
G95324VU	72
G95336MK	2012
G95368PR	3085
G95450GE	502
G95553CU	2545
G95560ML	1636
G95575GS	366
G95617FJ	2553
G95658PH	3109
G95660LN	799
G95759LT	905
G95809LN	3673
G95849ZD	3138
G95861KV	326
G95898GD	2552
G95901MC	1351
G95960IL	3660
G95963DM	3191
G95989NQ	3626
G96063MG	2525
G96066HD	2886
G96079KC	513
G96153DN	1954
G96153DN	2702
G96370EB	2148
G96399PG	3012
G96416NB	1330
G96503EZ	653
G96576WB	3683
G96588SJ	327
G96622LK	3112
G96715CG	3341
G96719MC	3478
G96771UL	2829
G96881BQ	1898
G96914KN	1824
G96921ZU	253
G96925LL	3298
G97007IY	2092
G97037FD	1580
G97078QF	166
G97101NC	3435
G97160DA	18
G97213ID	351
G97227KS	2188
G97263AV	1105
G97271OF	3556
G97309BN	2667
G97345NY	1431
G97367IY	1606
G97369LO	880
G97420WF	3152
G97453GF	1735
G97455PT	3473
G97463WM	2161
G97483RC	339
G97511SW	3669
G97515HE	3070
G97561SL	435
G97569KL	1461
G97637VQ	2054
G97674NY	2480
G97693ZT	2943
G97720QM	2273
G97763JB	1504
G97765TT	2874
G97823BP	3474
G97828HF	3389
G97831CJ	3377
G97832IV	1866
G97840DJ	1306
G97888YD	2266
G97923LO	967
G97947UQ	962
G97953NC	544
G97980DR	2855
G98007XA	1097
G98043YN	1283
G98048XD	1040
G98068RN	2506
G98117HW	2392
G98140IX	3348
G98159BN	3642
G98178JY	1587
G98205FV	974
G98236VK	480
G98271CD	549
G98335IX	2345
G98366ZJ	1197
G98419BR	1084
G98481KT	1576
G98535LH	1340
G98540XI	2411
G98559XP	2606
G98568VG	2351
G98621JL	389
G98671GW	1765
G98689EK	496
G98690XB	300
G98719SR	1918
G98725UL	2932
G98873GM	637
G98906WL	1251
G98940EW	1525
G98940JV	2364
G99039KB	3586
G99074EO	1683
G99108NC	780
G99235VG	1095
G99236CU	1979
G99270OJ	3094
G99315PE	1745
G99354MR	3533
G99356PZ	3136
G99370TQ	2320
G99372JL	2982
G99510WI	1368
G99518NJ	221
G99556PB	2655
G99603GB	2185
G99627GJ	2763
G99683ND	3196
G99770NO	1455
G99808VS	784
G99858XP	1642
G99866WK	2318
G99897FQ	2760
G99969SS	1308
