accession	replacewith
G00318GT	G63349UI
G01410DC	G82348RD
G01797UE	G64112PJ
G02351CQ	G96091TT
G02811DV	G71187JK
G02815PP	G32392SM
G03152RD	G29276EO
G03519WZ	G05576BD
G03747ZB	G55900HR
G03751IZ	G90734RJ
G04282DT	G41205CB
G04307DP	-
G04403WH	G04832FC
G04620DQ	-
G04993IV	G34696FX
G05114YK	G49018RC
G05229GI	G08290VR
G05428EU	G57776ZU
G05897AW	-
G06577JJ	G43642TU
G06850XD	G57317CE
G07120FK	-
G07145TP	G18647XP
G07464LK	G87672CW
G08682XY	-
G08736CB	-
G09228NL	-
G09557UZ	G11314AS
G10694RB	-
G10842KO	-
G11326WV	G70619PT
G11699CW	G85269DF
G11954JA	-
G12202ZJ	G32832NG
G12332GO	G71784JC
G12422YW	-
G12615JR	-
G12845MO	G44765PA
G13218FE	G41071NU
G13332FM	-
G13996AE	G69521XL
G14218ZG	-
G15232FY	G28684RO
G15383ZE	-
G15821LD	G14305YT
G16327GT	G81777TV
G16787JY	G07764QX
G17362AH	-
G17679FJ	G46548AL
G18125RR	G49755GI
G18206SC	G14972EH
G19220UM	G72886CU
G19226CX	G15792GH
G19364DF	-
G19417GQ	G01485JJ
G19473SJ	G85282JO
G19496UW	G10436HD
G19658HD	-
G19763GU	G73004SD
G20656CW	-
G20712YS	G63198FP
G22018FP	G27126ED
G22138YX	G57550CC
G22156OE	G34696FX
G22504EU	G74962OJ
G22920AF	G07755XJ
G23211TW	-
G23280PX	G83633GK
G23675NT	G29898ES
G23746TJ	G05528SJ
G24123MG	G63029GV
G24172ZD	-
G24211OH	G74684KO
G24453JY	-
G25309LP	-
G25700PA	G93910IH
G26465RC	G37151JQ
G26808HR	G67942WV
G27157JE	G03592GE
G27540PD	G36498AN
G27719EQ	G73602OZ
G27939LA	-
G28208EC	G77277QT
G28497SE	-
G28570OL	G76264IE
G28798MD	G13193DT
G29620IM	G45395BF
G29675VZ	-
G29870JG	-
G30770II	-
G30796HW	G00945TF
G31010RE	G80323WP
G32209LK	G37509XX
G32306YE	G17182UH
G32338PG	G80000PF
G32488MC	G70441OD
G32554SN	G24748EV
G32655PT	G34989PA
G33295YD	G83014KM
G33737SV	-
G33858KJ	G98208DX
G33917WA	-
G33954QP	-
G34189JE	G86182NS
G34608VE	-
G34736WD	G11805YU
G34904RS	G70324YS
G35365SB	-
G35444ZD	G71187JK
G35543OF	G43061MO
G35720GD	-
G35735OB	-
G36367MK	G25150NK
G36579ZX	-
G38105GM	G15700PX
G38426SE	-
G38441AG	G56307ZW
G38953UW	G18999ZC
G39243IM	G08918WF
G39674DD	-
G39740AC	G07246CJ
G39950BJ	G61256FT
G40779JF	G80479JV
G40997BD	-
G41098TJ	-
G41491RX	G86339HP
G41544XK	G83646BJ
G41649KB	-
G41909PZ	G32227LM
G42118FT	G27620XW
G42217SL	-
G42362XD	G28541PG
G42416LD	G43223CG
G42472CY	G87834OS
G42539YZ	G59924QI
G42693JM	G68490OW
G42738BT	G29063QY
G42859ED	G95865ZB
G42870IS	G21976AG
G43004SD	G99923IA
G43094UN	G11235SR
G43099JW	-
G43623OE	G32227LM
G43649RD	G39446WN
G44465RX	G31020SZ
G44830UC	G60033FS
G44957ZL	G65184UU
G45359CV	G96867JS
G45924NL	-
G45987AL	G58568BI
G45994XM	-
G46336TC	-
G46507OH	G51653BI
G46945UL	-
G47099JP	G17735ON
G47178KU	-
G47504CN	-
G47600FE	G05664AS
G47911OL	-
G48129DD	G51061UK
G48302UE	-
G48787LE	G16606QC
G48891HS	G25098MR
G48960IJ	G08609CW
G49876ED	G87399DK
G49880MP	G57776ZS
G49927WZ	G10819WX
G50054HJ	G16125XL
G51163UA	G20455KP
G51341RH	-
G51344EC	G39858NN
G51635HP	G02938HM
G51666ZY	G43734MM
G51826TD	-
G51967EO	-
G52257MW	G32633LC
G52804CR	G80874KA
G52816MI	G00794UV
G52874JC	G05460KC
G52945MM	G26330YA
G52963ZW	G05394UY
G53192FL	G43005HM
G53299OH	G78011BW
G54025VO	G51144LI
G54162CJ	-
G54369UE	G70232NH
G54576ER	G43769HG
G54689BY	G82347DR
G54829NU	G65022XW
G54922KI	-
G55070DG	G72787SB
G55246TU	G29184RN
G55312IU	G25469RD
G55419VV	-
G55477YL	G75568BH
G55497FS	G40099VD
G55535EC	G27915IV
G56297DP	G56199RI
G56783VE	-
G56838SE	-
G56842KS	-
G57500GF	G20528HD
G57561GE	-
G58006LW	G51061UK
G58006TX	G05049YU
G58210ML	G09406IK
G58218GB	G92406TI
G58329ER	G05553RQ
G58441QA	-
G58476ZX	G01828CI
G59300FN	G42124LM
G60012HA	G71426SM
G60557MN	-
G60832HV	G89566SH
G60853ZN	G53075ES
G60889RS	G58954YZ
G60993MN	G02886BB
G61409GC	G22974QT
G61433XJ	G49906RN
G61944JN	G90659AW
G62050KY	G00912UN
G62111GI	G99758GD
G62470AK	G67199LR
G62546LR	G23719VF
G62577MD	-
G62764VA	G25707QU
G62828TZ	-
G63164AC	-
G63209MS	-
G63232TH	G17208MA
G63247UK	-
G63389BN	-
G63541GJ	-
G63588FX	G60041XW
G63614XZ	G98235NV
G64225LV	-
G64257ZG	G79666IR
G64343VU	G27327EI
G64476NC	G58762WR
G64600FZ	G80874KA
G64685ZC	G73663PS
G65171UV	G53434XO
G65681LR	G72790NZ
G66213EV	G38595OH
G66875SM	-
G67353LI	G62054DD
G67514HX	G46691LC
G67797SG	-
G67806KQ	-
G68374FN	G45972OV
G68382UW	G87389XI
G68622UR	G88485AW
G68737XH	G04832FC
G68990JR	G10486CT
G69222XZ	G49955PK
G69523HU	G12340GZ
G69533IQ	G85554PZ
G69804BT	G98888DJ
G70097EJ	-
G70499JS	G37151JQ
G70528JA	G33416PL
G70621KK	G21670TV
G71350SU	G86907XS
G71368QY	G77669RF
G71470LY	-
G71630AZ	-
G72353NR	G45504EY
G73443MR	G77547TA
G73650JC	G15664MX
G73766OW	G27058EU
G73997SB	G92821TF
G74369QT	G96867JS
G74458LK	-
G74633TF	G84177NK
G74863PD	G23505EP
G75048LT	-
G75066OS	G78180WS
G75439ZY	-
G75469AV	G13144LI
G75772UG	G56500VS
G75884CB	G59626AS
G76084WO	-
G76229QZ	-
G76320TN	-
G76668FN	G64112PJ
G76691FQ	G89606GV
G77143BX	G79906ZT
G77539VE	-
G77769NY	G29279QO
G77769QE	G63041LO
G77907OV	-
G78169LI	-
G78217IV	G30970QQ
G78256EL	G09201HE
G78619MP	G88555AB
G79074BF	G46548AL
G80227NA	G36379GD
G81060WW	-
G81098PF	G25079LO
G81129RH	G34029GR
G81848FZ	G82443XX
G81957KU	-
G82494YZ	G19973ZD
G82907WG	-
G83284BH	-
G83350FI	-
G83657IL	G05243OF
G83702JK	G22729NQ
G83953EH	G45778NU
G84363EP	G76295SF
G86526KQ	G95177YH
G86798KA	G70445VR
G86946JE	G04854VP
G86970US	G44535PQ
G87174PM	-
G87375AE	G10103AZ
G87926DK	G51144LI
G88113MA	G64409MC
G88302PS	G72747WU
G88633YS	G43669FQ
G88731QF	G90382BL
G89003GB	G09793SQ
G89680BV	G28603RA
G89816GE	G57292HF
G89977CN	G87661QW
G90063KT	G12273JT
G90224LB	G22572EH
G90257TF	G77338BR
G90353UY	G82458HY
G90662NP	G37412TK
G91127OX	-
G91834AM	G13047GL
G92195EH	G20191HY
G92342FX	G43028AA
G92708UM	-
G93165BB	G28622IK
G94078XL	G55799EI
G94250TD	G43560PI
G94282ZH	G47950XN
G94350ME	G48577CN
G94619HC	G30862UC
G95267ZD	G50713DU
G95567CI	-
G95587FY	G21670TV
G95889TM	G12131LM
G96068BO	G78787DI
G96156XM	G25368IS
G96416GX	G28905MY
G96445HD	G25736BY
G96693VE	G71463BG
G96701LV	-
G96743ZH	G35029YA
G97192JF	-
G97254DD	G41840AI
G97282OT	G78649WQ
G97383JJ	G53744UF
G97470TL	-
G97553YR	G87117MZ
G97834YX	G90653XK
G98643NB	G63276XU
G98889VY	-
G99125KQ	-
G99150UE	G15344SG
G99153WX	G98611JV
