GlyTouCanAccession	KEGGAccession
G00031MO	G00024
G00031MO	G12692
G00033MO	G00025
G00035MO	G00028
G00037MO	G00029
G00039MO	G00030
G00041MO	G00031
G00043MO	G00033
G00047MO	G00250
G00049MO	G00037
G00050MO	G00044
G00051MO	G10639
G00055MO	G10629
G00059MO	G00093
G00061MO	G00094
G00065MO	G10634
G00066MO	G10638
G00068MO	G10869
G00120QS	G08318
G00140XB	G03580
G00175GT	G01121
G00176HZ	G10832
G00194ZL	G08848
G00272VU	G05052
G00279YF	G04991
G00283TT	G08480
G00306VT	G12450
G00320ZP	G07400
G00370EI	G04905
G00395TQ	G10653
G00407UJ	G02357
G00413UF	G04883
G00430ZK	G04240
G00432WV	G00695
G00433KW	G01863
G00435KX	G07177
G00461ZN	G09509
G00469BS	G12185
G00483IX	G12385
G00492CQ	G05887
G00503EE	G02729
G00520NI	G03756
G00558IW	G06684
G00568LN	G08688
G00582VL	G04498
G00594CD	G00802
G00601UG	G04469
G00606LX	G07128
G00619DD	G11302
G00619DD	G11303
G00631XZ	G12323
G00662IB	G02784
G00666EC	G03667
G00667RI	G06153
G00702NP	G02858
G00709ZM	G09197
G00729SA	G05517
G00797ZX	G04950
G00830CM	G11948
G00851XQ	G00084
G00883DO	G04641
G00891MP	G11275
G00891MP	G11277
G00891MP	G11300
G00899CT	G03372
G00901NZ	G02987
G00915DI	G05405
G00925PQ	G05718
G00936LV	G01472
G00972DY	G02243
G00979XR	G00212
G00982QD	G05265
G00995HW	G03969
G00998NI	G00260
G01055WR	G00322
G01132FQ	G00594
G01139KZ	G04898
G01141WK	G03540
G01169EW	G04760
G01187XC	G00243
G01188EJ	G12351
G01200BW	G05373
G01203BZ	G06656
G01260RY	G04267
G01296LJ	G01147
G01299ER	G06210
G01310VF	G06335
G01361CV	G00331
G01361CV	G11698
G01369KU	G03173
G01406RR	G03883
G01414CL	G04716
G01416HI	G10100
G01450RG	G00739
G01453BU	G07110
G01489UZ	G12025
G01580PZ	G01382
G01595SM	G12335
G01612MY	G08854
G01613KN	G02657
G01614ZM	G00027
G01629YL	G03532
G01650PH	G00535
G01657UH	G10905
G01670UQ	G00393
G01690DX	G01236
G01707KB	G13023
G01708UF	G05254
G01713HS	G00795
G01749YL	G05137
G01760ZU	G10870
G01765ZR	G09388
G01767JJ	G00062
G01778PX	G03373
G01799XU	G05350
G01836CN	G08730
G01856RL	G10788
G01945QJ	G08598
G01968NV	G03752
G02029PW	G10662
G02038LQ	G04609
G02045OB	G02297
G02122FK	G03676
G02145PB	G09216
G02149VR	G00128
G02152MS	G03766
G02170ZK	G06205
G02182MJ	G01087
G02240AO	G01594
G02244ID	G03941
G02251YG	G03982
G02259AO	G06959
G02310VX	G12022
G02320PG	G12526
G02363VZ	G05554
G02387FV	G11523
G02402HF	G06660
G02470WS	G11893
G02533LL	G06293
G02562EQ	G04841
G02594WS	G01186
G02657AK	G00114
G02660IC	G08993
G02660UC	G05609
G02729OV	G00912
G02753DE	G00500
G02760XH	G05330
G02799CL	G05116
G02826HN	G04853
G02837JA	G04068
G02880JU	G00462
G02882XF	G04554
G03004PD	G04070
G03006JP	G00448
G03052ZR	G06756
G03054QW	G03547
G03067VG	G00088
G03074ZG	G00567
G03075ZE	G10848
G03098CZ	G12087
G03106MF	G00675
G03116ET	G00755
G03164NE	G04589
G03177HU	G11763
G03207XQ	G03869
G03247RO	G07886
G03250GT	G03018
G03277UZ	G01143
G03277YI	G00125
G03316TJ	G02337
G03324AT	G00752
G03332JB	G03483
G03333ZM	G01782
G03361KC	G00332
G03389ET	G06471
G03414KZ	G01874
G03443JC	G09171
G03457IA	G02755
G03480UY	G09163
G03506YN	G01833
G03564IA	G00082
G03572II	G03064
G03603IS	G05823
G03605AV	G04191
G03629LR	G01414
G03644PT	G07109
G03649KR	G03503
G03652TR	G00315
G03652TR	G12061
G03681UF	G04037
G03723SL	G12487
G03727RK	G04421
G03728KZ	G09428
G03739GM	G02712
G03740OH	G04368
G03750RD	G11343
G03764XL	G04153
G03770HX	G00579
G03777BI	G03191
G03820FM	G10150
G03825XC	G08000
G03834RX	G04680
G03909YF	G00519
G03919ED	G06718
G03934XO	G11061
G03943SD	G02396
G03951MJ	G06789
G03986GH	G05421
G04014FP	G05030
G04014FP	G05442
G04014NS	G01300
G04048YA	G05727
G04074KJ	G07122
G04099VY	G02834
G04109RU	G02839
G04156GK	G07394
G04165ZA	G02311
G04210UW	G05613
G04216GB	G11015
G04220HB	G00576
G04315YS	G00852
G04368OY	G04949
G04400QM	G01388
G04410EE	G04823
G04423CA	G04432
G04445KN	G01346
G04462ZS	G00196
G04512BK	G11521
G04522MB	G05561
G04576KS	G11406
G04585VW	G11225
G04595LN	G06432
G04604GA	G05744
G04610NG	G01969
G04616ST	G00284
G04616ST	G11050
G04618ND	G02853
G04622LK	G04339
G04630LB	G08865
G04656HH	G12412
G04662JQ	G05061
G04670CJ	G07327
G04715SK	G02817
G04719BG	G03683
G04751OE	G04394
G04779EY	G11053
G04791QM	G11407
G04792UK	G04485
G04817LD	G02781
G04820ZT	G02214
G04943NQ	G07126
G04983EU	G05980
G05014UV	G12796
G05026ZL	G00002
G05102JZ	G05516
G05108UT	G00410
G05108UT	G11711
G05108UT	G12702
G05128BK	G05243
G05128BK	G11535
G05136BT	G04858
G05152XR	G09217
G05153MO	G03443
G05187WH	G11966
G05188BU	G04031
G05189JQ	G09314
G05189YS	G09215
G05212BT	G01187
G05252XR	G11099
G05254OQ	G01934
G05297UU	G06266
G05315FT	G02160
G05319BS	G04227
G05384WR	G10472
G05402FG	G01963
G05478GN	G04328
G05561CF	G01154
G05581UW	G09048
G05724WC	G06302
G05769VV	G02892
G05777RN	G09815
G05793ZC	G07596
G05811XG	G03304
G05829TG	G05776
G05835TV	G04478
G05855AL	G00397
G05890XZ	G03054
G05921XS	G08969
G05948HK	G02802
G05952XV	G04284
G05976VO	G06242
G05979QC	G02689
G05979RR	G02698
G06000DZ	G03416
G06028TI	G08599
G06031DD	G12268
G06067KZ	G02830
G06107FU	G01933
G06148DR	G05015
G06172YF	G08095
G06209KS	G10740
G06210XB	G00313
G06215DG	G04273
G06216UH	G02206
G06239NA	G00036
G06290ZS	G04764
G06353XM	G07195
G06371NP	G05898
G06374RJ	G01183
G06435EU	G07656
G06444QV	G06588
G06523WI	G04801
G06525SB	G08073
G06557IC	G00740
G06583IY	G01438
G06595MR	G01026
G06661NE	G05900
G06663AZ	G02409
G06673TD	G02210
G06676BQ	G05806
G06698DE	G02475
G06778YR	G05264
G06786CI	G11592
G06850AE	G05174
G06850UL	G04824
G06881DK	G07722
G06910AO	G08903
G06912LX	G00743
G06920GM	G00779
G06931TP	G12429
G06971VR	G04128
G07061BV	G02840
G07075ZE	G00081
G07098TP	G03690
G07136WT	G04482
G07145VL	G04542
G07151FE	G04769
G07169PS	G01689
G07195XP	G11187
G07209HW	G05862
G07286WG	G07970
G07292LK	G02671
G07293JT	G01049
G07301IS	G05272
G07322RE	G03749
G07328EF	G00354
G07348OG	G00389
G07368IA	G04121
G07380TS	G04734
G07392QY	G11102
G07430HH	G06868
G07467EB	G04608
G07476BB	G08382
G07483YN	G10770
G07489IL	G02367
G07490EK	G00521
G07533UM	G03554
G07578MJ	G05076
G07619BL	G07993
G07666IB	G05212
G07699XI	G11071
G07703ST	G11862
G07822HH	G02805
G07831RZ	G05376
G07842DQ	G03721
G07891AD	G07053
G07904XW	G08024
G07923CD	G08907
G07982RO	G10336
G07995VK	G00205
G08016RU	G02620
G08060JF	G04797
G08076GP	G10697
G08107SW	G08365
G08111FJ	G03904
G08161JQ	G04759
G08185DV	G11967
G08191RW	G03761
G08304AG	G01348
G08324ZK	G00920
G08348BC	G05945
G08358DN	G03013
G08371CD	G00455
G08371CD	G10625
G08373SM	G01032
G08429SS	G10988
G08431YY	G04509
G08450OR	G03933
G08463CD	G05546
G08485TO	G05454
G08497KY	G09470
G08520NM	G00013
G08539FO	G02105
G08539FO	G11090
G08540DD	G10281
G08558JH	G08874
G08675PK	G11905
G08722HB	G07372
G08723AU	G01342
G08731KN	G00703
G08744DM	G08605
G08772KU	G01733
G08776GA	G04406
G08785FX	G08301
G08795GE	G02086
G08806VI	G08611
G08861VL	G00956
G08921OS	G12184
G08926IP	G07153
G09020HN	G03720
G09023OT	G06749
G09046VD	G02873
G09108HO	G06248
G09115OQ	G03715
G09125WG	G04255
G09130LO	G04857
G09165XB	G01275
G09207SI	G05395
G09223OK	G08224
G09225SF	G07209
G09318DC	G00159
G09319JK	G00591
G09322OS	G01321
G09342SH	G00418
G09349XQ	G03743
G09376MR	G00255
G09393NL	G02669
G09403OT	G06273
G09416DG	G10809
G09420NN	G02785
G09424UT	G05073
G09459NU	G08592
G09480OP	G02866
G09482NW	G10826
G09529HK	G09027
G09540UP	G08703
G09546QO	G10488
G09546QO	G12553
G09552LA	G00045
G09568JT	G00302
G09578TK	G02192
G09603GS	G04756
G09662MS	G04238
G09666WO	G04884
G09676KV	G02994
G09715CS	G02040
G09724ZC	G00231
G09745MI	G09510
G09776OJ	G00548
G09938IH	G02047
G09955UR	G07284
G09962WA	G01924
G10075HN	G06758
G10106TL	G00735
G10108GZ	G06337
G10112QT	G12227
G10149FE	G08389
G10182BB	G08187
G10189EJ	G06352
G10203DW	G00253
G10219AA	G10818
G10228OD	G10977
G10259IA	G02924
G10287JP	G04380
G10292TC	G05087
G10339TL	G01225
G10363DV	G12182
G10410FW	G07666
G10417XF	G04591
G10419AP	G07651
G10422IZ	G00268
G10425SO	G05128
G10430NG	G02498
G10445TA	G01585
G10461TS	G04573
G10470SE	G01796
G10503MP	G00390
G10528MR	G12312
G10529ZR	G04452
G10581YA	G07108
G10604KJ	G07279
G10627KR	G12009
G10636ME	G04845
G10666VQ	G04265
G10689ZT	G04622
G10700RM	G04603
G10712FZ	G04349
G10725II	G03896
G10756ZZ	G10804
G10788ZQ	G04151
G10816YX	G03172
G10818SM	G05543
G10818TP	G03046
G10842KO	G09101
G10845BX	G03717
G10925II	G04310
G10927TS	G05094
G10929MB	G04409
G10970DV	G04556
G11035GA	G02999
G11041DA	G10706
G11051CP	G06361
G11083DH	G04360
G11161OD	G06285
G11182SS	G06619
G11198HA	G07076
G11213NA	G04519
G11253PI	G06496
G11259JT	G06761
G11260XI	G05559
G11275IL	G06539
G11288PA	G08620
G11288VJ	G09014
G11350UX	G03711
G11356UZ	G04390
G11362LE	G00793
G11423ZI	G03202
G11429PC	G10030
G11457RF	G00222
G11460AB	G10920
G11479AN	G05695
G11482NO	G01912
G11509RN	G10850
G11535IB	G10993
G11636EE	G01189
G11637WL	G11069
G11658OG	G00842
G11684IZ	G08828
G11696PX	G03661
G11700UP	G00615
G11827HH	G06498
G11837CQ	G07375
G11837XH	G00345
G11840SC	G00841
G11863CH	G06844
G11876US	G08002
G11915UT	G04236
G11922GI	G04408
G11928TH	G12240
G11943BP	G04160
G11960UF	G00704
G11967GO	G00478
G11971MR	G11012
G12033AP	G12284
G12045LV	G02016
G12068BR	G02293
G12074QJ	G11131
G12086GM	G05534
G12109VW	G02006
G12115PE	G03055
G12129VL	G02371
G12317LD	G05949
G12326BR	G09626
G12352RJ	G04587
G12366KR	G05872
G12378KS	G05462
G12398HZ	G10772
G12438YM	G05345
G12440KU	G06437
G12455XO	G06589
G12460DL	G00428
G12494BV	G05905
G12646DO	G10103
G12679LF	G04005
G12715AH	G04815
G12752EI	G01599
G12761QA	G01459
G12770GA	G00914
G13029JS	G08347
G13040AD	G12190
G13049QY	G05436
G13131FE	G08612
G13177TU	G02944
G13179FD	G01940
G13181ZZ	G10664
G13224CR	G00883
G13232MI	G09600
G13258LA	G12237
G13291XJ	G05702
G13294EW	G05439
G13307OA	G02085
G13312HH	G06049
G13342FP	G09904
G13401SI	G08351
G13455RE	G00808
G13492NR	G00955
G13495RN	G04437
G13515ZY	G04221
G13558UT	G06301
G13578GY	G06563
G13583BZ	G11993
G13614FV	G01674
G13636IT	G00055
G13657KC	G11902
G13672YG	G11986
G13720TX	G12588
G13732OQ	G04916
G13746SQ	G11940
G13747QM	G09174
G13773HT	G02282
G13811QB	G08474
G13836YR	G04370
G13842GX	G07992
G13858QZ	G08856
G13858YJ	G06253
G13890JV	G07031
G13910LY	G00488
G13923FW	G06494
G13976VB	G11264
G14014EQ	G07968
G14015IL	G03688
G14018AL	G05283
G14033LY	G02365
G14047PA	G10701
G14127XU	G11357
G14201CU	G01643
G14226PU	G09190
G14250GH	G02546
G14300ZJ	G00961
G14307KB	G00707
G14346JI	G11968
G14358WN	G12032
G14371GV	G00157
G14430JY	G01634
G14438ZT	G01668
G14484TK	G02501
G14520ZO	G04144
G14533ZS	G12258
G14543IY	G06659
G14561VC	G00922
G14576KZ	G00578
G14629XU	G02443
G14633CL	G12311
G14638QN	G09192
G14660OL	G03186
G14746EI	G00610
G14767HC	G11821
G14767HC	G12074
G14809NR	G05564
G14815EY	G12221
G14854WL	G00653
G14870CB	G02941
G14876IZ	G01152
G14879UV	G11995
G14899VS	G03820
G14956YQ	G06240
G14965WK	G09401
G14974EY	G10428
G14996IQ	G01419
G15021LG	G12504
G15053SL	G01888
G15059WI	G00080
G15068EX	G01563
G15112UU	G04429
G15118OB	G00461
G15214PF	G11980
G15216UP	G06997
G15249CA	G05619
G15305CQ	G07376
G15355KC	G04593
G15355XO	G04730
G15407YE	G10636
G15448UB	G01873
G15467EU	G07487
G15513ZS	G09639
G15518HO	G00720
G15527QL	G11857
G15638PX	G05437
G15644XE	G04083
G15654HK	G05856
G15704AX	G01228
G15727EQ	G02147
G15948XY	G10260
G15972DM	G11909
G16063EF	G00091
G16156ZE	G06056
G16244DG	G08168
G16325IK	G04020
G16344ZG	G02674
G16348WN	G07909
G16370GQ	G10906
G16397GM	G03760
G16403CC	G10469
G16456ZV	G04402
G16458JH	G05668
G16464LC	G11413
G16496QP	G04920
G16503YF	G01462
G16529MG	G10978
G16568AK	G11510
G16590BZ	G05547
G16612QG	G03578
G16612QG	G11002
G16633VX	G04598
G16641ZZ	G11045
G16723SS	G03076
G16768QV	G05133
G16778ZK	G11869
G16809IL	G05074
G16828VN	G10881
G16832RX	G03151
G16860QL	G05285
G16873YG	G03787
G16882JV	G03328
G16892JJ	G06571
G16897OB	G12322
G16900UB	G12797
G16926ZT	G03306
G16961BB	G11922
G16971JV	G10908
G16973RB	G01768
G16976BN	G00483
G16982II	G03472
G17029IU	G04994
G17041CW	G00979
G17051MB	G09681
G17077FL	G03932
G17077YF	G02913
G17100OM	G02820
G17105UZ	G10466
G17108EX	G00440
G17157SF	G04486
G17168RO	G10752
G17168RO	G11872
G17188TM	G03206
G17207FU	G03778
G17251XF	G10846
G17259DV	G01211
G17264LS	G01826
G17274VA	G04065
G17300DB	G06430
G17326TY	G04877
G17330HJ	G03073
G17348SA	G04433
G17370IJ	G05681
G17441MI	G00888
G17456TE	G06455
G17460MY	G01732
G17473NR	G11906
G17480VM	G06642
G17543OX	G02257
G17557TG	G04080
G17584JU	G05367
G17595XL	G04272
G17630DD	G02778
G17652MS	G01085
G17655CU	G02487
G17667RI	G03161
G17680DJ	G04912
G17689DH	G10716
G17698NO	G05772
G17743FY	G02861
G17758YV	G04385
G17787TV	G11787
G17790QU	G12209
G17792PO	G00869
G17807LO	G04276
G17810MG	G05798
G17843DM	G08077
G17920GO	G01859
G17968CJ	G02672
G17977UE	G05146
G17988BN	G02421
G18010HV	G06665
G18011IN	G04194
G18067AF	G11508
G18081AA	G09280
G18160VJ	G11732
G18221CF	G03059
G18238YG	G01971
G18288MA	G02336
G18315LD	G00386
G18335CL	G00654
G18374MW	G09875
G18375DW	G00711
G18410AS	G05526
G18428QD	G09168
G18449CC	G00237
G18464VS	G01750
G18495ED	G11223
G18528HV	G04876
G18584GW	G04586
G18625KA	G00117
G18721GF	G01031
G18738PX	G03781
G18761HZ	G00523
G18792RR	G09224
G18877VR	G04491
G18892PE	G00643
G18913QB	G03714
G18920FS	G04474
G18933GR	G06409
G18938DW	G11911
G18948TG	G00171
G18980FQ	G00636
G18983UN	G03085
G19017MP	G00391
G19028NN	G09237
G19038KD	G00573
G19053XS	G03785
G19106CR	G05029
G19151RP	G09379
G19170MD	G08170
G19234OH	G10046
G19238ZQ	G05369
G19278LV	G07252
G19283CF	G07079
G19287UY	G02721
G19298OA	G12333
G19336PT	G00104
G19339UM	G00749
G19340FV	G08768
G19387QD	G06487
G19429IT	G03765
G19444JC	G11873
G19499ZH	G04957
G19506NG	G05324
G19516BA	G07523
G19520XO	G11907
G19524AS	G00805
G19529BG	G00561
G19537TS	G05328
G19541IU	G01407
G19557PF	G04619
G19577LJ	G10756
G19615BB	G03886
G19620VP	G01440
G19675BE	G02658
G19677EK	G05734
G19677OB	G06325
G19747OA	G00245
G19750UU	G08838
G19776GU	G04871
G19817JF	G08699
G19926LY	G03211
G19958IL	G00010
G20009FG	G00197
G20030CU	G00021
G20034RK	G10073
G20044TD	G10258
G20061RO	G06769
G20064NM	G11384
G20079RG	G00677
G20096RP	G03898
G20173ZW	G04989
G20174ZL	G00622
G20176YB	G06795
G20180GO	G00086
G20222KH	G06233
G20265RJ	G02660
G20303IY	G00724
G20322GS	G05225
G20352YV	G11878
G20393XK	G05873
G20397IQ	G05634
G20420WT	G09196
G20426LM	G11850
G20440GC	G04910
G20475UC	G04490
G20578GS	G00075
G20582KJ	G05083
G20598MJ	G07325
G20624LQ	G00311
G20636FS	G03740
G20659ZK	G09949
G20662UG	G03730
G20704OX	G03159
G20758LC	G02183
G20768EV	G02812
G20789WJ	G03501
G20815TK	G10704
G20862VU	G03380
G20866ZQ	G05955
G20873FZ	G01707
G20877ZV	G06349
G20887HP	G04839
G20957WZ	G03579
G20959ZC	G00298
G20966TZ	G10685
G20983SP	G11852
G20993TP	G00984
G21005TQ	G01653
G21050RT	G03829
G21066IE	G01671
G21066IE	G12271
G21108AJ	G07447
G21109IJ	G02512
G21110GE	G07611
G21174KE	G02958
G21219OJ	G04439
G21263MC	G07662
G21269SH	G00359
G21272DZ	G01489
G21290RB	G10640
G21293AK	G04572
G21311PN	G05311
G21319HP	G04101
G21362JU	G04924
G21380FF	G02750
G21381MC	G06468
G21401UQ	G08241
G21438WG	G10024
G21454AE	G02299
G21454XY	G07101
G21459ST	G10733
G21495MJ	G09444
G21507RO	G11054
G21570BS	G02766
G21627CA	G03890
G21672MV	G04298
G21729HC	G04269
G21767ND	G03885
G21780FU	G06808
G21796XV	G08544
G21807KQ	G05380
G21814SJ	G09877
G21856LC	G00124
G21877OB	G06894
G21892YW	G06949
G21905ZO	G01925
G21929KG	G03576
G21938SG	G01921
G21969UD	G11935
G22012EW	G07896
G22098NU	G04285
G22117NA	G02227
G22122FL	G04392
G22166FJ	G08700
G22166IA	G04532
G22224NX	G01022
G22237ZE	G03736
G22246QW	G04053
G22270QF	G12257
G22311MI	G09940
G22322NG	G04813
G22327VZ	G06388
G22327VZ	G11708
G22402PS	G04495
G22418MB	G07752
G22447KV	G09343
G22452NY	G03335
G22477EB	G04812
G22490RY	G01967
G22538PK	G04264
G22546XD	G04387
G22573RC	G10643
G22587DK	G05107
G22623VD	G08799
G22670XR	G02459
G22689CV	G00040
G22713QT	G01586
G22754NV	G08951
G22768VO	G10652
G22768VO	G12157
G22787WJ	G07129
G22815DC	G01465
G22838SQ	G07640
G22865RK	G03972
G22876QG	G09104
G22898PA	G04130
G22946YB	G12723
G22949KX	G03722
G23007UT	G04771
G23041XK	G00537
G23053EK	G00554
G23094JF	G01975
G23119MJ	G00219
G23124TV	G07006
G23126YQ	G04208
G23149XD	G06149
G23211XT	G01957
G23251MK	G09150
G23252EB	G08354
G23261ZT	G05197
G23295TF	G12021
G23296IL	G05701
G23320JT	G09543
G23322RK	G12297
G23333KI	G04723
G23342BO	G02736
G23347CS	G00190
G23414VB	G05919
G23416VJ	G04009
G23463KX	G03962
G23572BH	G05187
G23580VC	G06015
G23598DU	G02181
G23616ZX	G10727
G23645NH	G03271
G23652VU	G09948
G23654OQ	G05747
G23722TU	G04431
G23747ZO	G12438
G23799GS	G11060
G23805AC	G04996
G23817OE	G02837
G23824XF	G02968
G23874KQ	G05731
G23897ET	G12056
G23925XC	G08785
G24010VW	G00670
G24034CH	G00376
G24065XI	G04242
G24249UG	G07016
G24327OK	G04185
G24336IA	G03028
G24346JZ	G04211
G24371XA	G05601
G24374US	G12031
G24384AP	G06728
G24399RI	G07973
G24418EH	G05555
G24464VD	G00971
G24499XE	G02369
G24499XE	G10261
G24504JY	G02935
G24529NQ	G02020
G24547WU	G08312
G24552KE	G03788
G24553WE	G11585
G24560HE	G05396
G24569EC	G11178
G24585JV	G04416
G24593RG	G06852
G24599MW	G01917
G24604HV	G00281
G24606EO	G09899
G24614TR	G05855
G24620AI	G10598
G24635ZS	G04665
G24658ID	G06057
G24668UI	G01659
G24693UW	G12451
G24766QM	G04040
G24769QK	G10953
G24769QK	G11941
G24771HE	G09571
G24790LX	G04599
G24796DA	G01856
G24797UH	G02266
G24841EW	G05048
G24994OK	G13057
G25009PP	G08853
G25038UO	G03099
G25052RV	G05812
G25084TN	G04359
G25140TA	G10849
G25141CV	G02828
G25144YW	G00444
G25146DY	G04134
G25280VW	G04796
G25285RC	G03848
G25319CA	G06679
G25352AX	G07686
G25392ZR	G04688
G25395JX	G05725
G25421NH	G01373
G25435RM	G08966
G25471IM	G01926
G25520XG	G10779
G25559RS	G10842
G25566KR	G02074
G25577BM	G11035
G25615DN	G07462
G25640AW	G04249
G25651TK	G00604
G25727YQ	G07492
G25776XU	G11505
G25787HL	G01151
G25796EC	G00988
G25799AL	G06260
G25835YC	G05085
G25846VM	G05857
G25869ML	G04425
G25890BU	G05896
G25894QG	G00936
G25902AL	G00431
G25937FN	G07066
G25938VQ	G09089
G25944NG	G07579
G25984EB	G01535
G26021BY	G07277
G26036PN	G00975
G26065RX	G03802
G26099QT	G01463
G26123AX	G00046
G26148PQ	G05173
G26156WV	G05246
G26156WV	G10274
G26176JA	G11591
G26179TW	G11998
G26182BM	G12064
G26203DP	G00122
G26215AL	G04565
G26238GL	G13053
G26295XE	G10665
G26391HA	G04501
G26394UA	G11981
G26452XA	G01610
G26453HS	G06972
G26473JD	G07822
G26493OD	G05939
G26555CS	G01078
G26602MZ	G07834
G26653MA	G05407
G26678XQ	G06646
G26730QM	G03780
G26756SJ	G09333
G26768BK	G09565
G26892SG	G03775
G26899ZP	G07369
G26929DQ	G00836
G26934CO	G00742
G26939ZY	G04773
G26983UO	G10045
G26983UO	G10179
G27040MJ	G02710
G27041VC	G02633
G27048LG	G04707
G27119UQ	G09791
G27139SJ	G01372
G27139SJ	G11712
G27162RL	G01978
G27180BG	G02524
G27188NC	G05096
G27236KE	G00209
G27243GN	G00514
G27243WR	G12313
G27338ID	G09919
G27403GX	G01858
G27478HS	G00887
G27512ST	G07639
G27516AE	G03871
G27535EB	G00823
G27565SZ	G07370
G27587OB	G11887
G27589TC	G01081
G27628XK	G06359
G27676JU	G07174
G27688CW	G10366
G27692UI	G05562
G27699QO	G07535
G27720WY	G01457
G27749HZ	G10282
G27763WY	G03652
G27780SA	G06762
G27798EJ	G00304
G27844UM	G11037
G27858BH	G02643
G27874QL	G02845
G27919IH	G10679
G27919IH	G12012
G27929ZE	G01281
G27929ZE	G12027
G27941QU	G02034
G27974HN	G03900
G28010TC	G06674
G28056PS	G07622
G28072NK	G09649
G28132XE	G06118
G28165JK	G06493
G28233ME	G10992
G28248WK	G07739
G28261RX	G10511
G28270TZ	G00635
G28330DZ	G00484
G28330EF	G07628
G28420BK	G01209
G28459KM	G02927
G28477UY	G04979
G28550OD	G10940
G28566CQ	G10388
G28654UV	G05519
G28659UB	G01415
G28694FA	G10794
G28762TH	G02375
G28800UK	G11145
G28817KG	G02920
G28855FB	G04524
G28868PL	G10287
G28868ZC	G01185
G28896CL	G11985
G28915JJ	G12329
G28947UJ	G06774
G28960YA	G02067
G28962GO	G02179
G29011DA	G07437
G29011JC	G00020
G29011JC	G12113
G29014XV	G02274
G29014XV	G11438
G29024OJ	G00400
G29091RS	G06995
G29130SY	G02019
G29138OW	G00469
G29141HM	G04316
G29157QS	G01413
G29159YJ	G06079
G29213NK	G06981
G29248WR	G03912
G29288DT	G04090
G29298GZ	G08949
G29313LW	G00324
G29461HI	G02690
G29470MA	G08945
G29483FZ	G02563
G29489PN	G06456
G29570QA	G01013
G29617QF	G05341
G29619BL	G08139
G29628IK	G05084
G29676WX	G11933
G29695SR	G04001
G29764SO	G05693
G29777ZC	G09701
G29783MB	G01108
G29799SM	G05904
G29849JL	G02979
G29850BY	G11865
G29857RC	G10703
G29857RC	G12104
G29884LW	G03958
G29905OR	G10807
G29907JM	G06052
G29911XO	G07497
G29914BX	G06067
G29963PT	G02056
G29965VW	G02934
G29966LR	G10843
G29995RP	G08944
G30062BR	G06330
G30109UP	G04280
G30115SP	G02202
G30131YB	G10990
G30159WR	G10687
G30162MK	G01008
G30187JM	G05206
G30207PZ	G00317
G30255XL	G06606
G30284BK	G04411
G30292OP	G02431
G30294CC	G07652
G30295SC	G00495
G30308ZS	G04810
G30350VC	G10084
G30352TK	G08694
G30416OM	G05511
G30447NS	G04089
G30460NZ	G00204
G30505TQ	G10841
G30529FG	G01822
G30542PN	G03903
G30558XQ	G00504
G30618VC	G03840
G30633DZ	G07580
G30666MK	G00893
G30691VK	G06994
G30797DS	G04169
G30857WQ	G02714
G30880PX	G08559
G30901GC	G10951
G30913DJ	G06297
G30915AU	G01679
G30982YZ	G03336
G31032XG	G09479
G31061SB	G03197
G31116GS	G06618
G31119YY	G10649
G31186LT	G04024
G31220IW	G11958
G31265VL	G00595
G31331FO	G00892
G31331MX	G00885
G31360PH	G08240
G31379FM	G05617
G31404TK	G02358
G31416KB	G05477
G31423NL	G05363
G31432OQ	G00130
G31470NX	G07377
G31490MN	G10060
G31516NT	G04138
G31540AF	G03828
G31540HC	G04072
G31559RO	G03851
G31567WT	G11927
G31606TH	G06346
G31627MW	G11883
G31676DD	G05490
G31703US	G01484
G31713XX	G01820
G31736BK	G00690
G31740OZ	G02151
G31761VE	G12482
G31773JI	G07534
G31806MI	G06061
G31814VP	G06029
G31816HU	G10309
G31822CM	G03796
G31831UH	G07199
G31865AG	G04555
G31865PO	G09559
G31962YX	G12798
G31993QW	G02215
G31994GC	G09947
G32061UE	G03849
G32081WS	G01165
G32094CS	G04067
G32111TP	G03825
G32152BH	G10871
G32156ZV	G12154
G32165MO	G04320
G32166DQ	G09311
G32202OT	G02995
G32237WQ	G04178
G32252UW	G00889
G32254QI	G00098
G32364DF	G02890
G32375YW	G05410
G32391RG	G09353
G32437SG	G06986
G32461GF	G04365
G32472DJ	G08338
G32510IZ	G01696
G32524IC	G02170
G32540JJ	G04855
G32572AU	G09418
G32588AA	G01996
G32592IB	G04382
G32611KT	G01552
G32646BW	G11340
G32648VR	G06996
G32679VL	G01159
G32685CP	G00437
G32685NO	G02682
G32696NX	G07049
G32698HD	G02399
G32715TG	G06444
G32723SL	G03240
G32726WH	G03097
G32773JJ	G12861
G32779JS	G10087
G32796RQ	G00832
G32801HX	G01439
G32816HT	G11934
G32851DU	G02395
G32927FC	G09421
G32948PW	G02893
G32948PW	G04897
G32953MP	G10147
G32969VW	G00638
G32988OE	G06745
G33020YH	G11492
G33033YR	G11189
G33070IY	G04662
G33088YO	G01357
G33089BG	G12753
G33150PJ	G04263
G33177YW	G10222
G33188UJ	G00621
G33226BP	G07070
G33241WC	G10766
G33349TD	G01157
G33350QT	G03301
G33364OS	G02816
G33370EK	G11886
G33373MR	G06470
G33394ZE	G05743
G33395TI	G00763
G33401IN	G01180
G33433YV	G10127
G33439FJ	G05754
G33452ME	G04278
G33522ME	G04457
G33528WM	G04831
G33561JA	G05573
G33564HW	G09297
G33569DD	G00843
G33575EC	G00280
G33593EQ	G01006
G33617JJ	G01141
G33636XJ	G12143
G33679OA	G02419
G33685ZQ	G03892
G33696UB	G11584
G33711VF	G05720
G33721WT	G05067
G33740YL	G02684
G33817CT	G09332
G33888AF	G00691
G33907IU	G04893
G33969TN	G05960
G33972SX	G00473
G33981FE	G04084
G33997GL	G09427
G34018EC	G03889
G34068XZ	G01579
G34094KX	G08950
G34152JG	G00176
G34163WN	G00853
G34173EV	G03486
G34219XL	G01050
G34252AT	G05098
G34313LI	G03696
G34355FL	G12120
G34367WV	G12222
G34383AG	G04697
G34394BR	G05021
G34433ZD	G08001
G34442SS	G12176
G34442TX	G12415
G34468EW	G00692
G34473LL	G06898
G34483UH	G04806
G34499SX	G10811
G34516MK	G03571
G34582DB	G12044
G34585DT	G03750
G34595KJ	G04658
G34629XD	G07726
G34679ZT	G00900
G34683KF	G00973
G34732YA	G03096
G34748JC	G09319
G34754UR	G05325
G34795YW	G12189
G34836GV	G09884
G34853GU	G05795
G34863TS	G02947
G34931KK	G04008
G34946TH	G11930
G34960HZ	G05101
G34964CV	G00991
G34995KD	G09563
G35129UR	G06895
G35162CZ	G12210
G35178XK	G00847
G35257SQ	G10526
G35283JZ	G02185
G35315YQ	G08583
G35338HV	G06781
G35350DS	G05586
G35362TE	G05915
G35363NM	G02011
G35402TO	G03682
G35409SK	G00563
G35419IZ	G05645
G35429JB	G05309
G35438GZ	G06311
G35440SA	G00240
G35484EX	G03887
G35528XC	G00385
G35528XC	G11709
G35565NM	G04112
G35619UY	G11051
G35633EP	G11295
G35633EP	G11296
G35638OY	G00371
G35652QW	G02616
G35674CY	G10008
G35679TE	G00874
G35692WE	G11154
G35718QG	G08908
G35722YG	G02676
G35734AU	G03726
G35749EP	G05424
G35749GB	G00764
G35798GO	G04427
G35815VK	G07373
G35827XH	G05229
G35836DF	G01762
G35902UC	G07283
G35910XN	G07897
G35926QT	G01316
G35951JD	G09355
G35960LO	G10430
G36046VV	G05014
G36058ZY	G03133
G36123IU	G00035
G36160KT	G08601
G36171JA	G03817
G36191CD	G00199
G36211GH	G03671
G36220TC	G07753
G36293DS	G10355
G36359GN	G05316
G36404TW	G02961
G36446WC	G05879
G36515FF	G01125
G36523TZ	G10717
G36573BV	G11533
G36620HO	G05127
G36660SM	G03473
G36675BB	G03651
G36693BM	G02260
G36774NW	G06422
G36777IJ	G03052
G36845IZ	G00938
G36854DS	G03120
G36855WW	G10981
G36859SD	G00487
G36881GV	G05238
G36977HK	G08136
G36978FH	G04281
G36983AG	G04887
G36983SB	G02946
G36996YR	G09638
G37022BP	G10961
G37043KH	G02881
G37049NT	G07148
G37071WI	G05194
G37135JQ	G10681
G37137WW	G02493
G37140SO	G10866
G37166HP	G03893
G37184KW	G00115
G37185HI	G08189
G37216UM	G10239
G37225WD	G07885
G37260FV	G02182
G37276TY	G04213
G37304XT	G04434
G37306TB	G02651
G37397PF	G10129
G37410BN	G02065
G37414OC	G04621
G37419DL	G04302
G37453ZD	G05882
G37481QP	G01110
G37522FF	G04378
G37532TR	G09952
G37536PP	G07490
G37552GO	G04372
G37561FL	G05339
G37561SP	G07799
G37563FN	G04168
G37591GY	G01773
G37591JC	G00837
G37597VQ	G05737
G37619KE	G02165
G37629LW	G05620
G37681WS	G06113
G37689ZA	G02414
G37716UQ	G00632
G37809PL	G00861
G37827FY	G04974
G37830TX	G00474
G37867ZC	G01227
G37967JK	G01175
G37974GN	G01843
G37986HU	G01066
G37997JT	G03918
G38016EX	G01485
G38022PE	G10890
G38035YJ	G10063
G38052TW	G00915
G38078TR	G11127
G38199RH	G00746
G38267IW	G03732
G38296RM	G04060
G38297TU	G01101
G38373BD	G11994
G38428IO	G08279
G38488ZJ	G04510
G38549YL	G11496
G38552LX	G02364
G38582HO	G07764
G38624LQ	G05522
G38625SV	G03909
G38630WM	G00997
G38658JL	G05334
G38659HF	G11341
G38668MS	G12292
G38686NY	G04254
G38710SX	G01868
G38722VX	G12250
G38753OV	G04293
G38807DH	G00709
G38858TY	G03471
G38949DT	G12170
G38955TH	G11932
G38979OV	G09767
G38995BE	G11226
G38997JB	G03664
G39023AU	G10738
G39029JR	G10824
G39055CL	G01296
G39062YR	G02225
G39064VB	G00254
G39183DW	G12923
G39188CA	G00978
G39197KC	G07633
G39211DH	G00263
G39213VZ	G00015
G39294YF	G05914
G39298CN	G12045
G39318IJ	G02239
G39376AB	G01174
G39383KR	G04980
G39402EG	G07597
G39408YK	G04036
G39426YT	G08652
G39441NS	G10012
G39452ZZ	G00340
G39478RR	G05054
G39531LA	G00928
G39562US	G08344
G39578OU	G00007
G39600NF	G06334
G39614IV	G09177
G39624AY	G04780
G39632AS	G06876
G39648OW	G11429
G39686QD	G06622
G39759RL	G11180
G39764AC	G03801
G39794DJ	G10144
G39794DN	G04718
G39807DF	G02474
G39832TM	G06698
G39850EU	G07326
G39861AN	G10278
G39884QV	G00730
G39893KL	G00664
G39896WY	G00658
G39948CQ	G07494
G39951CP	G02665
G40016IF	G00910
G40028TR	G00964
G40064GR	G07399
G40103VO	G04094
G40155OZ	G06825
G40164WC	G09772
G40183QN	G00116
G40192EJ	G02145
G40194MN	G04325
G40198OD	G00312
G40268BC	G01808
G40289RO	G12011
G40331VO	G09077
G40336JD	G01973
G40343KH	G04635
G40361PL	G02406
G40428BG	G09435
G40480SU	G09826
G40482NA	G04192
G40491DT	G00087
G40544US	G01964
G40585SO	G03109
G40606LI	G05610
G40609EP	G00158
G40702WU	G10694
G40702WU	G12003
G40737EA	G04295
G40757HO	G05465
G40899IB	G04968
G40900UQ	G02982
G40906DZ	G01234
G40909HG	G02727
G40915GX	G01170
G40968SG	G07405
G41019VI	G08734
G41029UX	G03272
G41060WK	G03424
G41063BN	G10212
G41078PD	G00318
G41082WI	G12039
G41095QB	G11750
G41107EH	G05644
G41122XD	G09223
G41179DF	G10913
G41189JN	G04672
G41234QD	G05198
G41324RH	G05624
G41372SJ	G00727
G41383WH	G07829
G41416MJ	G06169
G41441JX	G00882
G41474PO	G01172
G41539MU	G05786
G41592RO	G04525
G41605VJ	G06019
G41646MQ	G05819
G41656NL	G03845
G41704PA	G00132
G41709CA	G08587
G41722LN	G02895
G41759HA	G12287
G41789QF	G00524
G41800OU	G03724
G41802UK	G05147
G41821MR	G00976
G41824PC	G10814
G41859KE	G01001
G41868HL	G02807
G41887DZ	G01048
G41923EO	G01841
G41937ED	G11950
G41939JF	G04292
G41945RH	G07274
G41953RN	G10791
G42028VS	G04721
G42039AA	G00214
G42045GM	G12293
G42113HJ	G05365
G42120JR	G05667
G42176GK	G04170
G42191FI	G02397
G42192BR	G03792
G42204RE	G04889
G42208LC	G03079
G42227JK	G11056
G42236WQ	G02632
G42256GD	G05195
G42261MY	G01601
G42295MA	G01088
G42296CW	G06011
G42305NI	G04595
G42372RH	G06783
G42415XD	G03882
G42426KZ	G02483
G42436GS	G01889
G42471QL	G05954
G42474HR	G06703
G42548XF	G05425
G42553JB	G12291
G42556BP	G12133
G42570XX	G01749
G42653GO	G04763
G42666HT	G10631
G42674AX	G05044
G42683KW	G08744
G42737HJ	G05485
G42824AQ	G01641
G42829MO	G12420
G42883ON	G07300
G42908EG	G07210
G42989FL	G09885
G42993UG	G06175
G43014FZ	G10888
G43039PK	G06010
G43079BH	G08456
G43079BH	G12341
G43081BK	G01098
G43116LH	G03511
G43121JO	G02605
G43124SR	G03160
G43167FQ	G05483
G43170RN	G00989
G43300WR	G06623
G43391VM	G03270
G43415UJ	G02914
G43449ON	G11587
G43499QE	G01649
G43523KB	G01651
G43547MI	G00005
G43547MI	G12228
G43553SJ	G04814
G43558RC	G02687
G43625CC	G02377
G43657WC	G04347
G43660IT	G03951
G43664YB	G10801
G43677TG	G10815
G43677XO	G02757
G43686JS	G01319
G43687XR	G00886
G43694RQ	G00974
G43697DU	G06119
G43702JT	G11334
G43708DU	G01057
G43730BS	G03979
G43761FR	G11390
G43804GS	G01897
G43835PV	G02092
G43851BV	G06320
G43873MM	G11846
G43888BM	G09175
G43923BC	G04890
G43925AD	G04960
G43944UW	G05498
G43979MQ	G07823
G44009SU	G08439
G44043ZX	G04513
G44046WQ	G05890
G44073EJ	G10812
G44111WR	G03010
G44139ZU	G06922
G44151FI	G11396
G44152CO	G11444
G44183QC	G04915
G44240VL	G03377
G44264DI	G11973
G44314HI	G10036
G44345UH	G00299
G44361OH	G06784
G44414OJ	G01042
G44452NG	G06020
G44455RJ	G01256
G44458LZ	G05131
G44468LM	G08427
G44479SH	G00729
G44496HJ	G05827
G44515AZ	G05213
G44534UF	G10114
G44604AZ	G03497
G44639PM	G05333
G44645PM	G08251
G44656CN	G03779
G44661NI	G07159
G44688AW	G00172
G44688UB	G03739
G44747CU	G00659
G44754DF	G00562
G44770ZI	G02841
G44772RK	G04228
G44832DP	G00568
G44845VH	G05023
G44845WG	G06558
G44850HT	G11190
G44856HU	G00835
G44865OQ	G10595
G44909WI	G00381
G44917UQ	G05974
G44922NG	G12272
G44936HW	G03415
G44953KX	G11055
G44965FY	G08299
G44996SV	G04892
G45104SZ	G05331
G45108QT	G11342
G45121CA	G05481
G45140IE	G01571
G45194OO	G02066
G45207BM	G00424
G45209NR	G10964
G45215IJ	G00195
G45217YN	G04061
G45229AI	G11381
G45234OR	G01514
G45236AP	G08269
G45256SO	G00330
G45264AM	G11446
G45325UV	G11395
G45333UL	G11100
G45359RY	G01326
G45374ZW	G11383
G45388GV	G01033
G45392YH	G08352
G45408ZW	G00817
G45420PL	G04585
G45494FB	G04018
G45522CT	G04702
G45557SY	G10855
G45560HM	G00203
G45561WU	G04541
G45570JA	G04119
G45614AE	G01150
G45673KX	G00851
G45685DY	G02852
G45712QJ	G03288
G45714BQ	G00127
G45747TC	G04581
G45776ET	G03741
G45777DE	G10764
G45788JV	G00871
G45796AX	G07500
G45811PK	G00369
G45826PJ	G05088
G45827GY	G00395
G45844BS	G04202
G45855TU	G01427
G45882CQ	G04029
G45889JQ	G10769
G45927FN	G00933
G45964TO	G05008
G45995IV	G00286
G46029TT	G02200
G46059YJ	G01800
G46088YW	G06778
G46108US	G06308
G46123YD	G05037
G46141DD	G04804
G46208LD	G00380
G46222DM	G00942
G46224CH	G02218
G46271TS	G01984
G46304CE	G02326
G46312FW	G04966
G46374MQ	G04727
G46383HJ	G09144
G46387UV	G11997
G46406BL	G11942
G46407AA	G04207
G46420ZV	G01700
G46420ZV	G12321
G46425HN	G04381
G46432HW	G03858
G46461VY	G00072
G46476BP	G03216
G46503KK	G04043
G46526SO	G01887
G46559US	G04634
G46560SM	G03993
G46609ZR	G01471
G46613JI	G10360
G46613JI	G11048
G46613JI	G12226
G46613JI	G12279
G46641RE	G05429
G46653EQ	G00967
G46663EC	G04521
G46677TE	G00111
G46682ER	G06593
G46711IU	G07038
G46772BG	G05487
G46774NB	G00186
G46836GH	G10806
G46836GH	G12138
G46868TY	G00320
G46873LN	G04698
G46885EU	G00382
G46991EQ	G02664
G46998LN	G02191
G47011QA	G04976
G47023PF	G00319
G47163SC	G05276
G47180UC	G06389
G47206MY	G05066
G47265HI	G09718
G47280HM	G11356
G47307IR	G08060
G47338FR	G01058
G47366RU	G00757
G47379VH	G00295
G47391NN	G01490
G47395XN	G08049
G47414TF	G04933
G47427YD	G03943
G47451TR	G06371
G47498FQ	G05372
G47501YS	G08726
G47504RX	G06625
G47508TK	G07779
G47517CO	G00346
G47520QY	G11528
G47531XE	G11969
G47537XW	G06369
G47548GA	G10642
G47614ZH	G00083
G47649ZW	G01288
G47675LW	G01102
G47722BI	G07080
G47741BL	G01692
G47764XB	G03487
G47766VH	G01657
G47854HN	G04047
G47877IZ	G05342
G47880JM	G00899
G47920WV	G08640
G47921ZO	G02010
G47924XK	G01502
G47925PB	G03003
G47928KI	G04426
G47935DY	G01976
G47961DI	G01716
G47969LP	G08428
G47970KN	G06063
G48020LQ	G00529
G48027TR	G00649
G48032NP	G00375
G48032QH	G05893
G48040FY	G03737
G48059CD	G00536
G48059CD	G12316
G48117BL	G00399
G48120WX	G12860
G48148JS	G10597
G48185FI	G04230
G48236RC	G02884
G48285RM	G04830
G48334VB	G05689
G48350AZ	G11960
G48353MP	G01460
G48405LH	G05005
G48421GV	G00698
G48442VP	G00665
G48458AB	G04189
G48459HT	G12399
G48465YI	G01181
G48466UB	G05996
G48527XN	G03694
G48536UC	G09098
G48558GR	G00110
G48576DC	G07599
G48585WR	G03119
G48600JD	G00829
G48609TB	G05966
G48630BP	G05022
G48635LN	G06053
G48638TB	G06550
G48646LG	G00379
G48657QJ	G02345
G48699XJ	G03469
G48713OY	G00701
G48733JR	G03004
G48740SL	G00419
G48802FX	G09154
G48809ZO	G05326
G48822BJ	G04420
G48822HK	G08679
G48838EV	G00983
G48860TK	G02252
G48954CA	G04205
G49077EU	G11525
G49108TO	G10624
G49108TO	G12573
G49118ZT	G10284
G49129XZ	G06607
G49168NM	G02810
G49169UJ	G03317
G49169UJ	G07435
G49225WK	G00856
G49225WK	G11706
G49282JI	G01454
G49299WO	G04033
G49320XS	G01898
G49349BS	G07130
G49369WH	G00858
G49370IN	G02088
G49370KH	G08968
G49419VB	G01500
G49440XK	G01848
G49464XD	G11506
G49535WB	G08391
G49544FY	G04436
G49562JB	G02679
G49580XQ	G02790
G49587PY	G05171
G49601RS	G04944
G49604IR	G00642
G49616WZ	G04430
G49626MJ	G04785
G49633XY	G08507
G49664YG	G01837
G49721VX	G05484
G49735KF	G10280
G49743VF	G02731
G49761JR	G03050
G49764YU	G00689
G49800ZN	G07196
G49813VF	G08997
G49873IK	G06390
G49930HB	G01432
G49935CA	G01280
G49935PI	G03450
G49963IQ	G00256
G49995LQ	G02592
G50076EU	G01714
G50116PC	G00100
G50123ZO	G01429
G50139IU	G04113
G50166FA	G12261
G50182HI	G05153
G50186ZP	G05207
G50211SY	G04428
G50258QB	G04015
G50290UO	G04462
G50321QR	G00048
G50345ID	G07785
G50351TJ	G09954
G50354DO	G00425
G50375DL	G10632
G50375FS	G10955
G50417QY	G03203
G50427EN	G05027
G50474FI	G04661
G50507PS	G00503
G50517DR	G00879
G50531NJ	G11982
G50540JU	G00891
G50549VU	G03803
G50576GW	G04480
G50616AZ	G03289
G50653UY	G04770
G50666DF	G05530
G50685MJ	G05394
G50695RX	G08809
G50728CA	G05600
G50733RG	G10356
G50734LV	G09961
G50762GU	G12169
G50762OP	G06927
G50779LX	G10847
G50808YS	G11439
G50866KI	G10436
G50880EE	G12029
G50887TF	G01148
G50896EJ	G04516
G50899UD	G03269
G50911OK	G00449
G50933UG	G04050
G50977JR	G01297
G50999TP	G07571
G51056AN	G10477
G51080VE	G03124
G51119RL	G04098
G51197ZR	G02977
G51212OK	G12752
G51214CJ	G00769
G51216AJ	G02878
G51216ZQ	G06633
G51247KG	G01851
G51294LX	G05488
G51324UL	G04558
G51331BY	G00246
G51333ZI	G10350
G51343UJ	G05136
G51352HP	G01024
G51379UR	G00756
G51412PR	G12090
G51442XD	G02621
G51482CR	G09990
G51490BW	G10771
G51500KF	G05658
G51513MG	G09856
G51554PH	G04709
G51586EE	G12101
G51591NI	G08638
G51654CU	G04226
G51661GQ	G00059
G51688VK	G02234
G51699SI	G00096
G51710QD	G04042
G51744MD	G00608
G51795VM	G00300
G51809TM	G01156
G51855ZY	G01869
G51865IU	G03647
G51871PB	G08862
G51881BN	G04926
G51891DI	G11703
G51894FQ	G05162
G51921XC	G04590
G51930XP	G06768
G51942VF	G09099
G51963NX	G01200
G51964GO	G00935
G51971TR	G04943
G51992CI	G00216
G52008RJ	G07506
G52013SF	G02258
G52045RC	G03996
G52046GM	G00239
G52067GK	G01970
G52070UO	G04412
G52106FW	G03691
G52112MC	G11962
G52160KJ	G00085
G52179YJ	G04515
G52216BO	G04225
G52262VT	G05244
G52266YB	G03847
G52286UI	G03709
G52324RX	G07146
G52331OF	G03591
G52382YP	G08161
G52388RL	G04156
G52428MJ	G01818
G52460PC	G00682
G52497NM	G07825
G52505EM	G01966
G52558CF	G01424
G52608KW	G09619
G52713HV	G01431
G52724WY	G01646
G52725AC	G10196
G52747ZF	G02851
G52763AS	G00725
G52779ZS	G05261
G52789LB	G08239
G52831WI	G10092
G52868BZ	G09013
G52880ZN	G11936
G52886CK	G03686
G52887ZR	G07820
G52904TE	G00513
G52934AK	G10825
G52956BX	G04649
G52971DE	G00713
G53002EK	G00880
G53038QN	G09817
G53072XH	G08965
G53082DJ	G06395
G53102EJ	G09370
G53162CM	G00870
G53168IY	G00951
G53203KV	G05602
G53218AA	G02473
G53220ZS	G02775
G53230PK	G01626
G53230PK	G10191
G53272SL	G04341
G53276NK	G11963
G53296VI	G07402
G53394BX	G00004
G53394BX	G12302
G53402KW	G10737
G53410DD	G00939
G53441BO	G02500
G53456IY	G05179
G53472RQ	G04011
G53480FX	G00628
G53485VW	G04336
G53498YD	G06574
G53517XC	G01582
G53558DF	G07055
G53582JE	G00414
G53625EJ	G09958
G53631OG	G06042
G53635AG	G12238
G53667CH	G04007
G53742UY	G02484
G53743TV	G02824
G53752TA	G00202
G53779GK	G08822
G53800MQ	G03731
G53809CJ	G01805
G53809EF	G01832
G53834TX	G01920
G53869ZZ	G11520
G53880PY	G02973
G53923UR	G12076
G53957WR	G11077
G53962WT	G10922
G53969KM	G06624
G53996MC	G11978
G54021WX	G00555
G54067ZR	G04534
G54083SI	G04288
G54092SK	G02547
G54115JL	G02836
G54121EO	G06030
G54151YB	G04353
G54158IT	G03668
G54189IW	G06700
G54198AU	G03360
G54198XZ	G08481
G54215YX	G09000
G54252SE	G04627
G54267NT	G08946
G54310EW	G03332
G54334WY	G01179
G54337PK	G06565
G54380FJ	G04071
G54409JS	G05852
G54410JV	G06742
G54411RI	G01335
G54426UX	G07355
G54429MF	G06503
G54442GQ	G12129
G54451EW	G11507
G54499PQ	G04725
G54511PJ	G04305
G54513OG	G06342
G54561II	G03023
G54567NU	G03093
G54585VU	G12278
G54604OG	G00402
G54628BK	G08335
G54628UA	G00188
G54676HM	G00442
G54709EN	G03333
G54716JG	G03444
G54721WC	G00131
G54733XO	G00129
G54746NB	G03337
G54760IB	G05821
G54764AV	G12034
G54771ZD	G09416
G54833IG	G09562
G54849AP	G01053
G54950JZ	G04187
G55040LT	G07714
G55051LE	G01547
G55063UO	G06678
G55065WV	G04655
G55080MI	G10083
G55104BW	G00801
G55104KB	G08943
G55146FI	G01847
G55153IW	G00494
G55169DK	G06738
G55186PG	G01772
G55192VG	G06264
G55205ZV	G00439
G55220VL	G00012
G55223IP	G01177
G55291GZ	G03282
G55298KW	G02993
G55331KX	G03024
G55331YF	G00798
G55430RE	G06518
G55481KF	G04414
G55492PI	G09017
G55553TB	G12057
G55555OK	G00556
G55579PN	G04343
G55583HW	G02313
G55600PH	G03807
G55638XL	G00235
G55700PF	G05661
G55722DW	G08554
G55728EM	G03226
G55738TQ	G02103
G55792AU	G08254
G55840CA	G07039
G55861FV	G04374
G55866KK	G11504
G55867TY	G03727
G55929FR	G05422
G55950MY	G05591
G55953GF	G04692
G55958KV	G00266
G55967QW	G00426
G56014GC	G10805
G56042JM	G06093
G56077PT	G07256
G56082OV	G03899
G56095ZZ	G02659
G56140AE	G09507
G56149VT	G01574
G56173OR	G07975
G56175CL	G11417
G56175ED	G05891
G56181LZ	G01184
G56202KK	G12059
G56202TA	G00374
G56246PC	G05282
G56265BA	G03697
G56271ML	G11979
G56271TF	G12071
G56285KF	G11529
G56286QY	G01292
G56299XO	G00261
G56381GU	G02701
G56390QA	G00038
G56478LD	G00342
G56492IM	G11196
G56512IR	G02955
G56516VH	G00436
G56526JU	G12241
G56558YT	G12534
G56616DG	G03905
G56621YQ	G07513
G56653RI	G00533
G56670LK	G10199
G56688OU	G12303
G56737NO	G05310
G56748EO	G10698
G56749GV	G00018
G56756FT	G00434
G56791SN	G00674
G56807EB	G03548
G56852BX	G02719
G56867YK	G04783
G56868BH	G13028
G56871FW	G06172
G56896RW	G04397
G56901CH	G07090
G56915DR	G05999
G56920CK	G07142
G56963QZ	G03744
G56977BH	G05432
G56978EC	G07121
G57048EH	G02119
G57051OG	G04936
G57075KG	G04940
G57075OH	G04778
G57147TR	G05552
G57176EL	G03025
G57296XM	G05190
G57306WK	G12416
G57311FK	G00505
G57321FI	G00023
G57437LI	G04473
G57449OF	G10660
G57522MT	G04998
G57626SM	G01284
G57671LP	G10755
G57681KL	G00427
G57705QQ	G05636
G57707WO	G10334
G57710SU	G00392
G57733JI	G03522
G57746CF	G09023
G57774MT	G03735
G57887YH	G01107
G57920AK	G00476
G57930PW	G00009
G57930PW	G12097
G57932KD	G05642
G57955DP	G10889
G58045AH	G07613
G58111YY	G05694
G58121OQ	G02879
G58192FP	G05347
G58198HJ	G06234
G58202EC	G08039
G58214IQ	G12127
G58216EF	G03699
G58217PP	G00362
G58223WL	G06372
G58233BW	G03910
G58236FD	G12041
G58239DH	G04733
G58255FK	G06017
G58276QF	G05769
G58331OS	G04013
G58370UT	G04314
G58399HX	G00680
G58452XH	G04668
G58475PD	G07448
G58505HS	G05371
G58507AZ	G00358
G58517TJ	G04460
G58522OL	G09155
G58546WR	G06928
G58571IP	G01779
G58576QI	G06971
G58583OZ	G06148
G58590MR	G00800
G58590MR	G06398
G58612ZQ	G00271
G58667NI	G10775
G58746AB	G02264
G58759ZL	G09996
G58793GF	G02951
G58808TX	G04578
G58824LL	G01285
G58846EV	G05822
G58887UO	G00464
G58896AZ	G00050
G58911SS	G01605
G58952ZX	G07614
G58955OJ	G01338
G58990QD	G00058
G59001FP	G03035
G59003TR	G03793
G59029DL	G00995
G59036CY	G05453
G59041MP	G04183
G59055IP	G07843
G59055KC	G08840
G59128IS	G03947
G59141EN	G12006
G59149SL	G04054
G59159PE	G02847
G59168YE	G00825
G59193IV	G11478
G59212FY	G04689
G59255VT	G11937
G59303OX	G01349
G59345UT	G03665
G59406KS	G00006
G59432OU	G10122
G59466UY	G05858
G59471JC	G11876
G59471TH	G00019
G59508TM	G10288
G59513YA	G00341
G59577RA	G06142
G59611UV	G04443
G59655FF	G04826
G59655SA	G10715
G59659CN	G01892
G59684CA	G01353
G59716UA	G05500
G59724US	G00074
G59740UO	G04675
G59742GY	G10972
G59749IO	G05403
G59761EF	G05329
G59869XG	G05493
G59872UP	G02887
G59901EA	G00334
G59902TR	G12394
G59924XR	G02765
G59942FB	G10709
G59944EN	G06232
G59945HS	G00840
G59973RN	G00211
G59998NX	G09069
G59999BN	G06473
G60067KH	G00969
G60109PL	G04275
G60168XX	G08586
G60230HH	G00011
G60273PS	G06007
G60274JN	G03865
G60330MA	G04583
G60333CO	G11615
G60397EF	G02080
G60413OP	G03804
G60430KO	G02894
G60496TU	G03669
G60504ZR	G06076
G60515CZ	G06397
G60525HJ	G06123
G60532CM	G04582
G60557MN	G08593
G60564JX	G10213
G60605ZN	G13054
G60611WD	G00102
G60645OK	G00051
G60653VD	G00947
G60692DB	G05729
G60695UK	G06654
G60716WG	G05587
G60741OC	G06744
G60771OS	G04612
G60799ZL	G04906
G60829NM	G12924
G60833BB	G04550
G60859DF	G00834
G60890ZT	G00221
G60892SA	G04607
G60929YB	G11892
G60949GI	G01919
G60956VN	G00452
G61055FR	G01491
G61072JZ	G07067
G61086WG	G04193
G61149BD	G01745
G61153TX	G04250
G61168WC	G02267
G61168WC	G10301
G61169KO	G03854
G61207RZ	G10774
G61222QQ	G01807
G61283FH	G05889
G61298NX	G01082
G61334IA	G10773
G61351MP	G00467
G61386ZX	G00541
G61390GE	G04580
G61399JM	G04069
G61399NC	G00683
G61404CI	G02838
G61420QM	G00515
G61428QW	G01387
G61429CU	G08617
G61431WM	G03038
G61456PF	G02697
G61457CY	G01320
G61459JW	G10635
G61491DK	G11276
G61491DK	G11291
G61491DK	G11292
G61491DK	G12512
G61491DK	G13027
G61548EV	G08555
G61550NK	G01769
G61556JM	G07670
G61575RT	G05921
G61601ZZ	G11999
G61624LR	G01860
G61664CH	G01987
G61681XZ	G02502
G61705AR	G03677
G61714PI	G03894
G61717JN	G00365
G61730RY	G00032
G61730RY	G12379
G61751GZ	G00014
G61751GZ	G12155
G61769NF	G02046
G61846BY	G10673
G61849OD	G02865
G61903HE	G11974
G61908AD	G09153
G61927HW	G06822
G61941WO	G05332
G61956VN	G11928
G61995VN	G03541
G62014YU	G02963
G62015ZM	G06133
G62056VT	G00993
G62097SF	G01469
G62112AO	G01824
G62119KK	G09636
G62145FH	G03673
G62196IB	G06332
G62221RF	G05426
G62300KZ	G01396
G62300UR	G00833
G62333MG	G04102
G62342QZ	G07457
G62369YQ	G10296
G62377BH	G09508
G62380XZ	G01854
G62433MP	G10641
G62462YC	G09561
G62464EH	G05697
G62517DC	G02798
G62519IY	G04351
G62554JH	G01188
G62571UK	G02886
G62577MD	G09506
G62619LG	G10976
G62672CD	G05492
G62732AB	G02043
G62732ZA	G07104
G62741IO	G05317
G62745YK	G09913
G62746IY	G03713
G62759AF	G06105
G62763GO	G00356
G62765SF	G10963
G62779OI	G04654
G62797OV	G04055
G62801YJ	G00982
G62808KR	G04935
G62900WG	G07361
G62902QW	G07215
G62942HO	G01494
G62968IF	G00368
G62973JK	G02187
G62979KP	G01099
G63024BG	G00522
G63035DM	G00421
G63053GR	G01442
G63059VZ	G00866
G63078SM	G02945
G63160NR	G00538
G63164AC	G09244
G63166WT	G10840
G63179CS	G06066
G63185HW	G01578
G63193FF	G05075
G63194GH	G00218
G63238VS	G00039
G63244UY	G08390
G63317CA	G05604
G63336AX	G01313
G63337SS	G10816
G63363XX	G02476
G63383QX	G05888
G63389VQ	G00413
G63413QV	G01269
G63477YX	G02975
G63480NF	G00660
G63496FG	G04749
G63505TP	G01663
G63610QZ	G01221
G63617UP	G04376
G63665MU	G03029
G63666YX	G05845
G63677TI	G07420
G63683AB	G08895
G63717SU	G03178
G63774AQ	G07736
G63787FE	G04700
G63792JF	G08372
G63813EJ	G10434
G63821SF	G03876
G63838JW	G04454
G63871ZT	G04909
G63889NK	G11024
G63919RG	G05700
G63977XF	G10189
G63981YU	G04630
G63992GH	G02897
G64003EJ	G01304
G64025NR	G04220
G64079RT	G03210
G64087OP	G06071
G64165TJ	G05513
G64168EM	G00827
G64183CB	G00167
G64189GC	G05313
G64208CW	G00366
G64227KZ	G02706
G64259ZR	G00911
G64285PF	G08590
G64311TT	G00994
G64334QQ	G04782
G64404PV	G09206
G64418SR	G02226
G64466WK	G07320
G64468KS	G04711
G64481DJ	G10883
G64485VT	G05230
G64500KY	G01637
G64501OO	G11975
G64514KF	G04886
G64538ZR	G04499
G64547NU	G00937
G64548HA	G00633
G64570KJ	G06602
G64581RP	G12437
G64592EN	G04125
G64604UL	G07612
G64623GC	G09390
G64662SH	G03897
G64669AQ	G00178
G64696WA	G03343
G64713KE	G05175
G64783LH	G05556
G64799PD	G00441
G64851ON	G00226
G64854QG	G04312
G64857LW	G06340
G64860JV	G02787
G64870DN	G07276
G64878VD	G08076
G64885AH	G00057
G64894MA	G00715
G64919UI	G04610
G64943CI	G02027
G64963HC	G06451
G64968QT	G05166
G64973KT	G11136
G64973KT	G12693
G65002PM	G01375
G65165RH	G08600
G65166VR	G04742
G65191ST	G00269
G65192DL	G10110
G65223RT	G00076
G65226QM	G04435
G65236OQ	G12434
G65243FP	G04023
G65294YU	G02208
G65419YA	G11866
G65438SS	G01195
G65467NS	G05349
G65484DP	G00679
G65507FU	G01171
G65515HD	G04304
G65525UV	G07345
G65562ZE	G00026
G65562ZE	G12347
G65609XC	G01767
G65624ZE	G07713
G65697SK	G04313
G65703ID	G01345
G65718MY	G00459
G65744QH	G05998
G65773ZP	G06043
G65799WV	G04016
G65825CX	G05494
G65832SQ	G00225
G65855MN	G00446
G65860IT	G11047
G65882DG	G09391
G65889KE	G11121
G65889KE	G12499
G65890UA	G10844
G65893EZ	G02229
G65982DP	G04137
G65984FE	G00468
G65996GC	G00003
G65996GC	G12381
G66037WR	G04505
G66086EX	G00291
G66086EX	G10523
G66131WK	G06748
G66162WI	G05618
G66168TG	G05594
G66184ZO	G02909
G66193EV	G06034
G66215DK	G07172
G66228VC	G09247
G66263GG	G09320
G66271TT	G01103
G66282NU	G10747
G66296ET	G09225
G66301VC	G06538
G66375VY	G04834
G66387RK	G02552
G66399CG	G11216
G66427ZQ	G00071
G66488GE	G04787
G66489LJ	G00336
G66512FS	G05112
G66554NB	G04570
G66650NK	G06792
G66655HQ	G04419
G66661ZY	G06348
G66665YI	G10725
G66691IW	G01169
G66723QO	G00053
G66741YQ	G00274
G66767PX	G04617
G66892DM	G01161
G66900FH	G06977
G66932MV	G01327
G66937TJ	G11022
G66986MB	G09273
G67046QM	G05671
G67053DJ	G07316
G67053LB	G06218
G67066JI	G05060
G67087ZJ	G11477
G67116TA	G08041
G67200RM	G02641
G67200RM	G12479
G67212WQ	G03330
G67220DU	G04958
G67314XY	G02071
G67326LW	G01667
G67328UY	G10439
G67342MA	G01089
G67362UI	G06347
G67410LQ	G04224
G67446RJ	G01214
G67447FX	G05793
G67474VT	G11611
G67529BO	G09437
G67536FA	G04594
G67574IL	G05284
G67608DN	G04057
G67610CQ	G06108
G67612NO	G04206
G67642SS	G03680
G67740CH	G05781
G67740GT	G03550
G67767BR	G04172
G67785RW	G05470
G67808LV	G07032
G67887EF	G12017
G67898UK	G02205
G67915MO	G00661
G67916HD	G11217
G67924MY	G05657
G67942CH	G11977
G67988RO	G00497
G67988RO	G10645
G68014YX	G07319
G68062BK	G01981
G68074FW	G12023
G68103UN	G01136
G68110IF	G00112
G68137PO	G00501
G68175NA	G04103
G68179GF	G05875
G68186WA	G12147
G68194UU	G04543
G68253RD	G01990
G68313WI	G07398
G68318SH	G00771
G68321OY	G06648
G68350IL	G00783
G68371HY	G07499
G68415EV	G04703
G68432TM	G07988
G68544GH	G00001
G68544GH	G00143
G68544GH	G12444
G68544GH	G12513
G68607SL	G01055
G68640EZ	G01264
G68651MF	G02768
G68668TB	G10680
G68668TB	G12036
G68668TB	G12081
G68679LW	G02763
G68714ZY	G09957
G68801RI	G06343
G68832LT	G02331
G68835PT	G05227
G68856EP	G12327
G68859AM	G09663
G68867HM	G04811
G68907ZA	G03980
G68909KV	G09100
G68931EB	G03154
G68983XG	G01905
G68996TE	G01894
G68999BA	G01512
G69015PK	G08162
G69030AU	G05923
G69044AJ	G01658
G69053FP	G08948
G69081WR	G03390
G69083KH	G04375
G69121YI	G04077
G69140HM	G05670
G69161BS	G01823
G69175BJ	G04973
G69176ZA	G12357
G69187MR	G04212
G69247ZX	G02553
G69277LC	G02213
G69360KJ	G00407
G69388BI	G11146
G69390GI	G11938
G69411IG	G10796
G69426KQ	G07605
G69462QO	G10338
G69480BN	G05837
G69485SE	G12008
G69508SI	G01853
G69666IP	G07626
G69715FB	G08435
G69725KG	G01064
G69726TU	G00945
G69742YU	G05455
G69780ZR	G05093
G69788BR	G01706
G69799LR	G05221
G69802ND	G07243
G69830QM	G07520
G69832VH	G07853
G69861RK	G08061
G69889NC	G07144
G69893KP	G00265
G69912LP	G10919
G69964CA	G02700
G69976JD	G03994
G69985ZX	G04423
G69987TD	G00862
G70023SA	G04120
G70072FZ	G03729
G70073SG	G00666
G70076VV	G04588
G70081QS	G11337
G70115XG	G00477
G70151NU	G00383
G70158KQ	G08021
G70194YY	G04010
G70213NR	G00992
G70236HL	G01421
G70265CT	G00101
G70308HL	G01104
G70323NX	G07788
G70382WT	G03987
G70405KO	G07027
G70444FA	G00378
G70494TJ	G03719
G70507DZ	G01437
G70511VE	G10960
G70515GS	G00338
G70565NH	G07468
G70568QI	G00552
G70582LE	G06715
G70590VH	G04842
G70593HA	G10982
G70647TI	G00064
G70681VG	G02194
G70714VS	G09157
G70800WO	G04129
G70803VN	G04471
G70846FG	G06431
G70851FQ	G04326
G70859XP	G05009
G70866LY	G06174
G70874WW	G00066
G70881GL	G04696
G70888IM	G06846
G70903NP	G10674
G70927FR	G03723
G70938LN	G05538
G70947EQ	G05703
G70958LU	G04198
G71013KY	G10778
G71025DD	G04324
G71025TJ	G07208
G71031GX	G08581
G71032KF	G03268
G71063DT	G06344
G71065BP	G10337
G71085CJ	G02835
G71094TJ	G05391
G71121NN	G00234
G71125UE	G04019
G71142DF	G10238
G71142DF	G10618
G71142DF	G12561
G71142DF	G13015
G71142DF	G13051
G71153ZE	G11944
G71230WH	G00106
G71247WG	G12633
G71300IN	G04772
G71320DE	G01809
G71338QU	G03094
G71360BB	G01882
G71373NI	G08295
G71394EM	G05805
G71409LF	G01900
G71416GU	G01936
G71431OY	G06138
G71451NN	G02771
G71462KX	G09557
G71485PH	G00043
G71504FS	G07987
G71520YY	G01995
G71579EA	G05169
G71602GO	G05119
G71610GM	G09234
G71611AN	G02560
G71626IG	G08386
G71659FD	G05253
G71668KZ	G01690
G71692DZ	G07627
G71703UN	G09702
G71714EQ	G05388
G71719NW	G07354
G71763JZ	G04699
G71782CJ	G01645
G71817IG	G10768
G71832QJ	G00641
G71871QF	G00950
G71960CZ	G02631
G71999UY	G02222
G72002FC	G00060
G72060BE	G00631
G72079JG	G00008
G72103RY	G10596
G72108VJ	G00696
G72131JM	G00327
G72180YS	G07396
G72199XR	G02948
G72214YD	G04678
G72260GO	G11445
G72287LC	G11260
G72304KR	G01944
G72348PK	G02789
G72353NN	G02235
G72356JA	G02188
G72356VO	G06009
G72369ZI	G04484
G72395MI	G00791
G72406BE	G02692
G72460OS	G02753
G72490CF	G01560
G72506RN	G11147
G72506RN	G12632
G72526IR	G05412
G72576LG	G01391
G72580QS	G01932
G72632JH	G01368
G72672CX	G01533
G72692DY	G13021
G72718TT	G10820
G72723RJ	G05307
G72725CZ	G01083
G72735TB	G11594
G72748AQ	G00734
G72758WN	G12922
G72806VZ	G05931
G72821WX	G10776
G72825VD	G03200
G72904OZ	G07623
G72905QH	G03957
G72914LC	G03254
G72952WX	G06341
G72954XC	G00321
G73051OD	G00890
G73076FS	G08280
G73108NW	G08995
G73257RC	G06191
G73271AZ	G04777
G73308YY	G04201
G73348SI	G01194
G73367DT	G04143
G73373AY	G04860
G73381RY	G00540
G73382HV	G11179
G73439VG	G03716
G73499UJ	G07777
G73517CY	G03857
G73578JC	G06573
G73578JC	G10628
G73578JC	G12246
G73582RP	G01982
G73599GW	G02426
G73660NF	G01614
G73683LQ	G01830
G73708UL	G12478
G73717AG	G12306
G73753UM	G09419
G73825BL	G11953
G73836ED	G06355
G73866ZM	G00251
G73913LV	G09289
G73954OI	G03078
G73971ME	G03456
G73976WL	G05664
G73991ZU	G00640
G74049SP	G06824
G74102VO	G05523
G74111MH	G02241
G74120DW	G10834
G74121RX	G00169
G74242PX	G07392
G74290AC	G00857
G74294TP	G03653
G74325TG	G00310
G74369SL	G02656
G74394BJ	G01119
G74491LU	G01704
G74531CR	G00616
G74537VZ	G03846
G74553FZ	G12193
G74617OA	G10143
G74621DY	G10504
G74621DY	G12462
G74642TI	G08426
G74654HX	G11785
G74656GM	G06621
G74665CH	G06231
G74668VC	G01040
G74673OI	G04529
G74709RD	G06256
G74716XL	G02715
G74758HW	G11440
G74780ZE	G03287
G74790FN	G08394
G74793LO	G11123
G74814JR	G11138
G74819JH	G05961
G74823CH	G02704
G74840NI	G10617
G74840NI	G12506
G74895VX	G05981
G74910NC	G04850
G74990OY	G10529
G75016TO	G06896
G75030WH	G04105
G75043SA	G08704
G75057NM	G03183
G75082OS	G01794
G75096PE	G08247
G75097MF	G02846
G75120WS	G10721
G75129FO	G10269
G75206XT	G01020
G75277CR	G05572
G75306VL	G01600
G75318VB	G04026
G75359HS	G12018
G75465YX	G03945
G75467WH	G04200
G75483SB	G02769
G75488YU	G04180
G75547TX	G04620
G75553PU	G07831
G75565BZ	G02911
G75568XR	G04762
G75584LU	G00776
G75586OT	G12280
G75599HG	G01173
G75601KW	G04398
G75630IP	G02228
G75661XS	G06459
G75687SF	G06429
G75705TH	G08142
G75734VP	G02735
G75762RH	G03188
G75789AR	G00258
G75789AR	G13014
G75824WJ	G06331
G75850OP	G10692
G75850OP	G11972
G75865YY	G00644
G75872ER	G02959
G75873HH	G05589
G75896QL	G01279
G75907MC	G03310
G75993IV	G04470
G76036GS	G00569
G76084WO	G09730
G76097GZ	G08732
G76104SB	G05545
G76118WO	G05763
G76136FD	G11009
G76200OU	G12262
G76241TN	G00490
G76245RV	G05851
G76297JC	G09236
G76355TG	G00034
G76389HC	G04606
G76389HC	G04896
G76429IR	G10357
G76429IR	G12624
G76430NK	G04279
G76431SN	G02021
G76439VL	G00089
G76467YN	G06788
G76478FT	G10708
G76481US	G01958
G76489QB	G04597
G76548SO	G10268
G76595RI	G01480
G76603DR	G06284
G76680HJ	G00438
G76680HJ	G11713
G76684IW	G05111
G76705RJ	G05495
G76802PQ	G07151
G76807JB	G10765
G76823GQ	G00629
G76844PH	G02057
G76873FO	G04472
G76878IQ	G08219
G76924RW	G01665
G76931AL	G05692
G76945TE	G03991
G76997PL	G06225
G77026KL	G06027
G77137FD	G01954
G77160RX	G07477
G77165VD	G04677
G77207RR	G11858
G77208XM	G01197
G77218JF	G07011
G77235BQ	G00174
G77252PU	G10702
G77285LE	G00069
G77326OU	G06152
G77339RV	G03843
G77372RE	G12634
G77384RA	G10754
G77384RA	G11299
G77384RA	G11301
G77419BI	G09556
G77426UJ	G04448
G77442MO	G09436
G77451BX	G02939
G77479VH	G00954
G77503IE	G06605
G77553BJ	G04334
G77554ZE	G00520
G77593JU	G00052
G77608BK	G12094
G77608VQ	G03862
G77632HJ	G00981
G77653XA	G11697
G77653XA	G12125
G77659VW	G12309
G77671SG	G06111
G77750BW	G06078
G77788QV	G07488
G77824XV	G00405
G77901GR	G01232
G77915WT	G11519
G77922WZ	G02821
G77938WM	G03238
G77971RI	G09195
G77974XY	G00022
G77993GH	G06103
G78003VE	G02180
G78011OA	G04670
G78030KJ	G01420
G78059CC	G00017
G78059CC	G11970
G78074HX	G00403
G78098IA	G00155
G78108ZM	G00902
G78151IM	G00897
G78152IS	G06184
G78173WX	G03902
G78205EV	G02819
G78242EN	G10160
G78242EN	G10181
G78251OV	G05771
G78260AJ	G00406
G78276SQ	G10712
G78317QO	G08839
G78342SP	G05306
G78367BV	G09558
G78369LH	G09618
G78391CU	G04127
G78413IP	G07050
G78436BB	G10607
G78509IY	G12026
G78513XO	G02508
G78598WI	G02290
G78617GO	G05491
G78681QL	G00620
G78749MK	G04679
G78759HZ	G07624
G78800HY	G00457
G78818SP	G00120
G78842DK	G08814
G78882XO	G08771
G78885JL	G09918
G78908IP	G06993
G78918BK	G11590
G78956IC	G10957
G79029KQ	G02050
G79042KJ	G05940
G79137TM	G05145
G79168XT	G08185
G79172UW	G06039
G79198HM	G02232
G79231KU	G12334
G79242MX	G01417
G79249GP	G05728
G79298QI	G04157
G79333MY	G12484
G79351ZW	G05327
G79363XM	G06132
G79368CP	G11946
G79375ZL	G07299
G79389NT	G00109
G79389NT	G10351
G79404OF	G11987
G79414JH	G03162
G79475GW	G01250
G79499QH	G05897
G79518SC	G11320
G79536OW	G00047
G79537QV	G07616
G79573BU	G06254
G79605VZ	G02564
G79646HD	G03852
G79702QE	G03834
G79729FH	G09867
G79776GW	G03708
G79798AT	G06755
G79809MM	G10757
G79810PX	G12722
G79874WM	G05669
G79896GR	G08614
G79915IB	G05257
G79920MY	G00930
G79924QN	G04294
G79930NT	G00924
G79950YS	G04941
G79954CG	G04444
G79958YT	G00107
G79973CM	G11855
G79989ST	G07315
G79996DQ	G04373
G80016QG	G07618
G80062GG	G00095
G80085KS	G04366
G80098ET	G11920
G80098LK	G07371
G80130IB	G00761
G80147HT	G00355
G80155SP	G11656
G80161SF	G00496
G80162ZS	G02551
G80163ME	G04203
G80176YK	G04840
G80193TN	G10437
G80200DN	G05226
G80218VL	G11293
G80218VL	G11294
G80243CR	G04639
G80268ZC	G03742
G80298HR	G03718
G80310IL	G01557
G80393PG	G10831
G80398JV	G09539
G80494PJ	G06765
G80498RN	G00864
G80513FH	G00471
G80544IB	G02875
G80554WA	G03005
G80587PF	G12386
G80600IS	G06201
G80637VS	G04659
G80654ZK	G05457
G80673RX	G07894
G80699WY	G01079
G80812QO	G09933
G80829RZ	G00794
G80858MF	G00016
G80908GL	G05191
G80926OA	G00287
G80966KZ	G10676
G80966KZ	G12066
G80966KZ	G12080
G81009UW	G01418
G81013EK	G00454
G81096RM	G11847
G81114MS	G06338
G81121OC	G00789
G81147VU	G05056
G81149TB	G02952
G81188FE	G02389
G81216DQ	G06620
G81221QB	G12587
G81229DT	G00986
G81270RB	G12326
G81294ZY	G03782
G81315DD	G10891
G81328BD	G00200
G81337OK	G02102
G81378YR	G05167
G81408RV	G02859
G81430ON	G04248
G81439BR	G04918
G81466NG	G06546
G81505ER	G04447
G81534KB	G07451
G81561UL	G06339
G81596CU	G06699
G81623GR	G05574
G81697WS	G06897
G81748GB	G02341
G81788HU	G05956
G81793BO	G01433
G81806PG	G06358
G81873QA	G01802
G81879LT	G05255
G81908DG	G08266
G81915YU	G02722
G81928IQ	G11208
G81971FM	G00257
G81982NW	G04888
G81983KG	G00126
G82026ML	G05946
G82038RE	G00326
G82051XL	G12442
G82106UN	G01153
G82142DS	G11614
G82151AD	G00996
G82169SQ	G04952
G82195FD	G03698
G82202JN	G04508
G82207VX	G01329
G82252QI	G10707
G82286VD	G07607
G82303RP	G04774
G82306VJ	G09555
G82311QG	G06741
G82348BZ	G10661
G82393PY	G11751
G82400TF	G10059
G82405LP	G12206
G82455WQ	G03409
G82526KT	G07493
G82529OA	G05038
G82572FN	G03891
G82591EC	G08209
G82638RK	G05118
G82664ZC	G02217
G82695BC	G02827
G82704VJ	G05673
G82724NW	G02688
G82725FS	G03405
G82727OW	G04849
G82730QA	G05699
G82739ZR	G00943
G82746VF	G03047
G82748UB	G01698
G82761BO	G02201
G82779CI	G00946
G82801WV	G06345
G82829MF	G05122
G82831RR	G04715
G82845MH	G03772
G82858KU	G00042
G82864KM	G04652
G82868SO	G03948
G82893ZY	G09729
G82942ZJ	G11070
G82945RR	G05062
G82950HY	G00306
G83001FQ	G05486
G83042PP	G08998
G83078TI	G06374
G83082ZQ	G06666
G83088MZ	G03457
G83089UA	G04148
G83099NF	G08695
G83104JJ	G05739
G83106XM	G01333
G83120FP	G12229
G83161QT	G00232
G83161QT	G12043
G83161QT	G12082
G83169UB	G03357
G83205DW	G01777
G83205TN	G01875
G83218BR	G07890
G83234UJ	G01629
G83236NT	G09384
G83241PZ	G02783
G83312UD	G02905
G83404RQ	G11828
G83417GO	G03859
G83423JP	G04262
G83425EJ	G04438
G83455QZ	G01337
G83476KH	G11181
G83488LL	G07712
G83512RK	G05177
G83513YI	G00061
G83540SE	G06089
G83582BK	G11014
G83600PQ	G00949
G83621YS	G01381
G83633HB	G00736
G83638RK	G06861
G83642FZ	G02519
G83644CC	G02739
G83659OC	G06228
G83712UA	G04903
G83717YJ	G13029
G83719UD	G08584
G83737UD	G00611
G83761QN	G00277
G83779VD	G02442
G83781TR	G00582
G83829JQ	G02949
G83916HL	G00557
G83916HL	G12243
G83916HL	G12795
G83937KQ	G03397
G83948CA	G05844
G83957LU	G05366
G83958MI	G00605
G84031ZX	G10352
G84034JH	G00067
G84064AY	G04530
G84083SA	G12050
G84144JO	G04217
G84153KU	G02691
G84167AV	G03907
G84186YN	G06353
G84224TW	G00092
G84228OY	G01461
G84252SD	G10025
G84260SO	G04496
G84264KQ	G01114
G84275GF	G08947
G84287MH	G02720
G84325BE	G02458
G84329MX	G03908
G84350SH	G01670
G84376FR	G10745
G84467IZ	G10700
G84467IZ	G11904
G84501YL	G05566
G84571RH	G07617
G84643MT	G07798
G84645YP	G09172
G84674JQ	G02742
G84712FX	G03684
G84753IL	G02716
G84787BT	G07598
G84792SV	G04456
G84808RB	G04704
G84818UM	G06675
G84852GW	G10742
G84880VC	G01734
G84891DZ	G00453
G84908OR	G03657
G84969LS	G06819
G84981PB	G03656
G84996EP	G05496
G85084IW	G11495
G85101OA	G04596
G85243FP	G08395
G85244OT	G09400
G85278ER	G06069
G85284LO	G04917
G85302NF	G05557
G85317UE	G07473
G85323FO	G06924
G85366AQ	G05121
G85378DV	G00377
G85393KI	G05072
G85424PW	G03382
G85492ZI	G10594
G85542KD	G11000
G85545IG	G01090
G85578VB	G06576
G85607DC	G00364
G85608AG	G00208
G85652EW	G04017
G85661BQ	G02576
G85714GY	G00543
G85716US	G03577
G85721WE	G03034
G85734JO	G07733
G85767HW	G10777
G85767HW	G11961
G85828UH	G06702
G85836ZE	G01566
G85838ZJ	G04199
G85856KC	G13026
G85890AG	G03071
G85895SP	G05032
G85923WX	G12423
G85972OZ	G11503
G86053IC	G00432
G86082YL	G06644
G86094NY	G02950
G86110YJ	G00878
G86123DJ	G00417
G86143FV	G00987
G86191DF	G11919
G86199GK	G00592
G86213NZ	G06975
G86236QS	G00921
G86237WM	G09376
G86240AI	G03516
G86258PP	G03296
G86258PP	G07306
G86270PI	G08018
G86299UP	G03506
G86357DX	G10803
G86372GF	G05598
G86385RC	G00272
G86386QT	G00412
G86388AX	G01408
G86419OL	G11036
G86443CJ	G03324
G86445DK	G00077
G86445KR	G12667
G86487TG	G05139
G86495BQ	G04669
G86504RY	G02756
G86522OD	G00451
G86535WT	G00229
G86633LD	G00544
G86633LD	G07512
G86640EE	G00868
G86700TF	G05712
G86702JK	G09115
G86712SX	G02823
G86736BF	G03082
G86750HK	G01404
G86761WD	G05019
G86768IE	G07198
G86781KH	G03874
G86792SU	G01426
G86801QH	G04076
G86851RC	G10626
G86912FM	G11336
G86928UZ	G04307
G86950QP	G01360
G86958EY	G02423
G87030ZZ	G11176
G87038UU	G05876
G87063FS	G00717
G87067LQ	G10387
G87091WI	G00305
G87107PF	G02711
G87115JQ	G07898
G87119TX	G08870
G87124HX	G06336
G87164WU	G00079
G87174VF	G02550
G87206FM	G02603
G87251UV	G09032
G87251UV	G11091
G87273JO	G04253
G87299FY	G07838
G87308QC	G06401
G87315SO	G01301
G87377KZ	G02652
G87433DT	G06022
G87433EC	G09429
G87485AO	G04740
G87517GL	G01449
G87564QI	G03984
G87577UZ	G12144
G87685WT	G00816
G87695KR	G00774
G87727XV	G01380
G87767GP	G02448
G87773EB	G02855
G87777GG	G02251
G87784HD	G11910
G87813TS	G10007
G87854BA	G03964
G87860OU	G00333
G87867IZ	G00737
G87877ES	G00156
G87901MO	G09380
G87908HE	G04155
G87996EB	G11588
G88009HX	G11988
G88030QD	G05826
G88068QT	G11954
G88089UV	G04271
G88099FG	G06486
G88105MO	G02457
G88122BX	G11534
G88122VF	G10211
G88122ZQ	G03738
G88171EW	G05916
G88192MM	G04919
G88194BN	G06630
G88198QR	G04395
G88216WD	G03081
G88227QI	G01735
G88242BL	G02708
G88305GR	G02381
G88313DY	G10799
G88321DT	G04122
G88334IC	G10810
G88356HA	G01896
G88357PE	G07868
G88380UG	G13030
G88382QE	G01238
G88393MK	G00285
G88421PE	G04528
G88469YE	G00309
G88495BI	G00207
G88500SX	G03702
G88530VK	G05536
G88533QR	G02321
G88573VH	G04567
G88586HW	G05986
G88675ZE	G00850
G88692PI	G06725
G88727SH	G11380
G88734GE	G02666
G88749TS	G03795
G88784RE	G06028
G88784SV	G05476
G88822AB	G04999
G88827CD	G00352
G88828CK	G02923
G88876JQ	G00388
G88884NJ	G04937
G88998CC	G04000
G89008DB	G05319
G89027OP	G04277
G89032VF	G03273
G89034YM	G02876
G89058HG	G05565
G89058RF	G04195
G89090WX	G03224
G89099NM	G04576
G89104MS	G11701
G89129AU	G06946
G89143RS	G07166
G89230YO	G05663
G89261EQ	G03026
G89325VN	G03794
G89364NG	G04303
G89368FV	G04786
G89393WA	G04377
G89398MH	G01930
G89459KY	G08492
G89466VC	G07197
G89498BT	G06321
G89501QI	G04136
G89518YP	G02962
G89532GI	G04790
G89547ME	G10283
G89570VS	G12139
G89575QC	G06750
G89623FN	G02562
G89659QV	G00056
G89682CT	G06454
G89736UW	G04869
G89816MU	G05973
G89864BN	G10695
G89877QI	G10726
G89877QI	G11877
G89941FZ	G11453
G89946SW	G05435
G89993FE	G11052
G90001LE	G08766
G90033AN	G03956
G90037CR	G09937
G90054TK	G04686
G90101BB	G07175
G90107JW	G00977
G90142YY	G00549
G90146ME	G08438
G90255XH	G09349
G90300MX	G06114
G90334ZP	G08604
G90348RI	G10719
G90350EB	G02964
G90361FA	G06572
G90377OF	G00350
G90387AM	G00242
G90402OU	G04535
G90435TI	G04247
G90439ZM	G02286
G90562PB	G00123
G90634OE	G08767
G90672BM	G03916
G90723FE	G12019
G90725ZC	G02741
G90746ZG	G07029
G90766ZI	G04322
G90784AP	G04369
G90805IW	G05928
G90825UM	G10699
G90827ZO	G08253
G90844AC	G01428
G90852CC	G05809
G90889KG	G00206
G90895OS	G07057
G90916QL	G01356
G90973JX	G06853
G90975KR	G05406
G90987HD	G04551
G90998OM	G02582
G91023GB	G10789
G91035MG	G08743
G91073KG	G05639
G91083SV	G01311
G91083SV	G11021
G91121ZF	G11889
G91135NG	G10132
G91181WA	G06414
G91182AF	G05633
G91197EY	G06239
G91227PM	G11561
G91236EO	G09169
G91237TK	G00108
G91247WI	G01341
G91260HM	G07556
G91293CP	G12435
G91312MX	G03926
G91326YS	G05049
G91326YS	G12162
G91326YS	G12794
G91365ZQ	G11408
G91365ZQ	G11952
G91388QD	G05335
G91404LJ	G00068
G91413ZX	G10732
G91452ZH	G11197
G91462QM	G09226
G91484JV	G07352
G91499UV	G06629
G91532KA	G00166
G91560NT	G00090
G91568QH	G12281
G91591ER	G04629
G91599FN	G05312
G91649BT	G00105
G91680CG	G06682
G91704UR	G10819
G91706AL	G09560
G91782UZ	G03659
G91810SD	G08797
G91827TX	G04614
G91867WQ	G01168
G91904RU	G00828
G91905FJ	G10962
G92039VR	G00941
G92045DI	G09554
G92047WH	G08609
G92061JJ	G04109
G92117KA	G04386
G92119ST	G08175
G92147QP	G04407
G92175CL	G00168
G92175OV	G05267
G92177ZW	G11094
G92177ZW	G11612
G92186BR	G11874
G92219PK	G04664
G92237PN	G10907
G92241FG	G03931
G92257YN	G05420
G92261CS	G06378
G92296LB	G04800
G92318PO	G03187
G92320FG	G02799
G92329HK	G06773
G92358PV	G05452
G92429IK	G02705
G92473LQ	G07694
G92500KM	G05762
G92536LD	G00296
G92564XJ	G07629
G92567CF	G10933
G92574YO	G10974
G92575UZ	G00445
G92594VG	G00875
G92612ZM	G01005
G92639RB	G10178
G92649QH	G09564
G92679KQ	G07738
G92697ZU	G06168
G92786VA	G03265
G92790YQ	G07017
G92808JY	G06998
G92809ZU	G06600
G92848QA	G02263
G92920MA	G06075
G92965OP	G02770
G92996IT	G08989
G93029JO	G10262
G93042DD	G07643
G93060PS	G04816
G93148GC	G05512
G93164KQ	G12054
G93193OD	G11894
G93198UO	G04282
G93206NM	G12219
G93263XO	G00526
G93265RE	G00572
G93279TH	G02211
G93309ZC	G11177
G93446UA	G02673
G93468NI	G12164
G93470LV	G04827
G93500PH	G10684
G93516TF	G10346
G93518FF	G03813
G93520MA	G01444
G93520MA	G11437
G93523MF	G01717
G93523MF	G12377
G93559JC	G06058
G93575MM	G01831
G93576WX	G07976
G93583AH	G00705
G93624ZP	G11730
G93638BI	G00394
G93646CO	G05541
G93686CT	G00531
G93694YU	G00539
G93737LO	G07046
G93746CY	G02829
G93758YP	G06333
G93788SW	G00447
G93802WF	G09713
G93839ET	G04579
G93861MS	G12217
G93869JB	G00475
G93871LV	G05348
G93899AU	G03954
G93906VI	G04338
G93922AL	G11895
G93931KM	G08914
G94008TO	G06303
G94013XT	G00718
G94019IV	G06362
G94097TZ	G12225
G94106MV	G10659
G94116NC	G04319
G94156YI	G02957
G94161VQ	G11589
G94231FZ	G09011
G94234FX	G11586
G94241OT	G11875
G94258SI	G06136
G94278FQ	G04624
G94379JQ	G03108
G94396BB	G01781
G94407CM	G04064
G94423NC	G04025
G94431LX	G12890
G94435QH	G11128
G94445GS	G12342
G94480CC	G06577
G94490EL	G12015
G94498MI	G10271
G94502LK	G06270
G94531EZ	G10969
G94542HF	G02644
G94566ZN	G02813
G94610QX	G03821
G94626AX	G03906
G94626GC	G10650
G94705OR	G01662
G94733WZ	G03844
G94768DB	G10886
G94809SW	G11901
G94888UJ	G12105
G94922WW	G00528
G94923PG	G00144
G94923PG	G00145
G94923PG	G11174
G94923PG	G12396
G94923PG	G12803
G94925DI	G06717
G94926TV	G02718
G94946LG	G04690
G94952MX	G00830
G95000GB	G06112
G95014LS	G02912
G95101QA	G06690
G95109CV	G04592
G95151JF	G04140
G95185OU	G00238
G95186HE	G02891
G95222PD	G04215
G95223JW	G00525
G95227SJ	G01829
G95306YW	G02428
G95310NT	G01911
G95333ZG	G05696
G95334YI	G01801
G95336MK	G01855
G95341UA	G01077
G95390AP	G01271
G95412SS	G01137
G95420RF	G02869
G95438XT	G01268
G95440SV	G06350
G95483LL	G07364
G95490LA	G03658
G95493MF	G04613
G95577EQ	G06427
G95589FK	G02026
G95589TE	G07718
G95617FJ	G11915
G95618BP	G06124
G95639RD	G02662
G95715VQ	G01290
G95782RB	G02220
G95786NX	G12116
G95811XD	G00657
G95894VW	G11089
G95910WJ	G03704
G95913KV	G02601
G95952ST	G03790
G95954OW	G05528
G95956WE	G11011
G95969MO	G05047
G95994EE	G03850
G96004HC	G03981
G96010OZ	G03988
G96081GH	G06317
G96088RV	G06664
G96091LW	G01814
G96122UB	G04235
G96175KT	G12014
G96214EI	G04154
G96260GC	G04233
G96283OE	G00314
G96349RY	G01902
G96350WP	G03103
G96401FK	G00063
G96409DQ	G09094
G96428WC	G06628
G96447DS	G03481
G96463EY	G00566
G96504YE	G02163
G96538JO	G00054
G96558GF	G08063
G96596OC	G10289
G96598ID	G02315
G96648KQ	G09354
G96651PA	G09025
G96652IJ	G06580
G96679AF	G10525
G96691OS	G01999
G96696UJ	G02497
G96709CX	G01145
G96777AX	G04563
G96794ZC	G03701
G96823NW	G02427
G96834JC	G01167
G96851HL	G08019
G96852FA	G01915
G96874XX	G01071
G96881BQ	G12557
G96881BQ	G13052
G96916QO	G01685
G96921ZU	G01403
G96932XT	G04066
G96966LA	G06326
G96991NM	G02695
G97013VN	G00838
G97023FS	G00606
G97051EO	G00465
G97077OZ	G01455
G97083VO	G11527
G97109LT	G02764
G97130PD	G02207
G97163JS	G04708
G97185IQ	G04584
G97198SO	G01636
G97212ZE	G04259
G97222OW	G10159
G97222TN	G06626
G97223RX	G09120
G97224RI	G02604
G97234ZU	G03745
G97286VY	G05336
G97340QI	G08333
G97341KV	G05859
G97345NY	G10899
G97352VJ	G02193
G97423PY	G10874
G97452SL	G04568
G97455PT	G01813
G97485LN	G07201
G97503JI	G02060
G97523ON	G11860
G97526EY	G02075
G97531BE	G06564
G97536OM	G00430
G97547QJ	G00241
G97569KL	G00839
G97575FW	G02203
G97584VW	G09375
G97585KM	G04645
G97586IF	G07751
G97612UN	G12274
G97644GG	G02985
G97686QU	G02850
G97802SN	G05906
G97862VK	G00423
G97894OW	G01687
G97917EY	G05286
G97932OH	G00181
G97944IJ	G02579
G97953NC	G00335
G97970WP	G04095
G97975GF	G04569
G97985TL	G02053
G97996SP	G04086
G98003WW	G06485
G98041GK	G04450
G98044DT	G08186
G98048XD	G03940
G98052MQ	G01235
G98073MH	G03937
G98095WS	G07229
G98140IX	G10762
G98173LG	G00623
G98173LG	G12264
G98207CW	G03733
G98223HN	G01642
G98230LX	G08615
G98238ID	G04210
G98246TM	G01615
G98256YA	G10599
G98285FC	G09765
G98292JT	G05026
G98335IX	G01974
G98419BR	G04234
G98460HZ	G09160
G98465JN	G00099
G98511QW	G00323
G98531ST	G02469
G98544DH	G00113
G98559XP	G11135
G98559XP	G12106
G98569UQ	G04536
G98602UY	G00292
G98609WL	G01721
G98614YB	G01627
G98615GD	G04003
G98696TY	G08401
G98699SF	G02259
G98712QJ	G00545
G98726UE	G00078
G98790NR	G05698
G98852IR	G06632
G98855LF	G04739
G98865DJ	G07532
G98869NP	G05298
G98878RR	G12474
G98890AB	G06241
G98894JN	G06357
G98900YM	G04561
G98906LL	G04901
G98916HO	G01369
G98948XS	G08967
G99042JP	G06504
G99053DY	G00097
G99078IR	G02195
G99094YL	G02513
G99108NC	G07112
G99129DM	G07693
G99182WQ	G03963
G99225WD	G09568
G99256VE	G08441
G99263WY	G08191
G99269VI	G02589
G99287LH	G04835
G99306JE	G02990
G99315PE	G00224
G99348KL	G00387
G99403QU	G03728
G99502WP	G03970
G99503MW	G04487
G99507PM	G12317
G99509IG	G05666
G99510WI	G06443
G99524KA	G00121
G99568AR	G02683
G99580PT	G02896
G99603GB	G13056
G99622IJ	G00773
G99629BM	G04625
G99708XO	G00784
G99738HT	G05711
G99753FF	G01291
G99753FF	G11049
G99775NW	G02058
G99796NW	G04030
G99807HK	G08068
G99839YU	G02288
G99858XP	G01862
G99867KU	G05172
G99927HL	G04882
G99935CU	G11964
G99975QE	G04440
G99989TU	G05929
