accession	Hex	HexNAc	Fuc	NeuAc	NeuGc	Xxx	Count
G00017MO	0	2	0	0	0	2	4
G00025AJ	1	0	1	0	0	1	3
G00031MO	1	1	0	0	0	0	2
G00033MO	1	2	0	0	0	0	3
G00034MO	1	2	0	0	0	0	3
G00035MO	0	2	0	0	0	0	2
G00036MO	0	2	0	0	0	0	2
G00037MO	0	3	0	0	0	0	3
G00038MO	0	3	0	0	0	0	3
G00039MO	0	2	0	0	0	0	2
G00040MO	0	2	0	0	0	0	2
G00042MO	0	2	0	0	0	0	2
G00044MO	0	2	0	0	0	0	2
G00047MO	1	1	1	0	0	0	3
G00048MO	1	1	2	0	0	0	4
G00049MO	3	1	0	0	0	0	4
G00050MO	3	1	1	0	0	0	5
G00052MO	1	1	2	0	0	0	4
G00053MO	1	1	1	1	0	0	4
G00054MO	1	1	1	1	0	0	4
G00055MO	1	1	0	0	0	0	2
G00056MO	1	1	0	0	0	0	2
G00057MO	0	2	0	0	0	0	2
G00059MO	3	0	0	0	0	0	3
G00060BT	4	1	0	0	0	0	5
G00061MO	3	1	0	0	0	0	4
G00063MO	1	2	0	2	0	0	5
G00065MO	1	1	0	1	0	0	3
G00066MO	1	1	1	0	0	0	3
G00068MO	1	0	1	0	0	0	2
G00069MO	3	1	0	0	0	0	4
G00070MO	3	1	0	0	0	0	4
G00076PK	2	1	0	0	0	0	3
G00089VH	5	3	0	2	0	0	10
G00112IO	3	4	0	0	0	1	8
G00155YT	6	5	1	1	0	0	13
G00176HZ	3	6	1	0	0	0	10
G00212ZT	7	1	0	0	0	0	8
G00221CZ	6	6	0	0	0	0	12
G00227RN	6	5	1	3	0	0	15
G00272VU	3	3	2	0	0	0	8
G00279YF	3	6	0	0	0	0	9
G00281HB	6	3	0	0	0	0	9
G00287UD	3	4	0	0	0	1	8
G00320ZP	5	4	0	3	0	0	12
G00361YF	3	6	0	0	0	0	9
G00362UY	0	1	1	0	0	0	2
G00370EI	4	1	0	1	0	0	6
G00395TQ	2	2	1	0	0	0	5
G00413UF	6	5	0	2	0	0	13
G00428HK	4	1	2	0	0	1	8
G00430ZK	3	3	1	2	0	0	9
G00432WV	6	5	1	0	0	0	12
G00463XD	3	7	1	0	0	0	11
G00469BS	2	4	1	0	0	0	7
G00470UO	3	7	1	0	0	0	11
G00482HJ	3	0	0	0	0	1	4
G00492CQ	3	3	1	0	0	0	7
G00503EE	5	6	1	0	0	0	12
G00504PZ	4	4	0	0	0	1	9
G00531ZU	5	5	1	1	0	0	12
G00536FZ	5	6	1	0	0	0	12
G00545NQ	5	5	1	0	0	0	11
G00547ZN	1	1	0	0	0	1	3
G00553AN	6	5	1	2	0	0	14
G00582VL	5	3	1	0	0	1	10
G00606LX	7	6	5	0	0	0	18
G00619DD	3	0	0	0	0	0	3
G00633GI	6	4	0	0	0	0	10
G00644ZZ	10	2	0	0	0	0	12
G00646SN	6	4	0	3	0	1	14
G00662IB	6	5	0	3	0	0	14
G00675GF	5	4	3	0	0	0	12
G00688TE	0	0	0	0	0	2	2
G00691NS	8	7	1	0	0	0	16
G00695JO	3	5	1	0	0	0	9
G00705XW	1	0	1	0	0	3	5
G00706AL	6	4	0	3	0	1	14
G00706QN	3	3	2	0	0	0	8
G00711QT	0	0	0	0	0	2	2
G00743WU	3	6	1	1	0	0	11
G00797ZX	8	5	4	0	0	0	17
G00826SV	5	5	1	0	0	0	11
G00830CM	5	5	0	1	0	0	11
G00850LT	4	2	0	0	0	0	6
G00851XQ	5	3	1	0	0	0	9
G00876GU	9	2	0	0	0	0	11
G00883DO	5	4	0	0	0	0	9
G00883ZT	7	2	0	0	0	0	9
G00891GP	2	1	0	1	0	1	5
G00901NZ	2	3	2	0	0	0	7
G00909GK	3	5	0	0	0	0	8
G00910WD	7	5	1	4	0	1	18
G00966RI	6	5	0	0	0	0	11
G00972DY	6	2	0	0	0	0	8
G00978TF	4	3	0	0	0	0	7
G00979XR	4	4	0	0	0	0	8
G00982QD	4	3	0	0	0	0	7
G00986YT	5	4	0	0	0	0	9
G00995HW	7	5	1	0	0	0	13
G00998NI	5	4	1	0	0	0	10
G01001RL	8	8	2	0	0	0	18
G01028CW	6	4	1	0	0	1	12
G01031EZ	5	3	1	1	0	1	11
G01034MJ	5	4	0	3	0	0	12
G01040ZV	1	1	0	1	0	0	3
G01169EW	5	4	1	0	0	0	10
G01187XC	1	1	1	0	0	0	3
G01200BW	9	5	2	0	0	0	16
G01223AA	8	7	1	0	0	0	16
G01260RY	10	2	0	0	0	0	12
G01296LJ	4	2	1	1	0	0	8
G01299ER	3	2	1	0	0	1	7
G01300OI	4	4	1	0	0	0	9
G01310VF	7	6	1	4	0	0	18
G01323LL	5	5	1	0	0	0	11
G01329EH	4	2	2	0	0	0	8
G01342FO	7	6	5	0	0	0	18
G01347XI	2	1	0	0	0	0	3
G01354KL	6	5	1	2	0	0	14
G01361CV	5	4	1	1	0	0	11
G01364ZC	7	0	0	0	0	1	8
G01406RR	6	4	1	1	0	0	12
G01414CL	3	6	1	0	0	0	10
G01450RG	2	2	1	0	0	0	5
G01464ES	6	6	0	0	0	0	12
G01465MJ	6	4	2	1	0	1	14
G01476WA	6	4	1	0	0	0	11
G01489UZ	5	4	2	0	0	0	11
G01521YU	8	7	0	0	0	0	15
G01534TU	1	1	0	0	0	0	2
G01542OM	2	3	2	0	0	0	7
G01543ZX	6	5	1	2	0	0	14
G01595SM	2	2	1	0	0	0	5
G01600VV	3	3	1	0	0	0	7
G01608UX	1	1	1	0	0	1	4
G01613KN	8	7	1	0	0	0	16
G01614ZM	1	1	0	2	0	0	4
G01659NO	3	6	0	0	0	0	9
G01665LU	2	2	0	3	0	1	8
G01669LU	6	5	0	1	0	0	12
G01670UQ	5	4	0	1	0	0	10
G01706RV	1	1	1	0	0	0	3
G01713HS	3	2	0	1	0	0	6
G01714NT	2	1	1	0	0	0	4
G01727PW	6	5	0	2	0	0	13
G01747FB	1	1	2	0	0	1	5
G01748MD	3	2	3	0	0	0	8
G01760ZU	4	2	0	0	0	0	6
G01767JJ	3	1	0	1	0	0	5
G01769FS	4	4	1	2	0	1	12
G01784XC	1	1	1	0	0	1	4
G01789AQ	6	4	1	3	0	1	15
G01820ZB	3	0	2	0	0	0	5
G01823EY	1	1	1	0	0	0	3
G01856RL	5	4	0	0	1	0	10
G01935FK	5	4	1	0	0	0	10
G01999JH	5	3	0	0	0	0	8
G02000AU	3	7	1	0	0	0	11
G02020YO	1	1	1	0	0	1	4
G02021XC	6	1	0	0	0	1	8
G02025MF	7	7	5	0	0	0	19
G02029PW	2	2	1	0	0	1	6
G02086TB	0	0	0	0	0	3	3
G02122FK	8	7	1	0	0	0	16
G02126PG	1	0	0	0	0	3	4
G02146NT	6	4	0	1	0	0	11
G02152MS	6	5	0	2	0	0	13
G02156UW	5	4	1	0	0	0	10
G02174FQ	7	5	1	4	0	1	18
G02182MJ	7	5	0	4	0	0	16
G02193CV	7	6	1	2	0	0	16
G02207TG	6	4	1	3	0	1	15
G02226PP	6	4	1	0	0	1	12
G02251YG	6	5	0	1	0	0	12
G02278OY	4	2	1	1	0	0	8
G02284UY	6	4	0	1	0	0	11
G02297WO	3	2	1	0	0	1	7
G02302MM	7	5	0	4	0	1	17
G02310VX	3	6	1	0	0	0	10
G02311IE	7	6	1	2	0	0	16
G02322JK	7	6	1	0	0	0	14
G02353KU	2	1	1	1	0	1	6
G02379AH	4	3	2	0	0	1	10
G02386TE	1	2	0	0	0	0	3
G02402FF	4	2	0	0	0	0	6
G02410EE	4	3	0	1	0	0	8
G02441OB	5	4	3	0	0	1	13
G02456AL	5	4	1	1	0	0	11
G02470WS	6	5	1	3	0	0	15
G02471GW	5	5	1	0	0	0	11
G02473HY	3	6	2	1	0	0	12
G02483WT	7	6	1	1	0	0	15
G02561FC	4	4	0	0	0	0	8
G02562EQ	2	3	0	2	0	0	7
G02582JY	5	4	0	1	0	0	10
G02594WS	1	2	0	1	0	0	4
G02600QJ	5	3	3	0	0	0	11
G02625SJ	0	1	0	0	0	1	2
G02646YL	5	3	1	1	0	1	11
G02654EL	6	5	1	0	0	0	12
G02657AK	2	1	0	2	0	0	5
G02657BS	0	1	1	0	0	1	3
G02661MY	4	4	1	0	0	0	9
G02679YX	6	5	1	0	0	0	12
G02718AK	5	3	1	2	0	1	12
G02760XH	6	5	0	3	0	0	14
G02763QD	4	2	0	0	0	0	6
G02776UX	5	3	4	0	0	0	12
G02786XX	15	14	6	1	0	0	36
G02799CL	3	3	3	0	0	0	9
G02837JA	5	3	0	2	0	0	10
G02915XR	3	6	1	2	0	0	12
G02934UB	6	5	0	3	0	0	14
G02945KQ	6	3	0	0	0	0	9
G03003KR	1	2	2	0	0	1	6
G03004PD	4	5	0	1	0	0	10
G03016BW	1	2	1	1	0	1	6
G03021WA	3	4	1	0	0	1	9
G03024EJ	3	3	1	0	0	0	7
G03049NB	3	3	0	0	0	1	7
G03067VG	4	2	0	1	0	0	7
G03071KV	1	2	1	0	0	0	4
G03075ZE	6	5	1	2	0	0	14
G03081ER	4	5	1	0	0	0	10
G03106MF	4	2	1	1	0	0	8
G03137RO	5	2	2	0	0	1	10
G03164NE	6	5	1	3	0	0	15
G03165SD	3	8	1	0	0	0	12
G03168RN	1	1	0	2	0	2	6
G03177HU	3	5	0	0	0	0	8
G03195HW	4	4	0	0	0	0	8
G03196WF	5	4	1	2	0	2	14
G03207XQ	8	5	1	0	0	0	14
G03216SJ	5	4	0	0	0	0	9
G03230AX	7	5	0	4	0	1	17
G03247RO	2	2	0	0	0	0	4
G03250GT	4	2	0	0	0	0	6
G03250UN	7	5	1	4	0	1	18
G03260OU	6	5	0	4	0	0	15
G03266UM	2	1	1	2	0	1	7
G03272YQ	5	5	3	0	0	0	13
G03275SD	7	3	0	0	0	0	10
G03277UZ	5	4	0	2	0	0	11
G03277YI	3	1	0	1	0	0	5
G03309JT	2	1	0	1	0	0	4
G03321AC	6	2	0	0	0	0	8
G03345AP	6	4	1	3	0	1	15
G03361KC	3	1	0	0	1	0	5
G03368AU	0	1	1	0	0	1	3
G03385XG	6	5	0	2	0	0	13
G03414KZ	6	5	0	3	0	0	14
G03431NA	9	8	0	0	0	0	17
G03433NI	1	1	0	2	0	0	4
G03445UI	4	5	1	0	0	0	10
G03479ZN	7	6	1	4	0	0	18
G03499BP	2	1	0	0	0	0	3
G03506YN	4	2	0	1	0	0	7
G03509EL	2	1	0	1	0	0	4
G03520RT	1	2	0	0	0	0	3
G03529DJ	6	4	0	3	0	1	14
G03530HJ	4	2	0	1	0	0	7
G03542LT	6	5	0	4	0	0	15
G03542MQ	5	1	0	0	0	0	6
G03546AH	4	2	0	0	0	0	6
G03564IA	4	2	3	0	0	0	9
G03584KV	5	4	1	1	0	0	11
G03591CN	1	2	1	1	0	2	7
G03595ET	5	3	0	0	0	0	8
G03600YM	5	4	0	1	0	0	10
G03603IS	2	2	0	1	0	0	5
G03605AV	7	6	4	1	0	0	18
G03605BS	5	2	1	0	0	1	9
G03652TR	5	2	0	0	0	0	7
G03681UF	4	5	1	1	0	0	11
G03727RK	6	5	0	3	0	0	14
G03740OH	5	4	1	0	0	0	10
G03749EO	5	4	1	0	0	0	10
G03750RD	7	6	0	2	0	0	15
G03756VW	1	1	0	0	0	0	2
G03764XL	4	5	0	1	0	0	10
G03796EF	2	1	2	0	0	1	6
G03802LT	5	4	1	0	0	0	10
G03818JD	4	3	0	0	0	1	8
G03820FM	5	2	0	0	0	0	7
G03834RX	3	4	0	1	0	0	8
G03855TY	7	5	0	0	0	0	12
G03860PZ	4	3	0	0	0	0	7
G03895SR	5	5	1	2	0	1	14
G03921DY	5	6	1	0	0	0	12
G03921YK	2	2	2	1	0	0	7
G03951JJ	6	5	0	1	0	0	12
G03951MJ	2	3	1	0	0	0	6
G03965VN	2	0	0	0	0	1	3
G03984TW	4	5	2	1	0	0	12
G03987JH	4	3	0	1	0	1	9
G04014FP	2	4	3	0	0	0	9
G04018GO	3	0	0	0	0	1	4
G04041QU	7	5	1	2	0	0	15
G04048YA	3	4	0	0	0	0	7
G04077XA	3	4	1	0	0	2	10
G04099VY	3	3	2	0	0	0	8
G04130SK	3	3	1	1	0	0	8
G04139QL	8	7	1	3	1	0	20
G04146DI	6	3	0	1	0	0	10
G04163JP	5	4	1	2	0	1	13
G04216GB	7	2	0	0	0	0	9
G04220HB	7	2	0	0	0	0	9
G04267XF	1	1	0	2	0	0	4
G04273XP	6	5	0	3	0	0	14
G04286YE	5	4	1	2	0	0	12
G04337AE	2	1	0	1	0	1	5
G04368OY	4	2	2	0	0	0	8
G04414GO	7	2	0	0	0	0	9
G04423CA	6	5	1	3	0	0	15
G04445KN	4	3	0	0	0	0	7
G04448SF	5	3	3	0	0	1	12
G04450CG	1	1	0	0	0	2	4
G04462ZS	5	3	1	1	0	0	10
G04472SL	6	3	0	0	0	1	10
G04483SK	5	4	1	0	0	0	10
G04535LS	3	5	1	0	0	0	9
G04552VX	6	4	0	2	0	0	12
G04561MG	5	4	3	0	0	0	12
G04576KS	6	3	0	1	0	0	10
G04610NG	2	0	0	1	0	0	3
G04616ST	1	1	0	0	0	0	2
G04622LK	5	6	0	0	0	0	11
G04624DG	2	1	2	0	0	0	5
G04649ES	2	1	0	0	0	13	16
G04662JQ	7	2	0	0	0	0	9
G04676YO	3	0	0	2	0	1	6
G04678VQ	6	5	0	3	0	0	14
G04681PT	6	1	0	0	0	1	8
G04690JX	1	1	2	0	0	0	4
G04700EY	3	0	0	0	0	2	5
G04744XB	4	3	0	0	0	1	8
G04751OE	0	4	2	0	0	5	11
G04775TV	7	6	2	0	0	0	15
G04783EJ	6	5	1	0	0	3	15
G04791QM	4	4	0	1	0	0	9
G04817LD	5	3	0	1	0	0	9
G04820ZT	4	5	1	0	0	0	10
G04855ZO	6	6	1	0	0	0	13
G04903PZ	6	4	1	3	0	1	15
G04909DG	5	4	0	1	0	0	10
G04930QT	5	3	0	1	0	0	9
G04964UA	4	5	0	1	0	0	10
G04989WY	0	5	1	1	0	6	13
G05096LE	7	5	1	4	0	1	18
G05098FE	6	0	0	3	0	5	14
G05102JZ	4	4	0	0	0	0	8
G05108UT	2	0	0	0	0	2	4
G05128BK	3	4	0	0	0	0	7
G05180BW	0	0	0	0	0	2	2
G05184IQ	1	2	0	0	0	1	4
G05187DJ	1	0	1	0	0	1	3
G05187WH	0	4	0	0	0	5	9
G05188BU	7	6	0	0	0	0	13
G05206VR	2	3	1	0	0	1	7
G05212BT	3	1	0	0	0	0	4
G05229BF	3	5	1	0	0	0	9
G05233KP	6	4	1	0	0	1	12
G05235KE	0	1	0	1	0	1	3
G05260RH	7	4	0	0	0	0	11
G05297EK	3	0	0	0	0	1	4
G05312EE	8	2	0	0	0	0	10
G05319BS	4	0	1	1	0	3	9
G05330ZQ	6	4	0	3	0	0	13
G05344FK	6	4	0	0	0	0	10
G05360PA	6	6	0	2	0	0	14
G05382JE	3	5	1	0	0	0	9
G05384WR	6	3	1	0	0	0	10
G05395FV	6	5	2	3	0	0	16
G05402FG	1	2	1	0	0	1	5
G05421KO	0	4	0	0	0	3	7
G05441GN	0	5	0	4	0	8	17
G05478GN	6	0	0	0	0	5	11
G05550LT	3	5	1	0	0	1	10
G05552HC	5	1	0	0	0	1	7
G05561CF	4	2	2	0	0	0	8
G05561HT	7	5	0	4	0	1	17
G05596LB	3	1	1	0	0	0	5
G05600OX	6	5	0	3	0	0	14
G05724WC	2	4	0	0	0	0	6
G05768VS	0	1	0	0	1	1	3
G05794RZ	6	4	1	1	0	0	12
G05797TN	6	5	1	2	0	0	14
G05811XG	1	1	1	0	0	0	3
G05840XL	4	3	1	0	0	1	9
G05848DX	1	3	2	0	0	0	6
G05850WN	5	5	1	1	0	0	12
G05890XZ	2	2	2	0	0	0	6
G05892GB	7	6	1	0	0	0	14
G05948HK	5	4	1	0	0	0	10
G05950HG	5	4	1	1	0	0	11
G05953WP	6	5	0	1	0	0	12
G05979QC	6	4	0	1	0	0	11
G05979RR	7	4	1	0	0	0	12
G06017WG	6	6	1	3	0	0	16
G06022SA	6	4	0	3	0	1	14
G06036CF	2	3	1	0	0	1	7
G06059DJ	7	5	1	4	0	1	18
G06067KZ	5	4	0	0	0	0	9
G06070KG	3	4	1	0	0	0	8
G06097MI	4	0	0	0	0	1	5
G06131VP	5	6	0	0	0	0	11
G06163IO	2	1	2	0	0	0	5
G06171TU	2	0	1	0	0	2	5
G06191GU	6	5	0	0	1	0	12
G06209KS	4	3	0	1	0	0	8
G06210XB	2	0	1	0	0	0	3
G06215DG	4	6	1	0	0	0	11
G06215XQ	6	5	1	2	0	0	14
G06216JP	5	4	1	1	0	0	11
G06239NA	2	1	0	0	0	0	3
G06250ZP	4	4	2	0	0	0	10
G06290ZS	4	5	0	0	0	0	9
G06301TU	5	3	1	0	0	1	10
G06328AN	5	5	0	0	0	0	10
G06341YK	2	1	1	0	0	1	5
G06371NP	4	2	1	0	0	0	7
G06400QJ	5	3	1	1	0	1	11
G06404ZJ	6	6	1	3	0	0	16
G06437BU	9	6	5	0	0	0	20
G06460LD	3	3	0	0	0	0	6
G06523WI	3	3	1	1	0	0	8
G06534UH	5	4	1	0	0	0	10
G06550JR	4	3	0	0	0	1	8
G06578MY	4	7	1	0	0	0	12
G06580KR	2	1	0	0	0	0	3
G06595MR	1	1	1	0	0	0	3
G06601SQ	4	4	1	1	0	0	10
G06624ZC	1	0	0	0	0	2	3
G06635WE	5	6	1	3	0	0	15
G06637ET	6	4	0	2	0	0	12
G06642AP	7	5	1	0	0	0	13
G06658RN	1	2	1	0	0	0	4
G06673TD	3	4	0	0	0	2	9
G06707ZH	5	4	1	1	0	0	11
G06710OE	2	2	2	0	0	1	7
G06721LM	3	4	0	0	0	0	7
G06730AH	6	5	0	0	0	0	11
G06731AE	5	4	1	1	0	0	11
G06756XE	9	8	0	0	0	0	17
G06772YH	5	5	0	0	0	0	10
G06804FL	6	4	0	0	0	1	11
G06820QR	7	6	0	1	1	0	15
G06830II	5	2	0	0	0	0	7
G06862BZ	2	2	1	0	0	1	6
G06910HM	5	4	1	0	0	0	10
G06920GM	3	3	0	0	0	0	6
G06969ZX	5	5	0	0	0	0	10
G07002SZ	4	3	0	0	0	1	8
G07014AW	7	1	0	0	0	1	9
G07061BV	3	3	0	1	0	0	7
G07061YF	2	4	2	0	0	0	8
G07075ZE	4	2	2	0	0	0	8
G07105MP	8	1	0	0	0	0	9
G07136WT	4	2	1	1	0	0	8
G07141SK	5	3	0	2	0	1	11
G07147QM	5	3	0	0	0	1	9
G07162IJ	6	5	2	1	0	0	14
G07164WO	2	1	2	0	0	1	6
G07169PS	3	3	0	0	0	0	6
G07174PY	1	0	1	0	0	1	3
G07209HW	3	4	0	0	0	0	7
G07228BR	4	6	0	0	0	0	10
G07262RR	4	6	2	0	0	0	12
G07265CE	6	5	1	3	0	0	15
G07292LK	4	9	1	0	0	0	14
G07293JT	1	2	0	2	0	0	5
G07301IS	3	3	1	0	0	0	7
G07328EF	6	5	1	0	0	0	12
G07352BK	8	6	0	0	0	1	15
G07360NF	1	3	0	0	0	0	4
G07368IA	7	5	0	0	0	0	12
G07372WA	3	2	0	1	0	0	6
G07376BS	6	4	0	2	0	1	13
G07380TS	5	5	0	0	0	0	10
G07392QY	5	4	1	1	0	0	11
G07410AW	7	6	1	0	0	0	14
G07429FY	5	4	2	0	0	1	12
G07483YN	3	3	1	0	0	0	7
G07490EK	2	0	0	0	0	0	2
G07493GF	3	6	1	0	0	0	10
G07505DF	7	2	0	0	0	0	9
G07528DS	7	5	5	0	0	1	18
G07532ZA	3	1	0	1	0	0	5
G07568IR	6	5	1	0	0	0	12
G07617FP	5	2	0	0	0	0	7
G07641UW	4	2	1	2	0	0	9
G07666IB	3	6	0	0	0	0	9
G07674LF	3	4	1	0	0	0	8
G07681KR	5	4	3	0	0	1	13
G07682PQ	5	4	3	0	0	0	12
G07689ET	1	1	0	2	0	1	5
G07695ZT	5	4	1	0	0	0	10
G07699XI	6	5	0	0	0	0	11
G07703ST	7	6	1	4	0	0	18
G07783DH	4	4	0	1	0	0	9
G07815PK	7	6	4	0	0	0	17
G07817HH	7	5	4	1	0	1	18
G07819QF	3	0	0	0	0	0	3
G07835SR	3	1	0	1	0	0	5
G07842DQ	7	6	0	4	0	0	17
G07865ET	8	8	2	0	0	0	18
G07947TY	7	6	1	0	0	0	14
G07978HT	4	2	1	0	0	0	7
G07982BU	3	6	1	0	0	0	10
G07982RO	0	2	0	0	0	0	2
G07990UY	5	3	0	1	0	1	10
G07995VK	5	4	0	1	0	0	10
G08005PG	7	5	1	4	0	1	18
G08011QI	4	2	1	0	0	0	7
G08043ID	3	3	2	0	0	0	8
G08046LM	2	1	1	1	0	1	6
G08055MG	2	2	1	0	0	1	6
G08060JF	8	2	0	0	0	0	10
G08066KX	1	0	0	0	0	1	2
G08096ND	3	3	0	0	0	0	6
G08111FJ	6	6	3	0	0	0	15
G08113XU	6	4	1	0	0	0	11
G08126QR	4	4	1	0	0	0	9
G08140FC	2	1	0	1	0	1	5
G08161JQ	4	5	1	0	0	0	10
G08185DV	4	4	1	0	0	1	10
G08191RW	5	5	1	2	0	0	13
G08242BT	6	4	2	0	0	0	12
G08244KE	3	2	0	1	0	1	7
G08244YE	4	3	1	0	0	1	9
G08304AG	5	2	0	0	0	0	7
G08340FW	3	3	1	0	0	1	8
G08348BC	6	1	0	0	0	0	7
G08358DN	3	3	0	0	0	0	6
G08364MT	6	4	0	3	0	1	14
G08371CD	0	1	0	1	0	0	2
G08373SM	6	4	0	3	0	0	13
G08378WD	7	6	1	1	0	0	15
G08418PB	4	6	0	0	0	0	10
G08429SS	3	3	0	0	0	0	6
G08450OR	7	6	1	0	0	0	14
G08456TO	3	4	1	0	0	0	8
G08463CD	2	3	2	0	0	0	7
G08465VN	1	0	0	3	0	1	5
G08474XG	5	3	1	0	0	1	10
G08492JZ	3	9	1	0	0	0	13
G08493GY	8	7	0	0	0	0	15
G08520NM	5	3	0	0	0	0	8
G08561XZ	6	4	1	3	0	1	15
G08569VN	2	2	0	2	0	1	7
G08570LJ	8	5	1	1	0	0	15
G08577PR	5	5	1	0	0	0	11
G08577ZR	4	5	1	0	0	0	10
G08629YK	7	5	1	1	0	0	14
G08646IB	5	4	1	1	0	0	11
G08646YJ	5	4	0	1	0	0	10
G08675PK	7	6	1	0	0	0	14
G08679LR	8	5	0	0	0	0	13
G08712ES	4	5	2	0	0	0	11
G08731KN	10	1	0	0	0	0	11
G08776GA	3	3	2	1	0	0	9
G08820NR	3	6	1	0	0	0	10
G08835TC	4	2	0	1	0	0	7
G08866CW	15	14	5	2	0	0	36
G08896RO	7	7	5	0	0	0	19
G08961VV	0	1	1	1	0	1	4
G09020HN	7	6	0	4	0	0	17
G09115OQ	7	6	0	4	0	0	17
G09118YK	5	6	1	2	0	1	15
G09125WG	4	6	2	0	0	0	12
G09126MW	1	0	0	0	0	1	2
G09130LO	4	6	0	0	0	0	10
G09150LP	5	6	1	0	0	0	12
G09173AD	7	6	0	2	0	0	15
G09222UH	6	4	0	3	0	0	13
G09255AF	4	6	2	0	0	0	12
G09260EL	7	6	1	4	0	0	18
G09276TA	6	5	0	1	0	0	12
G09319JK	3	4	0	0	0	0	7
G09322OS	6	5	0	1	0	0	12
G09349XQ	7	6	0	4	0	0	17
G09362PR	3	2	0	0	0	1	6
G09362VG	5	4	0	4	0	0	13
G09376MR	1	1	0	1	0	0	3
G09393NL	7	6	2	0	0	0	15
G09416DG	6	2	0	0	0	0	8
G09420NN	6	4	0	0	0	0	10
G09425PN	5	3	2	1	0	1	12
G09430FY	2	1	0	1	0	0	4
G09441IP	0	1	0	0	1	1	3
G09446VC	3	6	1	0	0	0	10
G09452ED	3	3	0	0	0	1	7
G09482NW	3	6	0	0	0	0	9
G09513RD	3	9	0	0	0	0	12
G09533NV	4	2	1	1	0	0	8
G09546QO	1	0	0	0	0	0	1
G09552LA	3	1	2	0	0	0	6
G09568JT	7	6	0	0	0	0	13
G09576QH	10	9	1	0	0	0	20
G09578TK	5	6	1	0	0	0	12
G09605DV	3	6	1	0	0	0	10
G09639SZ	9	2	0	0	0	0	11
G09650BK	5	5	1	0	0	0	11
G09666WO	3	6	1	0	0	0	10
G09670SR	3	7	0	0	0	0	10
G09675DY	5	3	0	2	0	1	11
G09676KV	3	1	1	0	0	0	5
G09682KX	2	2	0	2	0	1	7
G09687RJ	0	0	0	0	0	2	2
G09724ZC	4	2	0	0	0	0	6
G09727XA	5	5	1	0	0	0	11
G09730EH	6	5	1	0	0	0	12
G09826WW	3	6	1	1	0	0	11
G09839ES	4	3	1	1	0	0	9
G09857WN	7	6	1	4	0	0	18
G09859LE	1	0	0	3	0	1	5
G09902CG	8	7	1	0	0	0	16
G09909FT	7	5	1	4	0	1	18
G09921WG	5	4	1	0	0	0	10
G09947VE	5	3	1	2	0	1	12
G10080RX	5	3	2	0	0	1	11
G10106TL	4	3	0	0	0	0	7
G10108GZ	7	6	1	4	0	0	18
G10110YZ	0	1	0	0	0	1	2
G10112QT	3	2	0	1	0	0	6
G10122RQ	7	2	0	0	0	0	9
G10137XF	3	1	1	0	0	0	5
G10169QE	5	3	0	1	0	0	9
G10179FS	5	3	0	0	0	1	9
G10182XZ	4	3	0	0	0	0	7
G10189EJ	7	6	1	4	0	0	18
G10203DW	1	1	0	1	0	0	3
G10209QU	4	3	1	0	0	0	8
G10212DI	2	1	0	0	0	0	3
G10219AA	3	5	0	0	0	0	8
G10225UW	1	1	0	1	0	0	3
G10228AY	7	6	1	1	0	0	15
G10228OD	6	5	1	2	0	0	14
G10236SD	6	4	1	3	0	1	15
G10255XW	4	3	0	1	0	1	9
G10258MC	4	5	0	2	0	0	11
G10270EI	4	4	0	0	0	1	9
G10292TC	7	6	1	1	0	0	15
G10295MW	5	4	0	0	0	0	9
G10300DY	5	3	1	1	0	0	10
G10333YJ	2	1	2	0	0	0	5
G10377CG	4	2	1	1	0	0	8
G10417XF	6	5	1	3	0	0	15
G10425SO	3	3	2	0	0	0	8
G10448ZR	4	2	0	0	0	1	7
G10461TS	4	2	0	1	0	0	7
G10470SE	7	6	1	3	0	0	17
G10483PN	5	5	1	1	0	0	12
G10487BH	1	1	2	0	0	2	6
G10503MP	4	2	0	0	0	1	7
G10529ZR	5	4	2	0	0	0	11
G10540LB	5	4	0	3	0	0	12
G10573FI	2	3	0	0	0	1	6
G10581YA	2	2	1	0	0	0	5
G10601XM	8	2	0	0	0	0	10
G10602EW	3	3	1	0	0	0	7
G10604KJ	2	2	1	0	0	0	5
G10608NX	2	2	2	0	0	0	6
G10609HO	6	2	0	0	0	0	8
G10614XK	6	4	0	3	0	1	14
G10627KR	5	4	2	0	0	0	11
G10664FL	4	4	1	1	0	0	10
G10666VQ	7	4	0	0	0	0	11
G10689ZT	4	2	0	1	0	0	7
G10691MJ	5	5	1	0	0	0	11
G10694XU	6	4	1	0	0	1	12
G10706KM	2	1	0	0	0	0	3
G10712FZ	3	1	0	1	1	0	6
G10713RP	1	0	0	0	0	1	2
G10725II	6	5	1	1	0	0	13
G10733HY	5	5	1	1	0	0	12
G10741VJ	5	4	1	0	1	0	11
G10756ZZ	3	2	0	0	0	0	5
G10770RR	6	5	1	3	0	0	15
G10805TH	3	3	0	0	0	1	7
G10816YX	1	2	0	0	0	1	4
G10818SM	4	1	1	0	0	0	6
G10831FE	2	0	0	2	0	2	6
G10835DD	6	7	1	4	0	0	18
G10844WB	6	4	0	0	0	0	10
G10845BX	7	6	0	4	0	0	17
G10859BP	5	3	3	0	0	1	12
G10881VB	4	3	0	0	0	0	7
G10898KH	4	5	2	0	0	0	11
G10925II	2	3	0	2	0	1	8
G10944ZI	7	6	1	0	0	0	14
G10964LR	3	2	0	0	0	0	5
G10973QG	5	3	2	0	0	0	10
G10993EM	1	2	1	0	0	1	5
G10995NB	5	4	1	0	0	0	10
G11010AN	7	5	0	0	0	0	12
G11024UW	6	4	3	1	0	1	15
G11034PZ	6	5	0	1	0	0	12
G11041DA	5	4	1	1	0	0	11
G11052OE	5	2	0	0	0	0	7
G11176QN	5	2	0	0	0	0	7
G11189WY	8	2	0	0	0	0	10
G11213NA	4	5	1	0	0	0	10
G11254FL	4	4	0	0	0	0	8
G11256DQ	5	4	3	0	0	1	13
G11260XI	4	2	0	0	0	0	6
G11263YZ	1	0	0	0	1	1	3
G11276SJ	2	2	0	0	0	1	5
G11278YL	4	5	1	0	0	0	10
G11326RB	3	2	1	1	0	0	7
G11346ER	7	5	1	4	0	1	18
G11350UX	7	6	0	4	0	0	17
G11356UZ	3	1	0	1	1	0	6
G11386DK	0	0	1	0	0	1	2
G11392CL	5	4	1	0	0	0	10
G11450BY	5	3	1	0	0	1	10
G11450PA	7	6	0	1	0	0	14
G11457RF	2	2	0	1	0	0	5
G11460AB	3	2	2	0	0	0	7
G11479AN	6	5	0	3	0	0	14
G11482NO	1	2	0	2	0	0	5
G11509RN	6	4	1	0	1	0	12
G11535IB	4	5	0	0	0	0	9
G11571JL	6	4	1	0	0	0	11
G11635LG	7	6	0	0	0	0	13
G11637WL	6	3	1	0	0	0	10
G11655BA	2	2	2	1	0	0	7
G11658OG	0	1	0	0	0	1	2
G11671GQ	4	5	1	1	0	2	13
G11679NT	4	3	1	0	0	0	8
G11696PX	6	5	3	1	0	0	15
G11700UP	7	6	1	0	0	0	14
G11721NX	7	5	0	0	0	1	13
G11745XZ	5	4	1	2	0	0	12
G11756ZM	5	1	0	0	0	1	7
G11800WA	6	5	0	1	0	0	12
G11819NV	2	2	0	1	0	0	5
G11829TU	3	4	0	0	0	0	7
G11837XH	5	2	0	0	0	0	7
G11865ZE	4	3	1	0	0	0	8
G11876US	2	1	1	0	0	0	4
G11885NX	10	2	0	0	0	0	12
G11929SN	8	5	1	0	0	0	14
G11948QD	5	5	1	1	0	0	12
G11960UF	3	6	0	0	0	0	9
G11970DE	5	6	0	0	0	0	11
G11994QC	3	3	1	0	0	0	7
G12020PN	2	2	0	0	0	1	5
G12033AP	2	2	0	1	0	0	5
G12061IK	3	7	1	0	0	0	11
G12067FX	0	0	0	0	0	2	2
G12086GM	4	4	0	0	0	0	8
G12111NA	4	3	3	1	0	1	12
G12150CK	3	5	0	0	0	0	8
G12185WN	1	0	0	0	0	3	4
G12222NC	4	5	0	1	0	2	12
G12230UX	3	1	1	0	0	1	6
G12252PH	7	6	1	2	0	0	16
G12259JN	7	5	0	1	0	0	13
G12266SO	4	6	0	0	0	0	10
G12279LC	3	2	0	2	0	0	7
G12340JM	0	1	0	0	0	2	3
G12352RJ	6	5	1	3	0	0	15
G12360RT	6	5	0	3	0	0	14
G12378KS	6	2	0	0	0	0	8
G12396GB	2	2	1	0	0	0	5
G12398HZ	4	3	1	0	0	0	8
G12400OQ	2	2	1	0	0	0	5
G12436UO	8	7	1	0	0	0	16
G12438DW	8	7	0	1	0	0	16
G12438YM	6	2	0	0	0	0	8
G12460DL	4	1	0	0	0	0	5
G12524BD	3	6	2	0	0	0	11
G12526AB	3	3	2	0	0	0	8
G12593TX	3	3	1	0	0	0	7
G12604EW	5	5	1	0	0	0	11
G12631FF	7	5	0	4	0	1	17
G12643ES	6	6	1	0	0	0	13
G12655NI	6	5	0	0	0	0	11
G12679LF	7	5	1	0	0	0	13
G12699VT	6	4	1	0	0	0	11
G12704ID	5	5	1	0	0	0	11
G12708JQ	5	4	1	1	0	0	11
G12715AH	4	3	0	1	0	0	8
G12715RL	8	6	0	0	0	1	15
G12746TT	8	7	1	0	0	0	16
G12757LB	6	5	0	2	0	0	13
G12761QA	3	3	0	0	0	0	6
G12802HY	5	2	0	0	0	0	7
G12848QL	3	4	0	0	0	1	8
G12861CT	4	2	0	0	0	1	7
G12878NK	3	7	0	0	0	0	10
G12881NF	8	7	0	2	0	0	17
G12899EM	1	2	1	0	0	0	4
G12932IO	5	4	0	2	0	0	11
G12940VF	3	4	1	0	0	2	10
G12977AR	10	2	0	0	0	0	12
G12980HQ	3	2	1	0	0	0	6
G13003UU	1	1	0	0	0	0	2
G13049QY	6	2	0	0	0	0	8
G13068CJ	11	2	0	0	0	0	13
G13074BX	4	3	1	0	0	0	8
G13089IH	4	4	0	0	0	0	8
G13131FE	2	0	0	0	0	0	2
G13151XE	5	4	0	0	0	0	9
G13168IS	2	1	2	0	0	1	6
G13168NE	3	3	0	0	0	0	6
G13177TU	2	1	0	1	0	0	4
G13181ZZ	3	2	1	0	0	1	7
G13210XL	7	6	1	4	0	0	18
G13257IK	5	4	0	1	0	0	10
G13258AZ	2	1	0	1	0	1	5
G13267ZY	4	5	0	1	0	0	10
G13269QI	3	4	0	0	0	0	7
G13270NH	3	3	1	0	0	0	7
G13282WA	8	7	1	3	0	0	19
G13290KJ	4	4	0	1	0	0	9
G13291XJ	6	5	0	3	0	0	14
G13294EW	4	2	1	0	0	0	7
G13335AQ	11	2	0	0	0	0	13
G13374TU	2	1	1	0	0	0	4
G13441KG	6	5	2	0	0	0	13
G13495RN	6	5	1	3	0	0	15
G13515ZY	3	8	1	0	0	0	12
G13537KO	6	5	1	0	0	0	12
G13583BZ	5	5	1	0	0	0	11
G13585JF	6	5	1	3	0	0	15
G13585VS	4	2	1	2	0	0	9
G13592VY	5	3	0	0	0	0	8
G13602QE	5	3	0	1	0	1	10
G13610SN	3	3	0	0	0	0	6
G13614FV	5	2	0	0	0	0	7
G13636IT	3	1	1	0	0	0	5
G13646GG	6	6	2	0	0	0	14
G13657KC	7	6	1	0	0	0	14
G13659RH	6	5	1	3	0	0	15
G13661YX	6	5	0	2	0	0	13
G13672YG	5	5	2	0	0	0	12
G13688QP	7	5	4	1	0	1	18
G13698FQ	4	2	0	0	0	1	7
G13720TX	8	7	0	0	0	0	15
G13757MF	5	3	2	1	0	1	12
G13773HT	3	3	0	0	0	0	6
G13836YR	3	8	0	0	0	0	11
G13849JB	5	5	0	1	0	0	11
G13849YJ	4	3	1	0	0	0	8
G13869TL	7	1	0	0	0	1	9
G13894RO	3	2	4	0	0	1	10
G13902SG	1	0	0	0	0	1	2
G13909GK	7	5	1	0	0	1	14
G13947MP	2	1	0	0	0	1	4
G13974DV	5	1	0	0	0	1	7
G13976WV	6	5	1	0	0	1	13
G13991MC	6	5	2	1	0	0	14
G14015IL	8	7	1	0	0	0	16
G14020CV	7	4	0	0	0	0	11
G14023WK	0	1	0	0	0	1	2
G14027YB	5	3	0	1	0	1	10
G14037WI	6	5	0	3	0	0	14
G14043TF	1	2	0	0	0	1	4
G14047PA	5	4	0	2	0	0	11
G14077SN	7	6	2	0	0	0	15
G14114NU	7	5	0	2	0	0	14
G14127XU	5	5	1	2	0	0	13
G14138XB	2	2	0	0	0	2	6
G14176QY	4	4	1	1	0	1	11
G14190WK	3	3	1	0	0	0	7
G14191ZT	1	1	0	0	0	1	3
G14201CU	6	6	1	0	0	0	13
G14244NF	7	6	1	1	0	0	15
G14252XR	3	2	2	0	0	0	7
G14307KB	3	2	1	0	0	1	7
G14311HQ	5	4	1	0	0	0	10
G14326YE	2	1	1	1	0	1	6
G14343MU	5	4	0	0	0	2	11
G14346JI	4	4	3	1	0	0	12
G14354BD	5	3	2	0	0	1	11
G14356TR	6	4	0	1	0	1	12
G14358WN	3	3	1	0	0	1	8
G14371GV	2	0	0	0	0	2	4
G14373ZY	6	4	3	1	0	1	15
G14374XC	10	2	0	0	0	0	12
G14389GM	7	6	1	3	0	0	17
G14393TF	7	6	0	4	0	0	17
G14428PM	6	5	0	3	0	0	14
G14431ZQ	9	8	1	4	0	0	22
G14438ZT	6	5	0	3	0	0	14
G14469GR	1	1	0	0	0	1	3
G14510SZ	3	5	1	0	0	0	9
G14520ZO	11	6	1	0	0	0	18
G14543IY	3	1	0	0	0	0	4
G14567YG	2	0	1	1	0	2	6
G14576KZ	3	3	1	0	0	0	7
G14629VW	2	1	1	0	0	1	5
G14634AH	7	5	0	0	0	0	12
G14645TH	1	2	0	0	0	1	4
G14675SI	7	4	1	0	0	1	13
G14676JD	2	1	0	0	0	1	4
G14696LD	6	3	0	1	0	0	10
G14727CI	8	5	1	1	0	0	15
G14757SY	4	2	0	1	0	0	7
G14781HP	1	1	1	1	0	2	6
G14782PJ	7	6	0	2	0	0	15
G14809NR	3	4	1	0	0	0	8
G14815WH	2	2	1	0	0	1	6
G14840SZ	6	5	0	0	0	0	11
G14843XQ	4	5	0	0	0	0	9
G14854WL	5	5	0	2	0	0	12
G14876IZ	3	1	1	0	1	0	6
G14882EB	7	6	1	0	0	0	14
G14885WQ	5	3	2	0	0	0	10
G14899VS	5	4	1	2	0	0	12
G14942ZU	4	5	1	2	0	0	12
G14950CY	8	7	0	0	0	0	15
G14969WO	6	0	0	0	0	0	6
G14974EY	7	3	0	0	0	0	10
G14978ZY	2	2	3	0	0	1	8
G14996IQ	4	3	0	1	0	0	8
G14998UC	5	5	0	2	0	0	12
G15001YX	7	2	1	0	0	0	10
G15006PM	7	5	1	4	0	1	18
G15023FV	3	3	0	0	0	0	6
G15059WI	7	3	2	0	0	0	12
G15112UU	6	5	1	3	0	0	15
G15144TI	0	1	0	0	0	1	2
G15149UW	4	3	0	1	0	0	8
G15198VK	5	4	2	0	0	0	11
G15216UP	7	6	5	0	0	0	18
G15249CA	2	2	2	1	0	0	7
G15280CB	5	1	0	0	0	1	7
G15301IS	3	2	0	0	0	0	5
G15317IZ	7	1	0	0	0	1	9
G15323YQ	7	6	1	4	0	0	18
G15349PM	3	2	3	0	0	1	9
G15351FP	2	2	3	0	0	0	7
G15355KC	6	5	1	3	0	0	15
G15355XO	5	4	1	0	0	0	10
G15365AE	6	5	1	1	0	0	13
G15365ZM	2	2	2	0	0	0	6
G15402YD	6	3	1	0	0	0	10
G15407YE	1	2	0	0	0	0	3
G15409BP	1	3	0	0	0	1	5
G15410OI	6	6	0	0	0	0	12
G15448UB	4	2	0	1	0	0	7
G15518HO	4	1	0	0	0	0	5
G15522RV	8	7	2	0	0	0	17
G15527QL	9	8	1	0	0	0	18
G15541SE	2	0	0	0	0	0	2
G15571KX	6	6	1	2	0	0	15
G15577KP	2	3	0	1	0	1	7
G15619OA	0	0	0	0	0	2	2
G15631YF	7	6	0	4	0	0	17
G15638PX	6	2	0	0	0	0	8
G15648GT	2	2	0	2	0	1	7
G15667CY	1	0	0	0	0	5	6
G15696PP	6	4	0	2	0	1	13
G15730FJ	6	5	1	2	0	0	14
G15751RX	3	3	1	0	0	1	8
G15777ZX	5	4	1	0	0	0	10
G15791TK	5	4	2	0	0	0	11
G15807NZ	0	1	0	1	0	0	2
G15826FL	8	6	0	0	0	1	15
G15828HX	3	5	1	0	0	0	9
G15828WB	7	6	2	0	0	0	15
G15859AU	5	6	1	3	0	0	15
G15893YJ	6	5	0	2	0	0	13
G15948XY	2	0	0	0	0	1	3
G15956KF	6	2	0	0	0	0	8
G15972DM	7	6	1	0	0	0	14
G15987FM	5	6	1	0	0	0	12
G15998WM	7	6	0	4	0	0	17
G16026TZ	5	3	0	1	0	0	9
G16063EF	4	2	1	1	0	0	8
G16119YF	3	2	1	0	0	0	6
G16122GW	5	3	1	0	0	1	10
G16144PA	2	2	0	1	0	0	5
G16150CJ	6	5	1	2	0	0	14
G16155TD	6	5	0	2	0	0	13
G16175MV	10	2	0	0	0	0	12
G16204NU	7	6	1	4	0	0	18
G16258KS	1	1	1	1	0	0	4
G16265MV	4	5	1	1	0	0	11
G16269RR	4	2	1	2	0	0	9
G16274HY	4	1	1	0	0	0	6
G16276IK	4	2	1	0	0	1	8
G16290UY	4	3	0	2	0	0	9
G16293AI	6	5	0	0	0	1	12
G16325IK	7	6	0	0	0	0	13
G16344ZG	4	4	1	1	0	1	11
G16348RE	2	0	2	0	0	2	6
G16370GQ	1	2	0	2	0	0	5
G16397GM	5	5	1	2	0	0	13
G16403CC	8	7	1	3	0	0	19
G16403CM	3	2	0	0	0	0	5
G16404NW	3	2	0	0	0	0	5
G16404YH	5	2	0	0	0	0	7
G16437LH	5	4	0	2	0	0	11
G16441MS	5	4	4	0	0	0	13
G16456ZV	2	3	0	3	0	0	8
G16464LC	5	4	1	1	0	0	11
G16481GK	9	8	1	0	0	0	18
G16503YF	3	3	0	0	0	0	6
G16520OZ	6	3	0	0	0	1	10
G16523AO	3	6	0	0	0	0	9
G16529MG	6	5	1	2	0	0	14
G16534FS	5	2	0	2	0	1	10
G16536EO	4	4	2	0	0	0	10
G16546ZZ	5	6	2	0	0	0	13
G16590BZ	2	3	2	0	0	0	7
G16600BL	7	6	4	1	0	0	18
G16612QG	1	1	0	0	0	0	2
G16614GV	6	3	1	0	0	0	10
G16633VX	6	5	1	3	0	0	15
G16717IV	3	4	0	0	0	1	8
G16733YD	3	7	0	0	0	0	10
G16743OM	7	7	1	4	0	0	19
G16758MX	6	5	0	1	0	0	12
G16759KR	4	4	0	1	0	0	9
G16768LX	5	3	1	0	0	1	10
G16774YZ	7	6	1	4	0	0	18
G16778ZK	7	7	1	2	0	0	17
G16782SL	7	5	0	4	0	1	17
G16808DC	5	4	1	1	0	0	11
G16809IL	4	4	1	0	0	0	9
G16828VN	6	3	0	0	0	0	9
G16873YG	8	7	1	2	0	0	18
G16879YK	9	2	0	0	0	0	11
G16961BB	6	5	1	0	0	0	12
G16967GJ	6	6	1	0	0	0	13
G16970LX	1	1	0	2	0	1	5
G16984QJ	3	2	0	0	0	1	6
G16986CA	6	4	0	3	0	1	14
G17029BL	7	5	1	4	0	1	18
G17029IU	4	5	0	0	0	0	9
G17034UD	0	1	1	1	0	2	5
G17039ZC	1	1	0	1	0	2	5
G17041CW	4	2	0	1	0	0	7
G17075EV	2	2	0	0	0	0	4
G17077YF	2	4	0	1	0	0	7
G17100OM	4	1	0	1	0	0	6
G17105UZ	9	7	0	0	0	0	16
G17108EX	1	2	1	0	0	0	4
G17120XF	5	4	0	0	0	1	10
G17153CQ	6	5	0	0	2	0	13
G17155VX	7	6	1	2	0	0	16
G17157SF	6	4	0	0	0	0	10
G17164DX	6	5	0	1	0	0	12
G17168RO	6	5	0	3	0	0	14
G17172ZR	4	6	0	2	0	0	12
G17207FU	8	7	0	0	0	0	15
G17207YJ	3	3	1	0	0	0	7
G17228YV	6	4	1	3	0	1	15
G17251XF	1	3	0	2	0	0	6
G17264LS	6	4	0	0	0	0	10
G17297XR	7	5	4	0	0	1	17
G17300DB	2	3	1	0	0	0	6
G17307XM	5	5	1	0	0	0	11
G17317UL	10	9	1	0	0	0	20
G17326TY	2	2	0	2	0	0	6
G17331IX	3	2	0	1	0	1	7
G17336FF	4	3	0	0	0	0	7
G17344FG	4	2	1	0	0	2	9
G17348SA	6	5	1	3	0	0	15
G17389EH	7	4	1	3	0	0	15
G17409FQ	4	5	1	2	0	0	12
G17441MI	6	5	0	3	0	0	14
G17443MW	0	0	0	0	0	2	2
G17458AD	6	5	1	3	0	0	15
G17460MY	4	1	0	0	0	0	5
G17465GV	3	3	1	1	0	0	8
G17473NR	5	5	1	2	0	0	13
G17540HT	4	4	1	1	0	1	11
G17540MV	6	4	1	0	0	1	12
G17547KJ	10	2	0	0	0	0	12
G17557TG	5	3	1	1	0	0	10
G17568ZS	5	4	1	1	0	2	13
G17595XL	9	2	0	0	0	0	11
G17597KD	6	4	0	3	0	1	14
G17601US	2	2	2	0	0	0	6
G17639DA	9	2	0	0	0	0	11
G17644VM	6	6	1	3	0	0	16
G17652NI	7	5	5	0	0	1	18
G17689DH	5	4	1	2	0	0	12
G17689EW	2	2	1	0	0	0	5
G17698NO	3	3	1	0	0	0	7
G17758YV	3	3	1	1	0	0	8
G17792PO	1	2	0	0	0	0	3
G17800QD	4	2	1	0	0	1	8
G17807LO	6	6	0	0	0	0	12
G17820VB	5	5	0	0	0	0	10
G17849ZC	5	3	0	1	0	1	10
G17857ZF	6	5	0	3	0	0	14
G17875TE	3	3	0	0	0	0	6
G17964DY	6	7	1	4	0	0	18
G17964XN	4	5	1	2	0	0	12
G17968CJ	5	8	1	0	0	0	14
G17977UE	4	3	2	0	0	0	9
G17988XO	11	2	0	0	0	0	13
G17996ZO	3	6	3	0	0	0	12
G18011IN	7	4	1	0	0	0	12
G18013WR	7	6	1	3	0	0	17
G18026EK	5	6	1	0	0	0	12
G18074MS	5	5	1	0	0	0	11
G18082CO	5	4	1	0	0	1	11
G18132YR	2	1	0	0	0	1	4
G18160VJ	4	3	1	0	0	0	8
G18165XJ	5	4	0	0	0	0	9
G18188WJ	6	5	0	3	0	0	14
G18197AJ	6	5	2	1	0	0	14
G18201QM	1	1	1	1	0	1	5
G18211PK	6	6	0	1	0	0	13
G18219CJ	5	4	2	0	0	0	11
G18223CA	6	5	1	3	0	0	15
G18252JT	5	3	1	0	0	0	9
G18286BM	6	4	2	0	0	1	13
G18331QM	8	0	0	0	0	1	9
G18340ZI	6	4	2	0	0	0	12
G18410AS	5	2	1	0	0	0	8
G18410UY	4	3	1	1	0	0	9
G18463FK	3	4	0	0	0	0	7
G18464VS	0	1	0	0	0	1	2
G18506AD	5	2	0	0	0	1	8
G18510JA	1	1	0	0	0	1	3
G18510WC	5	4	3	0	0	0	12
G18546YL	9	1	0	0	0	0	10
G18548RP	10	2	0	0	0	0	12
G18559VR	4	3	0	0	0	1	8
G18564GN	1	1	0	0	0	1	3
G18584GW	6	5	1	3	0	0	15
G18588JO	4	4	1	1	0	1	11
G18612LP	4	2	1	0	0	0	7
G18625KA	3	1	0	4	0	0	8
G18638YB	1	2	1	0	0	0	4
G18643KO	3	1	0	0	0	1	5
G18653BM	2	1	2	1	0	1	7
G18687CN	3	3	1	0	0	1	8
G18707MU	1	1	1	1	0	1	5
G18724OW	6	5	1	2	0	0	14
G18731YM	6	4	0	1	0	1	12
G18740DM	1	0	1	0	0	1	3
G18768EK	6	5	0	0	0	0	11
G18814OJ	3	3	1	0	0	1	8
G18814PP	8	7	1	0	0	0	16
G18833GC	0	1	0	0	0	1	2
G18859UG	6	5	1	0	0	0	12
G18869TR	5	5	0	0	0	0	10
G18877VR	4	6	1	0	0	0	11
G18878GS	1	1	1	0	0	1	4
G18878GY	2	3	1	0	0	1	7
G18892PE	0	3	0	0	0	0	3
G18901ZN	2	2	3	0	0	0	7
G18905AN	7	6	1	1	0	0	15
G18913QB	7	6	0	4	0	0	17
G18923CQ	1	0	0	0	0	1	2
G18924BG	2	1	2	0	0	1	6
G18938DW	7	6	0	0	0	0	13
G18950NM	2	3	2	0	0	1	8
G18960KY	3	6	2	0	0	0	11
G18980FQ	3	3	0	0	0	0	6
G18993ZZ	4	2	1	1	0	0	8
G19017MP	3	1	0	1	0	0	5
G19019TY	3	8	0	0	0	0	11
G19022QG	3	2	0	0	0	0	5
G19053XS	6	5	1	1	0	0	13
G19075LN	3	5	0	0	0	1	9
G19083SI	3	2	0	0	0	1	6
G19099PA	4	6	1	1	0	0	12
G19104OH	6	5	0	3	0	0	14
G19106CR	3	3	0	0	0	1	7
G19127AY	2	2	2	1	0	0	7
G19152KQ	3	1	1	1	0	0	6
G19158MO	4	2	0	0	0	0	6
G19179MO	3	2	2	0	0	0	7
G19212IL	2	2	0	2	0	1	7
G19238ZQ	3	3	2	0	0	0	8
G19242QH	6	3	0	1	0	0	10
G19281RB	7	6	1	0	0	0	14
G19287UY	5	4	3	0	0	0	12
G19294RF	7	5	1	4	0	1	18
G19310VN	4	6	0	0	0	0	10
G19336PT	5	2	1	0	0	0	8
G19339UM	6	4	0	3	0	0	13
G19370RO	4	6	0	0	0	0	10
G19429IT	6	5	0	2	0	0	13
G19430NR	6	5	0	1	0	0	12
G19432GA	3	3	0	0	0	0	6
G19444JC	6	5	1	3	0	0	15
G19447ZX	4	4	1	1	0	0	10
G19469VZ	6	6	1	3	0	1	17
G19483RZ	4	5	1	0	0	0	10
G19490AF	3	1	1	0	0	0	5
G19520XO	9	4	1	0	0	0	14
G19532EC	4	4	1	0	0	0	9
G19537TS	6	5	0	3	0	0	14
G19541IU	8	7	1	4	0	0	20
G19555CW	4	3	2	1	0	1	11
G19572NG	6	5	1	0	0	0	12
G19577LJ	0	0	0	0	0	1	1
G19594VJ	6	5	0	0	0	0	11
G19607EP	7	6	0	4	0	0	17
G19615BB	6	4	3	0	0	0	13
G19619KS	2	2	2	1	0	0	7
G19626TP	6	5	2	0	0	0	13
G19636RY	7	6	2	4	0	0	19
G19675BE	6	6	2	0	0	0	14
G19677EK	3	2	1	0	0	1	7
G19687OL	9	8	0	0	0	0	17
G19710JA	4	3	2	0	0	1	10
G19726AG	6	5	1	1	0	0	13
G19747OA	6	2	0	0	0	0	8
G19763QB	10	1	0	0	0	1	12
G19790PJ	6	3	0	0	0	0	9
G19813SH	1	1	1	1	0	0	4
G19822MG	2	0	0	1	0	2	5
G19826RH	7	2	0	0	0	0	9
G19829VK	2	2	1	0	0	0	5
G19863KG	6	4	1	0	0	1	12
G19886LH	4	2	0	0	0	0	6
G19889ZI	3	2	1	0	0	1	7
G19894RH	3	5	0	0	0	1	9
G19906BM	5	4	1	1	0	1	12
G19934BY	6	4	3	1	0	1	15
G19943KG	3	3	0	0	0	1	7
G19949UL	6	1	0	0	0	1	8
G19958IL	10	2	0	0	0	0	12
G19977LA	0	2	0	0	0	1	3
G20009FG	6	4	1	1	0	0	12
G20030CU	3	6	0	0	0	0	9
G20034RK	7	2	0	0	0	0	9
G20044TD	1	0	0	0	0	1	2
G20064NM	4	2	1	0	0	0	7
G20079RG	4	5	1	0	0	0	10
G20096RP	5	5	1	1	0	0	12
G20140JS	4	2	0	1	0	1	8
G20170YB	4	7	1	0	0	0	12
G20172ET	6	4	0	3	0	1	14
G20173ZW	5	4	0	0	0	0	9
G20174ZL	6	2	0	0	0	0	8
G20176SH	4	2	1	2	0	0	9
G20180GO	5	3	3	0	0	0	11
G20210OT	2	0	1	1	0	2	6
G20212GT	8	2	0	0	0	0	10
G20265RJ	8	4	2	0	0	0	14
G20284VH	5	4	2	1	0	0	12
G20352YV	6	5	1	3	0	0	15
G20358OC	7	5	1	1	0	0	14
G20366LO	5	3	0	2	0	0	10
G20372QO	2	3	2	0	0	0	7
G20453WS	2	2	0	1	0	1	6
G20544CY	8	7	0	0	0	0	15
G20578GS	5	4	2	0	0	0	11
G20624LQ	3	2	0	0	0	0	5
G20636FS	7	6	0	4	0	0	17
G20662UG	7	6	0	4	0	0	17
G20692QU	8	5	1	0	0	0	14
G20751GZ	3	4	1	0	0	0	8
G20758LC	9	8	1	3	0	0	21
G20767LB	5	5	3	0	0	0	13
G20779SK	4	4	0	0	0	0	8
G20815TK	6	5	0	0	0	0	11
G20877ZV	7	6	1	4	0	0	18
G20894MY	5	4	0	0	0	0	9
G20926BB	6	5	0	2	0	0	13
G20953SW	6	4	1	3	0	1	15
G20956ZK	3	4	1	0	0	0	8
G20965WY	5	3	0	0	0	1	9
G20966IA	5	4	0	2	0	0	11
G20983SP	7	7	1	4	0	0	19
G20993TP	2	2	1	1	0	0	6
G20996LA	1	2	0	0	0	0	3
G21001NA	6	2	0	0	0	0	8
G21005TQ	4	3	0	1	0	0	8
G21010YO	7	6	0	1	0	0	14
G21050RT	9	6	5	0	0	0	20
G21067JW	3	1	1	0	0	0	5
G21109OS	6	3	1	1	0	0	11
G21218WO	4	5	1	0	0	0	10
G21219OJ	6	5	1	3	0	0	15
G21246OH	4	6	1	0	0	0	11
G21251LN	3	4	0	0	0	1	8
G21290RB	0	2	1	0	0	0	3
G21293AK	4	2	0	1	0	0	7
G21311PN	4	4	0	0	0	0	8
G21311YA	5	4	1	1	1	0	12
G21312EA	1	1	0	0	0	1	3
G21319HP	7	6	1	1	0	0	15
G21326MT	3	3	1	0	0	0	7
G21327TO	5	5	1	1	0	0	12
G21342EB	3	2	1	0	0	1	7
G21359NQ	4	5	2	0	0	0	11
G21380FF	5	5	2	0	0	0	12
G21412CQ	1	3	0	0	0	0	4
G21415RL	4	5	1	2	0	0	12
G21420QH	7	6	1	3	1	0	18
G21421NG	7	4	1	0	0	1	13
G21438WG	1	2	0	0	0	0	3
G21454AE	6	5	1	2	0	0	14
G21459ST	6	5	1	3	0	0	15
G21470TX	6	4	1	3	0	1	15
G21498SM	8	7	1	0	0	0	16
G21507RO	1	1	0	1	0	0	3
G21513QX	5	4	1	2	0	0	12
G21518JT	3	1	0	2	0	0	6
G21521KS	2	1	0	1	0	0	4
G21541CK	4	2	0	0	0	1	7
G21573GX	3	1	1	1	0	1	7
G21592GP	0	1	0	0	0	1	2
G21627CA	3	6	1	1	0	0	11
G21647CX	1	0	0	0	0	1	2
G21667GZ	6	4	1	1	0	1	13
G21672MV	4	4	3	0	0	0	11
G21729HC	5	6	1	0	0	0	12
G21756MV	6	5	1	3	0	0	15
G21767ND	6	6	3	0	0	0	15
G21856LC	3	1	0	0	0	0	4
G21905ZO	3	3	1	0	0	0	7
G21916IS	4	3	2	0	0	0	9
G21927IY	4	5	1	2	0	0	12
G21939WK	2	0	1	1	0	2	6
G21969UD	7	5	1	0	0	0	13
G21986MJ	6	5	1	1	0	0	13
G21998NE	2	3	0	0	0	1	6
G22012EW	1	2	1	0	0	0	4
G22019SD	1	1	0	0	0	0	2
G22031JX	1	2	1	0	0	0	4
G22043HZ	6	6	2	0	0	0	14
G22048BB	4	4	1	0	0	0	9
G22067PR	6	4	3	1	0	0	14
G22079SE	7	6	0	0	2	0	15
G22083UZ	8	7	1	0	0	0	16
G22098NU	4	5	2	0	0	0	11
G22117HL	5	4	3	0	0	0	12
G22117NA	5	4	0	0	0	0	9
G22122FL	10	2	0	0	0	0	12
G22137KZ	7	5	1	4	0	1	18
G22137OG	5	6	1	0	0	0	12
G22176ZE	6	0	0	0	0	0	6
G22188XM	7	5	1	4	0	1	18
G22208HN	6	5	1	2	0	0	14
G22214RN	3	2	2	0	0	0	7
G22233KL	1	0	0	0	0	2	3
G22237ZE	7	6	0	4	0	0	17
G22246QW	3	9	1	0	0	0	13
G22251DB	3	0	2	0	0	0	5
G22311MI	6	4	0	3	0	0	13
G22327VZ	2	3	1	0	0	0	6
G22385OT	2	2	1	1	0	1	7
G22387ST	3	2	0	0	0	1	6
G22418PV	2	2	1	1	0	0	6
G22427ZK	6	5	1	2	0	0	14
G22437MC	5	5	1	0	0	0	11
G22458MN	5	4	1	0	0	1	11
G22478ZB	4	2	3	0	0	0	9
G22493AJ	4	4	2	0	0	0	10
G22498IQ	3	2	1	0	0	1	7
G22511QL	5	5	1	0	0	0	11
G22546XD	4	4	2	0	0	0	10
G22550VJ	4	4	1	0	1	0	10
G22558JP	6	6	3	0	0	0	15
G22573IV	5	3	0	0	0	0	8
G22573RC	2	2	0	0	0	0	4
G22587DK	4	4	1	0	0	0	9
G22629JM	3	5	1	2	0	1	12
G22665UT	3	2	1	0	0	1	7
G22674CI	5	4	1	1	0	0	11
G22686TA	6	4	0	3	0	1	14
G22689CV	4	1	2	0	0	0	7
G22728HO	7	6	0	2	0	0	15
G22732RT	5	3	3	1	0	0	12
G22732WO	6	5	0	4	0	0	15
G22754FQ	5	3	1	2	0	1	12
G22768VO	3	2	0	0	0	0	5
G22782LH	3	3	1	0	0	0	7
G22784CD	4	2	2	1	0	0	9
G22787WJ	1	3	1	0	0	0	5
G22836DF	5	4	1	2	0	0	12
G22856AB	3	2	0	0	0	0	5
G22859OA	5	5	1	0	0	0	11
G22865RK	5	6	1	0	0	0	12
G22880KN	5	3	3	0	0	0	11
G22898AD	3	2	0	0	0	0	5
G22898PA	5	4	3	0	0	0	12
G22927MQ	5	6	1	3	0	0	15
G22946YB	6	3	1	1	0	0	11
G22949KX	7	6	0	4	0	0	17
G22976NF	2	0	0	0	0	2	4
G22979QH	6	5	1	0	0	0	12
G23000DQ	2	1	0	0	0	0	3
G23024PQ	5	5	0	1	0	0	11
G23041XK	2	1	0	0	0	0	3
G23043XI	0	0	0	0	0	2	2
G23083MS	6	4	0	2	0	0	12
G23094JF	1	1	0	1	0	0	3
G23126IF	2	0	0	0	0	4	6
G23166NU	9	8	0	0	0	0	17
G23211TW	1	0	0	0	0	1	2
G23211XT	4	2	0	0	0	0	6
G23212AS	4	3	0	2	0	0	9
G23214KL	1	0	1	0	0	1	3
G23232XI	8	0	0	0	0	1	9
G23295TF	4	4	1	1	0	0	10
G23296IL	6	5	0	3	0	0	14
G23342BO	10	2	0	0	0	0	12
G23345GE	5	5	1	2	0	1	14
G23347CS	3	1	0	2	0	0	6
G23365SP	4	2	3	0	0	0	9
G23416CI	4	5	1	1	0	0	11
G23416VJ	3	8	0	0	0	0	11
G23425OX	1	1	0	0	0	2	4
G23437PF	6	5	0	1	0	0	12
G23463KX	4	4	3	1	0	0	12
G23484GM	6	7	1	0	0	0	14
G23511JD	5	5	0	2	0	0	12
G23546LY	6	5	1	0	0	0	12
G23577TY	11	11	0	1	0	0	23
G23593WY	3	3	1	0	0	0	7
G23598DU	5	4	1	1	1	0	12
G23616ZX	6	5	0	3	0	0	14
G23626NI	3	6	2	0	0	0	11
G23647WB	3	2	1	0	0	2	8
G23651JJ	3	1	0	1	0	0	5
G23654OQ	1	2	0	2	0	0	5
G23667EF	8	5	1	1	0	0	15
G23667XV	6	4	0	0	0	1	11
G23681NU	5	5	1	0	0	0	11
G23681XP	3	1	0	1	0	0	5
G23695IQ	6	5	2	3	0	0	16
G23695JT	4	1	0	0	0	0	5
G23707SD	2	1	0	0	0	0	3
G23718VU	9	8	1	4	0	0	22
G23722TU	6	5	1	3	0	0	15
G23726CO	5	4	1	3	0	0	13
G23770JR	5	4	1	0	0	0	10
G23778GQ	1	1	0	1	0	1	4
G23782KP	6	5	0	3	0	0	14
G23795SX	3	4	1	0	0	1	9
G23799GS	5	2	0	0	0	0	7
G23805AC	7	2	0	0	0	0	9
G23817OE	5	4	0	0	0	0	9
G23824XF	4	2	0	0	0	0	6
G23893ZL	4	3	3	0	0	1	11
G23897ET	6	3	1	0	0	0	10
G23934WD	6	3	0	0	0	1	10
G23935WM	1	0	1	0	0	1	3
G23938MO	4	2	1	0	0	0	7
G23980PE	4	5	0	0	0	0	9
G24005JZ	5	4	1	2	0	0	12
G24030QV	1	2	0	0	0	2	5
G24034CH	3	1	0	0	1	0	5
G24065XI	4	3	0	2	0	0	9
G24095BS	5	4	3	0	0	0	12
G24111IY	5	3	0	2	0	0	10
G24125FE	7	6	2	4	0	0	19
G24131KD	6	6	0	2	0	0	14
G24132CP	6	5	3	0	0	0	14
G24151NT	2	1	2	1	0	1	7
G24155DW	9	9	1	0	0	0	19
G24203XI	6	5	0	1	0	0	12
G24229GD	5	4	0	0	3	0	12
G24267OV	3	1	2	0	0	0	6
G24274LP	0	2	0	0	0	3	5
G24283IO	2	2	0	2	0	1	7
G24284HU	5	4	1	1	1	0	12
G24327OK	6	5	0	0	0	0	11
G24329OK	5	4	1	0	0	0	10
G24336IA	6	5	0	3	0	0	14
G24346JZ	5	4	3	0	0	0	12
G24352FX	5	3	1	0	0	0	9
G24355OK	7	5	2	0	0	1	15
G24364HL	4	6	1	0	0	0	11
G24366XJ	4	6	1	0	0	0	11
G24393WU	3	2	0	0	0	0	5
G24413UY	4	4	0	1	0	1	10
G24420RT	4	4	0	0	0	0	8
G24432YB	2	0	0	0	0	0	2
G24436CD	1	0	0	0	0	5	6
G24440EI	5	3	0	1	0	0	9
G24465EF	5	3	1	1	0	1	11
G24498DI	7	6	1	4	0	0	18
G24499XE	3	1	0	0	0	0	4
G24501HF	7	6	0	1	0	0	14
G24529NQ	1	1	0	1	0	0	3
G24539CG	1	1	0	1	0	0	3
G24552KE	6	5	0	2	0	0	13
G24563OC	2	1	2	0	0	0	5
G24585JV	4	4	0	1	0	0	9
G24599MW	5	2	0	0	0	0	7
G24604HV	6	5	0	0	0	0	11
G24620AI	10	2	0	0	0	0	12
G24654CT	4	2	0	1	0	0	7
G24668UI	4	3	2	0	0	0	9
G24693UW	1	0	0	0	0	2	3
G24705DL	6	5	0	2	0	0	13
G24721WU	0	3	0	0	0	3	6
G24748QU	6	5	0	0	0	0	11
G24766QM	6	5	0	1	0	0	12
G24769QK	10	2	0	0	0	0	12
G24791UN	8	2	0	0	0	0	10
G24797UH	5	2	0	0	0	0	7
G24798BT	1	2	0	1	0	2	6
G24811FP	4	4	1	0	1	0	10
G24812WY	4	4	1	1	0	1	11
G24833OQ	4	4	1	1	0	0	10
G24841EW	3	3	0	0	0	0	6
G24870CO	3	8	1	0	0	0	12
G24875YE	6	7	1	4	0	0	18
G24949QT	3	2	0	0	0	0	5
G24954RW	3	4	1	0	0	2	10
G24987DS	4	4	0	0	0	0	8
G24994OK	4	3	1	0	0	0	8
G24995OS	6	4	0	0	0	0	10
G25067TK	5	4	0	2	0	0	11
G25097RR	6	5	4	0	0	0	15
G25127VR	0	2	0	2	0	0	4
G25132GJ	6	4	1	0	0	1	12
G25140TA	5	5	0	1	0	0	11
G25142VB	2	1	0	0	0	0	3
G25146DY	4	4	2	1	0	0	11
G25155KV	9	7	0	0	0	0	16
G25162JS	4	2	0	0	0	1	7
G25178FO	4	2	2	0	0	1	9
G25180HQ	5	6	2	2	0	0	15
G25224QY	6	4	1	3	0	1	15
G25268QT	2	1	0	0	0	1	4
G25302QS	5	3	1	1	0	0	10
G25326BM	5	4	0	0	0	0	9
G25328BM	7	6	1	0	0	0	14
G25350TT	4	7	1	0	0	0	12
G25361DH	3	1	2	0	0	0	6
G25381UC	4	4	0	0	0	0	8
G25386IJ	6	2	0	0	0	0	8
G25392ZR	10	9	1	4	0	0	24
G25407RZ	5	4	2	0	0	0	11
G25421NH	1	3	0	0	0	0	4
G25423CA	4	4	1	1	0	1	11
G25429RR	3	5	0	0	0	0	8
G25432QA	3	4	0	0	0	0	7
G25457IZ	5	3	1	0	0	1	10
G25460BQ	6	5	1	2	0	0	14
G25471TG	7	6	0	4	0	0	17
G25492QI	2	0	2	0	0	0	4
G25495RY	4	4	2	0	0	0	10
G25505UF	6	5	0	3	0	0	14
G25520XG	5	5	1	0	0	0	11
G25554YF	5	4	2	0	0	0	11
G25576NO	5	3	2	0	0	0	10
G25577BM	9	1	0	0	0	0	10
G25632TA	5	4	1	2	0	0	12
G25640AW	6	5	1	0	0	0	12
G25703UN	5	4	2	0	0	0	11
G25710JB	6	2	0	0	0	0	8
G25731WL	7	6	0	4	0	0	17
G25733QB	6	6	0	0	0	0	12
G25757VW	7	1	0	0	0	1	9
G25799AL	4	2	0	0	0	0	6
G25835MT	4	5	0	1	0	0	10
G25835YC	2	3	0	2	0	0	7
G25837HW	5	4	1	1	0	0	11
G25869EQ	1	1	0	0	0	1	3
G25886YT	5	4	0	2	0	0	11
G25890BU	7	7	5	0	0	0	19
G25891YZ	0	0	0	0	0	2	2
G25894QG	3	1	0	0	0	0	4
G25902AL	6	5	1	3	0	0	15
G25937FN	2	2	1	0	0	0	5
G25939RB	6	5	0	2	0	0	13
G25953KD	2	4	0	0	0	1	7
G26014MK	5	6	1	2	0	0	14
G26018HD	5	6	1	0	0	0	12
G26030JN	5	6	1	0	0	0	12
G26034OB	7	5	1	2	0	0	15
G26036PN	5	3	0	1	0	0	9
G26039ES	1	0	0	0	0	1	2
G26099QK	7	0	0	0	0	1	8
G26099QT	1	3	0	1	0	0	5
G26121MN	3	2	0	0	0	1	6
G26123AX	3	1	1	0	0	0	5
G26144DH	6	5	1	0	0	0	12
G26145IL	5	5	1	0	0	0	11
G26148PQ	4	2	1	0	0	0	7
G26150FI	4	6	1	0	0	0	11
G26164VG	5	4	0	1	0	0	10
G26179TW	5	4	1	1	0	0	11
G26182BM	3	4	1	0	0	0	8
G26203DP	3	1	0	5	0	0	9
G26206DX	5	4	1	1	1	0	12
G26215AL	4	6	1	0	0	0	11
G26216ZN	6	1	0	0	0	0	7
G26237YH	4	2	1	0	0	0	7
G26242QL	5	3	0	0	0	0	8
G26264SQ	5	4	1	2	0	0	12
G26267FS	7	6	1	0	0	0	14
G26295XE	3	2	1	0	0	1	7
G26326KX	1	1	0	2	0	0	4
G26335RK	8	2	0	0	0	0	10
G26371XR	4	6	2	0	0	0	12
G26394UA	6	4	2	0	0	0	12
G26450SH	1	2	0	0	0	1	4
G26473LY	3	2	2	0	0	0	7
G26495GJ	5	4	0	1	0	0	10
G26527XD	2	2	2	0	0	1	7
G26537DD	6	4	0	3	0	1	14
G26551VB	2	2	1	0	0	0	5
G26570RB	1	0	0	0	0	3	4
G26600MH	6	3	0	1	0	0	10
G26653MA	4	4	0	0	0	0	8
G26664GH	3	4	0	0	0	0	7
G26703BH	7	6	2	0	0	0	15
G26709HU	6	4	0	0	0	0	10
G26713RV	7	5	4	1	0	1	18
G26730QM	8	7	0	0	0	0	15
G26827ST	3	3	3	0	0	0	9
G26877ST	5	4	0	2	0	0	11
G26881SV	5	8	0	0	0	0	13
G26896YH	6	6	2	0	0	0	14
G26897XI	5	5	1	0	0	0	11
G26915TH	2	0	0	0	0	4	6
G26918JY	5	4	1	1	0	0	11
G26935KA	5	6	1	2	0	2	16
G26939ZY	4	4	0	0	0	0	8
G26949IX	6	4	1	0	0	0	11
G26985TZ	6	2	0	0	0	0	8
G27025MB	0	1	0	0	0	0	1
G27040MJ	5	5	2	0	0	0	12
G27048LG	4	5	0	0	0	0	9
G27063GJ	0	0	0	0	0	2	2
G27071PO	2	1	1	1	0	1	6
G27102CT	7	6	1	0	0	0	14
G27106AM	4	1	0	0	0	0	5
G27112FS	6	4	1	0	0	0	11
G27119UQ	7	6	0	2	0	0	15
G27123OG	3	3	0	0	0	1	7
G27139SJ	1	2	1	0	0	0	4
G27148YF	5	3	1	1	0	1	11
G27149SR	6	4	1	3	0	1	15
G27165KO	4	3	0	1	0	0	8
G27170NH	4	3	0	1	0	1	9
G27179AJ	2	0	0	0	0	4	6
G27188NC	3	3	2	0	0	0	8
G27243GN	2	0	0	1	1	0	4
G27243WR	2	2	0	0	0	0	4
G27273FD	7	6	0	4	0	0	17
G27310MQ	10	2	0	0	0	0	12
G27314YB	3	2	1	0	0	1	7
G27316ME	6	5	3	0	0	0	14
G27338ID	1	0	0	0	0	1	2
G27384IP	3	0	0	1	0	3	7
G27385LP	6	4	2	1	0	1	14
G27389SR	4	2	1	0	0	0	7
G27431EQ	2	2	0	0	0	1	5
G27478HS	5	3	0	0	0	0	8
G27488AQ	11	2	0	0	0	0	13
G27516AE	6	5	1	1	0	0	13
G27561QX	5	4	1	0	0	0	10
G27571QK	6	4	1	1	0	0	12
G27587OB	6	5	4	0	0	0	15
G27603XJ	1	1	0	2	0	0	4
G27609YZ	1	1	1	0	0	1	4
G27626TX	2	3	0	0	0	2	7
G27669RW	3	7	1	0	0	0	11
G27692UI	3	4	1	0	0	0	8
G27720WY	6	1	0	0	0	0	7
G27744SG	7	5	0	0	0	0	12
G27763WY	2	1	0	1	0	0	4
G27775IZ	0	0	0	0	0	5	5
G27809HS	4	2	0	1	0	0	7
G27839GC	0	0	0	0	0	2	2
G27844UM	8	7	1	4	0	0	20
G27874QL	5	4	0	0	0	0	9
G27888XB	1	2	0	1	0	1	5
G27889FI	2	2	0	1	0	1	6
G27919IH	4	4	1	0	0	0	9
G27929ZE	7	2	0	0	0	0	9
G27933RJ	8	2	0	0	0	0	10
G27946NT	5	4	0	0	0	0	9
G27983PC	4	4	1	1	0	1	11
G27993JQ	4	3	0	0	0	0	7
G27995KI	4	2	0	0	0	1	7
G28003YJ	7	6	1	1	0	0	15
G28023AU	3	2	1	0	0	1	7
G28086YG	3	2	1	0	0	1	7
G28128KH	7	4	1	0	0	0	12
G28146GV	3	2	2	0	0	0	7
G28156XV	5	4	1	2	0	0	12
G28218GE	5	4	1	3	0	0	13
G28274SP	6	4	0	2	0	1	13
G28298VW	6	7	0	0	0	0	13
G28326EU	1	2	2	0	0	1	6
G28327SH	7	5	1	0	0	1	14
G28330DZ	6	5	0	3	0	0	14
G28347RJ	5	4	0	0	0	0	9
G28362DW	5	4	1	1	0	0	11
G28378XH	4	3	2	0	0	1	10
G28387ZC	7	2	0	0	0	0	9
G28436VD	6	5	2	0	0	0	13
G28449NP	6	7	1	0	0	0	14
G28459KM	6	5	0	3	0	0	14
G28477UY	4	2	2	0	0	0	8
G28536BG	5	5	1	2	0	0	13
G28550OD	4	3	2	0	0	0	9
G28562FF	7	5	1	4	0	1	18
G28566CQ	5	3	0	2	0	0	10
G28654UV	3	3	2	0	0	0	8
G28659UB	6	6	0	0	0	0	12
G28663KH	4	3	0	0	0	0	7
G28665FP	3	3	2	0	0	0	8
G28678TH	6	5	1	0	0	0	12
G28685AE	4	2	0	0	0	0	6
G28707FT	7	3	1	3	0	1	15
G28720MP	3	5	0	0	0	0	8
G28868PL	1	0	0	0	0	2	3
G28882QV	4	5	1	1	0	0	11
G28896CL	5	4	3	0	0	0	12
G28948UC	6	5	1	0	0	0	12
G28960YA	0	2	0	1	0	0	3
G28962GO	5	4	1	0	2	0	12
G28987BJ	2	3	1	0	0	0	6
G29011JC	3	5	0	0	0	0	8
G29014XV	2	2	1	1	0	0	6
G29024OJ	4	4	1	0	0	0	9
G29042WW	9	0	0	0	0	1	10
G29056SI	10	2	0	0	0	0	12
G29078QN	5	4	0	0	0	0	9
G29081NM	6	4	1	3	0	1	15
G29109PM	6	5	0	0	0	0	11
G29130SY	5	4	0	3	0	0	12
G29138OW	6	1	0	0	0	0	7
G29147GG	4	5	0	0	0	0	9
G29159YJ	3	1	1	0	0	0	5
G29228MX	5	5	1	0	0	0	11
G29248WR	5	4	0	0	2	0	11
G29271US	5	3	0	0	0	0	8
G29326OK	1	1	0	4	0	0	6
G29339IQ	2	1	1	1	0	0	5
G29348FH	2	2	1	0	0	1	6
G29377XJ	3	8	1	0	0	0	12
G29386CS	0	0	0	1	0	2	3
G29434RB	3	6	0	0	0	0	9
G29445ZK	7	6	0	0	0	0	13
G29449JO	7	5	1	0	0	0	13
G29461HI	5	4	1	0	1	0	11
G29489PN	2	2	0	1	0	0	5
G29519AS	6	4	0	1	0	1	12
G29535RH	5	4	1	1	0	0	11
G29539MT	6	6	1	2	0	0	15
G29574TI	5	8	0	0	0	0	13
G29616NS	3	2	1	0	0	0	6
G29617QF	6	2	0	0	0	0	8
G29622NE	4	3	2	1	0	1	11
G29633ZY	6	5	0	1	0	0	12
G29675VZ	0	1	0	0	0	1	2
G29676WX	3	4	1	0	0	2	10
G29681BP	1	3	0	0	0	0	4
G29695SR	6	5	2	0	0	0	13
G29721UX	7	7	3	0	0	0	17
G29725MK	2	2	1	1	0	0	6
G29729DB	2	2	0	0	0	1	5
G29764SO	6	5	0	3	0	0	14
G29783JJ	7	6	0	1	0	0	14
G29797YX	6	5	1	0	0	0	12
G29799SM	3	3	1	0	0	1	8
G29803MG	9	1	0	0	0	1	11
G29832VY	2	1	1	0	0	1	5
G29849JL	2	3	0	1	0	0	6
G29849KU	6	4	0	3	0	1	14
G29850BY	11	6	1	0	0	0	18
G29857PJ	6	5	1	3	0	0	15
G29857RC	6	5	0	0	0	0	11
G29870RM	4	4	0	1	0	1	10
G29884LW	5	5	1	1	0	0	12
G29895JE	4	5	1	1	0	0	11
G29905OR	3	3	0	0	0	0	6
G29965VW	4	3	0	0	0	0	7
G29972ZX	4	5	0	0	0	0	9
G29997FV	2	0	1	0	0	0	3
G30031SW	4	6	1	0	0	0	11
G30035MO	5	3	0	2	0	1	11
G30048DT	5	4	1	2	0	0	12
G30056KC	1	1	1	0	0	0	3
G30060ZO	8	7	2	0	0	0	17
G30062BR	7	6	1	4	0	0	18
G30070XN	3	1	1	0	0	1	6
G30084YQ	6	4	0	1	0	1	12
G30109UP	4	3	1	1	0	0	9
G30110UW	1	1	0	2	0	0	4
G30115SP	5	5	1	0	0	0	11
G30131YB	3	3	0	0	0	0	6
G30159WR	3	5	1	0	0	0	9
G30207PZ	1	0	0	1	0	0	2
G30241UB	2	2	1	0	0	1	6
G30255XL	1	3	2	0	0	0	6
G30284BK	4	4	0	1	0	0	9
G30291YK	4	3	0	2	0	0	9
G30295SC	3	2	0	1	0	0	6
G30302VM	5	4	1	0	1	0	11
G30304DE	3	3	2	0	0	0	8
G30309QX	4	5	1	0	0	0	10
G30314VR	6	2	0	0	0	0	8
G30335ZU	3	2	1	0	0	1	7
G30347FC	6	1	0	0	0	1	8
G30372WK	3	6	2	0	0	0	11
G30391YC	2	1	2	0	0	1	6
G30395OK	4	3	0	0	0	1	8
G30416OM	3	3	1	0	0	1	8
G30447NS	6	6	1	3	0	0	16
G30460NZ	5	4	1	1	0	0	11
G30463NC	0	4	0	0	0	0	4
G30483FB	7	5	1	0	0	0	13
G30519DD	1	0	0	0	0	3	4
G30524AR	2	3	0	0	0	2	7
G30529FG	6	5	0	0	0	0	11
G30542PN	3	6	2	1	0	0	12
G30562SO	4	4	0	0	0	0	8
G30580XW	3	2	2	1	0	0	8
G30590EC	2	1	0	1	0	1	5
G30614QN	3	3	1	1	0	0	8
G30617IL	7	6	1	0	0	0	14
G30618VC	5	4	1	2	0	0	12
G30633FJ	3	4	0	0	0	0	7
G30648VY	4	2	1	0	0	0	7
G30651IU	6	5	2	0	0	0	13
G30663CZ	4	2	0	0	0	0	6
G30673AC	4	3	0	0	0	0	7
G30739AG	2	2	0	0	0	2	6
G30743FK	5	4	0	0	0	1	10
G30770II	1	0	0	0	0	1	2
G30797DS	5	4	1	1	0	0	11
G30838QM	6	5	0	1	0	0	12
G30853JB	4	4	2	0	0	1	11
G30857WQ	4	7	1	0	0	0	12
G30871VQ	2	3	0	0	0	0	5
G30901GC	5	4	0	0	0	0	9
G30915AU	3	4	0	0	0	0	7
G30917DM	5	3	1	0	0	1	10
G30939HN	4	5	2	1	0	0	12
G30966TU	2	1	1	0	0	1	5
G30996QM	6	1	0	0	0	1	8
G30998FW	1	0	2	0	0	1	4
G31019WF	6	4	1	1	0	0	12
G31021LA	6	5	0	1	0	0	12
G31032XG	7	6	1	4	0	0	18
G31037WG	7	6	1	4	0	0	18
G31040SL	7	7	5	0	0	0	19
G31118FR	5	4	1	0	0	0	10
G31119YY	2	2	0	1	0	0	5
G31135WM	2	0	0	0	0	1	3
G31153XO	7	6	0	2	0	0	15
G31156QG	7	5	0	4	0	1	17
G31175IC	3	3	0	0	0	0	6
G31186LT	4	9	0	0	0	0	13
G31196DF	5	3	1	0	0	1	10
G31219GT	6	5	1	2	0	0	14
G31249PS	0	1	1	0	0	1	3
G31254TP	6	5	1	3	0	0	15
G31265VL	2	1	0	0	0	0	3
G31326QB	2	2	0	0	0	0	4
G31341PC	6	5	1	2	0	0	14
G31372JR	5	5	0	2	0	0	12
G31380TD	8	7	1	3	1	0	20
G31385PY	2	1	1	1	0	0	5
G31411GR	10	2	0	0	0	0	12
G31416KB	3	3	2	0	0	0	8
G31421EZ	6	4	1	0	0	1	12
G31423NL	3	2	0	0	0	1	6
G31429YW	8	2	0	0	0	0	10
G31438WA	5	4	0	2	0	0	11
G31515BE	4	7	0	0	0	0	11
G31516NT	5	3	0	2	0	0	10
G31531YC	4	2	2	0	0	1	9
G31532GK	5	7	1	2	0	1	16
G31540AF	7	6	1	3	0	0	17
G31540HC	4	4	2	1	0	0	11
G31559RO	7	6	1	3	0	0	17
G31587OK	6	5	1	0	0	0	12
G31598CF	5	3	0	1	0	0	9
G31601FB	1	1	0	0	0	1	3
G31604HF	3	4	1	0	0	0	8
G31606TH	7	6	1	4	0	0	18
G31616YD	3	2	1	0	0	0	6
G31618AH	4	5	1	0	0	0	10
G31627MW	8	7	1	0	0	0	16
G31662BR	6	5	1	2	0	0	14
G31668AP	5	3	0	2	0	1	11
G31679YU	6	5	0	0	0	1	12
G31692TJ	5	3	0	1	0	1	10
G31713XX	3	1	0	0	2	0	6
G31716EV	2	0	1	1	0	2	6
G31720WP	6	5	1	3	0	0	15
G31726HT	5	3	2	0	0	0	10
G31729QS	5	6	3	0	0	1	15
G31734OS	2	1	1	0	0	0	4
G31760OO	4	2	2	0	0	0	8
G31822CM	8	7	0	0	0	0	15
G31865AG	4	3	0	1	0	0	8
G31894KJ	6	4	1	1	0	0	12
G31943KG	3	4	1	0	0	1	9
G31991IV	8	7	1	0	0	0	16
G31993QW	6	3	1	0	0	0	10
G32065BG	6	5	0	1	0	0	12
G32079YD	6	4	0	3	0	1	14
G32081WS	2	1	1	1	0	0	5
G32082KI	3	4	0	0	0	0	7
G32094CS	5	3	0	2	0	0	10
G32112SX	2	0	1	0	0	1	4
G32149KV	8	2	0	0	0	0	10
G32152BH	1	2	1	0	0	0	4
G32156ZV	4	2	1	0	0	0	7
G32179HL	6	5	1	3	0	0	15
G32201IL	4	6	0	0	0	0	10
G32211XJ	7	6	0	2	0	0	15
G32216IU	3	2	0	1	0	1	7
G32227EH	1	0	1	0	0	1	3
G32237WQ	7	5	0	0	0	0	12
G32241HI	4	5	0	0	0	0	9
G32246SI	6	5	1	1	0	0	13
G32252UW	3	2	0	0	0	0	5
G32254QI	4	1	0	1	0	0	6
G32263XB	3	2	0	0	0	0	5
G32283ZK	3	5	1	0	0	0	9
G32305RZ	4	5	1	0	0	0	10
G32327EF	2	2	1	0	0	1	6
G32358YV	7	5	4	0	0	1	17
G32364DF	6	5	0	3	0	0	14
G32371XG	5	4	1	0	0	1	11
G32377GZ	7	5	0	4	0	1	17
G32386AG	6	5	3	0	0	1	15
G32430MQ	0	0	0	0	0	1	1
G32437SG	3	1	0	0	0	1	5
G32447FC	8	2	0	0	0	0	10
G32460TA	3	3	1	0	0	0	7
G32483HZ	7	6	1	4	0	0	18
G32484KU	4	2	0	0	0	0	6
G32510IZ	6	5	1	2	0	0	14
G32522KP	6	4	2	0	0	1	13
G32556JI	2	2	1	1	0	1	7
G32586BA	2	1	0	0	0	3	6
G32588AA	1	3	1	0	0	0	5
G32592IB	7	5	1	2	0	0	15
G32611KT	3	5	0	0	0	0	8
G32659RY	4	4	1	1	0	1	11
G32671AN	6	5	4	0	0	0	15
G32685NO	6	4	2	0	0	0	12
G32744YO	6	2	0	0	0	0	8
G32746QI	7	6	1	0	0	0	14
G32758HZ	5	3	1	2	0	1	12
G32761XQ	7	5	1	4	0	1	18
G32779JS	6	2	0	0	0	0	8
G32781YS	0	0	0	0	0	5	5
G32801HX	4	1	2	0	0	0	7
G32816HT	5	5	2	0	0	0	12
G32854GF	6	5	1	1	0	0	13
G32915BP	4	3	1	0	0	1	9
G32944VN	3	5	1	0	0	1	10
G32967PZ	3	1	2	0	0	0	6
G32968SR	1	1	0	0	0	1	3
G32974DS	7	6	1	3	0	0	17
G33019PZ	7	6	1	4	0	0	18
G33052SB	7	5	0	0	0	1	13
G33070IY	5	4	1	0	0	0	10
G33099BU	0	0	0	0	0	2	2
G33127ZT	2	1	0	0	0	3	6
G33129LQ	0	1	0	0	0	1	2
G33150PJ	6	6	1	3	0	0	16
G33177YW	0	0	0	0	0	3	3
G33188UJ	8	1	0	0	0	0	9
G33192XL	3	2	1	0	0	1	7
G33225NX	6	5	0	2	0	0	13
G33241WC	6	5	1	3	0	0	15
G33244HE	4	4	1	0	0	0	9
G33269XL	4	3	1	1	0	0	9
G33271XM	4	4	1	0	0	0	9
G33273UQ	2	3	2	0	0	0	7
G33303XH	6	2	0	0	0	0	8
G33309GL	7	5	1	4	0	1	18
G33347WY	3	2	3	0	0	1	9
G33350UC	2	3	0	1	0	0	6
G33364OS	3	5	1	0	0	0	9
G33370EK	6	5	4	0	0	0	15
G33373MR	1	2	2	0	0	0	5
G33419PP	2	1	1	0	0	0	4
G33427JX	7	6	1	4	0	0	18
G33433QA	7	5	1	0	0	1	14
G33438CM	6	5	0	1	0	0	12
G33439FJ	3	3	1	0	0	0	7
G33476GF	1	1	0	0	0	0	2
G33505DB	2	2	0	0	0	0	4
G33522ME	3	7	1	0	0	0	11
G33556WL	4	4	0	0	0	1	9
G33569OU	2	2	2	0	0	0	6
G33593EQ	1	2	1	1	0	0	5
G33608TH	6	5	2	1	0	0	14
G33617JJ	6	4	0	3	0	0	13
G33620BP	7	5	0	4	0	1	17
G33633KK	3	3	0	1	0	0	7
G33653GT	5	6	0	0	0	0	11
G33671BL	4	5	1	2	0	0	12
G33685ZQ	5	4	1	1	0	0	11
G33734YD	4	3	1	0	0	0	8
G33737SV	0	1	0	0	0	1	2
G33740YL	3	6	1	2	0	0	12
G33741NT	5	3	0	2	0	0	10
G33742YO	4	5	0	0	0	0	9
G33785ND	6	7	3	0	0	0	16
G33802UM	7	5	0	0	0	0	12
G33806LP	6	5	1	0	0	0	12
G33841EB	6	5	0	2	0	0	13
G33842PB	7	4	1	0	0	0	12
G33862NZ	8	5	1	0	0	0	14
G33866SM	2	2	0	0	0	1	5
G33874AV	5	3	2	0	0	1	11
G33876UV	3	4	0	1	0	0	8
G33892UJ	3	2	0	0	0	1	6
G33909XJ	3	8	0	0	0	0	11
G33970VN	6	4	0	0	0	1	11
G33972SX	6	4	0	0	0	0	10
G33981FE	5	6	2	0	0	0	13
G34018EC	6	5	0	1	0	0	12
G34022KC	2	1	2	0	0	0	5
G34059IB	5	2	0	0	0	0	7
G34216YN	5	3	3	0	0	1	12
G34220DL	4	2	0	0	0	0	6
G34234AZ	0	2	1	0	0	0	3
G34252AT	8	1	0	0	0	0	9
G34294BW	3	1	1	0	0	0	5
G34306IB	4	5	1	1	0	0	11
G34314SG	8	2	0	0	0	0	10
G34330HT	4	3	0	1	0	2	10
G34351JL	1	2	1	0	0	1	5
G34383AG	5	4	1	0	0	0	10
G34435HX	11	2	0	0	0	0	13
G34442SS	4	2	0	0	0	0	6
G34465ZP	3	2	0	0	0	1	6
G34466DO	0	1	0	0	0	1	2
G34467NW	1	2	1	0	0	0	4
G34491AS	3	1	1	1	0	0	6
G34499SX	6	2	0	0	0	0	8
G34508UC	5	4	1	2	0	0	12
G34527RW	3	5	0	0	0	0	8
G34572TY	10	2	0	0	0	0	12
G34582DB	4	4	0	1	0	0	9
G34585DT	10	10	1	0	0	0	21
G34595KJ	5	4	1	0	0	0	10
G34612DX	4	5	0	0	0	0	9
G34622QG	3	3	2	0	0	0	8
G34626UE	7	5	0	4	0	1	17
G34705QH	2	2	0	0	0	1	5
G34706DW	2	2	1	0	0	1	6
G34731QC	6	4	0	3	0	1	14
G34754UR	6	5	0	3	0	0	14
G34797BZ	3	1	0	2	0	0	6
G34815RA	3	3	0	1	0	1	8
G34838RM	3	6	1	0	0	0	10
G34853GU	2	1	0	1	0	0	4
G34863TS	2	3	0	1	0	0	6
G34905OT	3	8	0	0	0	0	11
G34926IG	3	0	0	0	0	1	4
G34931KK	6	5	1	2	1	0	15
G34946TH	5	4	1	2	0	0	12
G34947FX	7	5	0	0	0	0	12
G34972BB	6	5	1	3	0	0	15
G35061TJ	5	4	1	1	0	0	11
G35068DX	6	4	2	0	0	1	13
G35096EN	4	6	0	0	0	0	10
G35106OM	1	2	1	0	0	0	4
G35110VT	2	2	1	0	0	0	5
G35111CK	5	4	1	2	0	1	13
G35139NO	6	4	4	0	0	1	15
G35150SV	6	5	1	0	0	0	12
G35199BM	2	0	1	2	0	2	7
G35211AB	8	7	0	0	0	0	15
G35234CM	2	3	2	0	0	0	7
G35242IF	5	4	1	2	0	0	12
G35247EJ	4	6	0	0	0	0	10
G35257SQ	4	2	0	0	0	0	6
G35283JZ	6	5	0	1	0	0	12
G35312VR	4	3	2	0	0	1	10
G35350DS	4	1	1	0	0	0	6
G35362TE	2	1	0	1	0	0	4
G35382VN	7	6	0	0	0	0	13
G35402TO	8	7	1	0	0	0	16
G35409SK	2	2	2	0	0	0	6
G35429JB	3	5	0	0	0	0	8
G35438GZ	6	7	1	4	0	0	18
G35442CG	7	1	0	0	0	1	9
G35446HX	0	1	1	0	0	0	2
G35455OM	5	6	1	0	0	0	12
G35482NV	5	3	3	0	0	1	12
G35484EX	7	6	1	0	0	0	14
G35528EA	3	2	1	0	0	1	7
G35528XC	2	2	1	0	0	0	5
G35565NM	7	6	1	1	0	0	15
G35599NO	5	3	1	1	0	0	10
G35609TJ	1	1	0	2	0	0	4
G35619UY	3	3	0	0	0	0	6
G35675LO	5	5	1	1	0	0	12
G35679QA	1	1	0	1	0	1	4
G35679TE	7	7	1	0	0	0	15
G35687VS	5	5	2	0	0	0	12
G35692YN	4	3	2	0	0	0	9
G35708JV	6	4	0	3	0	1	14
G35718GY	2	0	1	0	0	1	4
G35722YG	5	4	0	2	0	0	11
G35734AU	7	6	0	4	0	0	17
G35747ZX	5	4	4	0	0	0	13
G35749GB	7	1	0	0	0	0	8
G35769UV	7	2	0	0	0	0	9
G35787ED	7	2	0	0	0	0	9
G35791OW	6	5	0	1	0	0	12
G35798GO	6	5	1	3	0	0	15
G35808UX	3	6	1	0	0	0	10
G35815VK	1	0	0	1	0	0	2
G35823EX	4	3	0	0	0	0	7
G35827XH	4	2	1	0	0	0	7
G35837ET	6	5	1	0	0	0	12
G35879BG	3	1	0	2	0	0	6
G35888BV	5	4	1	1	1	0	12
G35952BG	6	4	2	0	0	0	12
G35960LO	5	2	1	0	0	0	8
G36020VB	5	4	0	0	3	0	12
G36042WR	6	7	1	4	0	0	18
G36046VV	3	3	3	0	0	0	9
G36053YX	5	6	0	0	0	0	11
G36058QA	6	4	2	0	0	0	12
G36066DO	6	5	1	1	0	0	13
G36104EQ	7	6	0	2	0	0	15
G36108GD	5	5	1	0	0	0	11
G36118RA	4	3	1	0	0	0	8
G36123IU	0	1	0	1	0	0	2
G36134VO	6	6	1	0	0	0	13
G36157OV	6	4	0	1	0	0	11
G36167NI	4	5	1	1	0	0	11
G36171JA	4	5	1	2	0	0	12
G36176RV	6	4	1	0	1	0	12
G36191CD	5	4	0	0	0	0	9
G36195LV	5	3	3	0	0	0	11
G36211GH	7	6	4	0	0	0	17
G36221RT	4	5	3	0	0	0	12
G36223VW	5	5	1	2	0	0	13
G36225RM	6	5	2	0	0	0	13
G36264SN	3	2	2	0	0	0	7
G36268TW	6	4	0	2	0	0	12
G36292UY	4	5	0	1	0	0	10
G36293DS	5	5	1	0	0	0	11
G36303CE	7	5	1	4	0	1	18
G36306KM	8	7	0	0	0	0	15
G36316RB	7	6	4	1	0	0	18
G36348OS	5	5	0	2	0	0	12
G36359GN	2	2	0	1	0	0	5
G36362BK	8	7	1	0	0	0	16
G36404TW	2	3	2	0	0	0	7
G36405UK	5	0	0	0	0	1	6
G36437LH	7	3	0	0	0	1	11
G36480VP	2	1	0	0	0	1	4
G36498HE	0	1	0	0	0	2	3
G36519NW	6	5	0	2	0	0	13
G36521AS	4	5	1	0	0	0	10
G36521SZ	5	4	1	2	0	0	12
G36523TZ	6	5	1	0	0	0	12
G36542BE	6	3	0	0	0	0	9
G36581MF	4	5	2	0	0	0	11
G36581PT	9	2	0	0	0	0	11
G36608LK	5	5	2	0	0	0	12
G36691KB	4	2	1	0	0	0	7
G36693BM	3	3	1	0	0	0	7
G36699PG	7	2	0	0	0	0	9
G36701GV	6	4	1	1	0	0	12
G36747XY	5	5	1	2	0	0	13
G36749ZK	3	2	1	0	0	1	7
G36766ZC	4	4	0	1	0	0	9
G36787EI	8	7	1	0	0	0	16
G36824BJ	8	0	0	0	0	1	9
G36839GD	1	1	0	1	0	0	3
G36855WW	1	0	1	0	0	0	2
G36859SD	4	4	0	0	0	0	8
G36881GV	5	3	0	0	0	0	8
G36898CO	3	7	0	0	0	0	10
G36909MR	6	6	0	0	0	0	12
G36960FP	6	5	1	0	0	0	12
G36966DH	6	5	1	0	0	0	12
G36977EW	4	5	1	0	0	0	10
G36983SB	2	2	1	1	0	0	6
G37022BP	5	4	1	1	1	0	12
G37102FC	7	1	0	0	0	0	8
G37126IL	0	1	0	0	0	1	2
G37135JQ	7	2	0	0	0	0	9
G37162GZ	6	2	0	0	0	0	8
G37166HP	6	3	1	1	0	0	11
G37184KW	3	1	0	2	0	0	6
G37216UM	2	2	0	0	0	0	4
G37260FV	6	4	1	1	0	0	12
G37274WB	4	2	1	0	0	0	7
G37276TY	3	9	0	0	0	0	12
G37296SI	3	3	0	0	0	1	7
G37304XT	6	5	1	3	0	0	15
G37306TB	6	5	1	2	0	0	14
G37320GX	6	5	1	3	0	0	15
G37425NA	2	0	0	0	0	0	2
G37427PW	5	3	0	0	0	0	8
G37442IW	4	3	1	1	0	0	9
G37453ZD	5	2	0	0	0	0	7
G37476QB	3	4	1	0	0	0	8
G37481QP	1	2	0	1	0	0	4
G37488LQ	7	6	2	4	0	0	19
G37491LV	5	4	1	1	0	1	12
G37552GO	4	7	0	0	0	0	11
G37562WX	7	5	4	0	0	1	17
G37581LU	6	3	0	1	0	0	10
G37584UP	0	1	0	1	0	0	2
G37588BP	9	7	0	0	0	0	16
G37588ZB	7	6	1	2	0	0	16
G37591JC	5	4	0	1	0	0	10
G37597FW	6	6	1	0	0	0	13
G37597VQ	3	3	1	0	0	0	7
G37601IJ	4	4	0	0	0	0	8
G37619KE	0	2	0	0	0	0	2
G37626XQ	5	4	1	2	0	0	12
G37641EM	1	1	1	0	0	1	4
G37663DS	0	1	0	0	0	1	2
G37745NY	4	5	3	0	0	0	12
G37745TJ	1	1	1	0	0	0	3
G37779JP	2	2	2	0	0	0	6
G37805DA	3	1	0	1	0	0	5
G37809PL	3	3	1	0	0	1	8
G37827FY	4	4	1	0	0	0	9
G37830TX	4	2	1	0	0	0	7
G37841WI	5	4	2	0	0	1	12
G37861OJ	0	1	0	0	0	3	4
G37891WT	1	1	0	1	0	0	3
G37919OJ	5	4	0	0	0	0	9
G37974GN	4	2	3	0	0	0	9
G37986HU	4	3	1	1	0	0	9
G38022PE	6	5	1	2	0	0	14
G38029ML	10	2	0	0	0	0	12
G38047QV	3	5	0	0	0	0	8
G38085YD	4	4	1	0	0	1	10
G38115KZ	5	6	0	0	0	0	11
G38121JC	5	4	2	0	0	0	11
G38148GL	5	2	0	0	0	0	7
G38208CY	7	5	1	0	0	0	13
G38217AM	4	4	1	1	0	1	11
G38230YO	6	5	1	0	0	0	12
G38241TC	7	6	5	0	0	0	18
G38249IZ	4	4	1	1	0	1	11
G38267IW	7	6	0	4	0	0	17
G38291RB	7	5	1	0	0	0	13
G38297TU	5	3	0	0	0	0	8
G38310GJ	1	1	0	1	0	0	3
G38362AS	4	3	0	1	0	0	8
G38371WW	3	4	1	1	0	0	9
G38373BD	4	5	1	1	0	0	11
G38373IO	1	1	0	0	0	0	2
G38395YJ	6	5	0	3	0	0	14
G38404PP	5	4	0	0	0	0	9
G38426SE	3	3	0	0	0	1	7
G38465NT	2	2	0	0	0	2	6
G38473PC	6	5	0	2	0	0	13
G38478SQ	1	1	0	0	0	0	2
G38549YL	7	5	0	0	0	0	12
G38586WN	6	3	0	1	0	0	10
G38618HZ	3	4	1	0	0	0	8
G38625SV	4	5	0	2	0	0	11
G38630WM	5	1	0	0	0	0	6
G38638WU	3	2	1	0	0	0	6
G38641UG	2	0	0	1	0	2	5
G38658JL	6	5	0	3	0	0	14
G38667ZB	6	5	1	1	0	0	13
G38668OJ	3	2	1	0	0	1	7
G38753OV	5	5	1	0	0	0	11
G38756OC	6	5	0	0	0	0	11
G38800CP	6	6	3	0	0	0	15
G38812YS	2	1	1	0	0	1	5
G38849GM	6	5	2	1	0	0	14
G38901GU	6	4	0	3	0	1	14
G38909RH	9	6	1	2	0	0	18
G38946SH	7	6	1	3	0	0	17
G38955TH	6	4	1	1	0	0	12
G38966ID	3	2	1	0	0	1	7
G38974XL	2	2	1	0	0	0	5
G38979OV	1	0	0	0	0	1	2
G38997JB	7	6	4	0	0	0	17
G38999IM	0	0	0	0	0	1	1
G39018CC	6	5	1	3	0	0	15
G39023AU	1	1	1	0	0	0	3
G39029JR	4	6	0	0	0	0	10
G39035OI	6	4	1	3	0	1	15
G39062YR	4	4	1	0	0	0	9
G39064VB	1	1	1	0	0	0	3
G39089YD	3	3	1	0	0	0	7
G39119ZF	10	2	0	0	0	0	12
G39130DL	1	2	0	0	0	0	3
G39172SO	7	6	1	3	0	1	18
G39174FS	11	2	0	0	0	0	13
G39181YB	4	5	1	0	0	0	10
G39183DW	7	6	0	2	0	0	15
G39188CA	3	1	0	1	1	0	6
G39203UC	2	3	1	0	0	0	6
G39211DH	1	1	2	0	0	0	4
G39213VZ	3	4	0	0	0	0	7
G39229GR	7	5	1	0	0	0	13
G39293VJ	1	1	0	1	0	0	3
G39298CN	5	4	1	0	0	0	10
G39298RF	4	5	1	1	0	0	11
G39299DH	6	5	0	2	0	0	13
G39305NP	4	4	2	0	0	1	11
G39318IJ	6	2	0	0	0	0	8
G39377DE	5	4	1	1	0	0	11
G39401ES	0	2	0	0	0	1	3
G39408YK	6	5	1	0	0	0	12
G39422JF	1	2	0	0	0	1	4
G39437XQ	3	4	0	0	0	1	8
G39439UR	4	3	1	1	0	0	9
G39452ZZ	6	5	1	0	0	0	12
G39465KG	6	5	3	0	0	1	15
G39478RR	7	2	0	0	0	0	9
G39484WM	4	2	0	1	0	0	7
G39523KI	3	3	1	1	0	0	8
G39531LA	6	5	0	3	0	0	14
G39540XG	4	6	0	2	0	0	12
G39558MO	1	1	0	2	0	0	4
G39567LQ	6	5	1	3	0	0	15
G39569XI	3	2	1	0	0	0	6
G39570CO	3	6	1	2	0	0	12
G39571QG	2	3	0	0	0	1	6
G39578OU	9	2	0	0	0	0	11
G39595CR	8	5	1	0	0	0	14
G39600NF	7	6	1	4	0	0	18
G39601JQ	7	6	1	0	0	0	14
G39602UU	4	3	0	0	0	0	7
G39611QP	2	1	1	1	0	1	6
G39615UL	2	2	0	0	0	1	5
G39617JJ	9	2	0	0	0	0	11
G39623FZ	3	4	0	0	0	1	8
G39687WG	9	2	0	0	0	0	11
G39722LF	6	4	1	1	0	0	12
G39756ZC	5	4	1	1	1	0	12
G39764AC	5	4	0	2	0	0	11
G39794DN	3	7	0	0	0	0	10
G39807DF	1	0	0	0	1	0	2
G39809FW	7	6	1	0	0	0	14
G39813YP	6	5	0	2	0	0	13
G39818NQ	2	1	0	1	0	1	5
G39852CS	2	2	0	0	0	1	5
G39861AN	6	4	1	1	0	0	12
G39874GI	6	3	4	0	0	1	14
G39884QV	3	1	0	1	1	0	6
G39893KL	4	3	1	0	0	0	8
G39896WY	1	2	0	0	0	0	3
G39906AT	6	4	1	0	0	0	11
G39917RN	4	4	0	0	0	1	9
G39943KJ	3	4	0	0	0	0	7
G39945EK	5	7	2	2	0	0	16
G39951CP	6	4	0	2	0	0	12
G39976KS	9	1	0	0	0	1	11
G39992DR	7	4	1	0	0	0	12
G39995AR	6	1	0	0	0	0	7
G39995KJ	1	1	1	0	0	0	3
G40012WS	4	5	2	1	0	0	12
G40027VO	8	7	1	3	0	0	19
G40064GR	5	4	0	3	0	0	12
G40065EM	6	7	0	0	0	0	13
G40069AV	8	9	1	0	0	0	18
G40088CY	2	2	1	0	0	0	5
G40096SL	5	4	1	0	0	0	10
G40097PQ	6	2	0	0	0	0	8
G40124HY	5	6	1	0	0	0	12
G40161ME	2	2	0	0	0	0	4
G40173TB	6	4	3	0	0	0	13
G40184OL	3	1	1	1	0	0	6
G40188OO	1	1	0	1	0	1	4
G40194MN	7	6	1	2	0	0	16
G40198OD	7	2	0	0	0	0	9
G40200RC	5	4	0	0	0	0	9
G40244KN	6	2	1	0	0	0	9
G40249UC	4	2	2	1	0	0	9
G40264QS	5	4	1	1	1	0	12
G40268BC	5	5	3	0	0	0	13
G40269CS	1	0	0	1	0	1	3
G40343KH	7	10	1	4	0	0	22
G40393FZ	3	3	1	0	0	0	7
G40413JC	0	0	0	0	0	3	3
G40428GO	8	7	1	0	0	0	16
G40452FK	6	5	0	4	0	0	15
G40482NA	6	5	1	0	0	0	12
G40491DT	4	2	0	1	0	0	7
G40542QP	6	5	1	3	0	0	15
G40544US	3	2	1	0	0	0	6
G40554DX	6	6	0	2	0	0	14
G40569DS	5	4	4	0	0	0	13
G40579SX	3	4	1	0	0	0	8
G40585SO	3	1	0	0	0	0	4
G40670DJ	6	5	3	0	0	0	14
G40696TO	1	1	1	0	0	0	3
G40702WU	8	2	0	0	0	0	10
G40706KD	3	3	2	0	0	0	8
G40707RU	2	1	1	0	0	0	4
G40707SF	6	5	0	3	0	0	14
G40709XS	2	3	0	0	0	2	7
G40734VV	5	5	0	1	0	0	11
G40735XY	3	6	0	0	0	0	9
G40748TG	1	0	0	0	0	1	2
G40757HO	2	3	0	1	0	0	6
G40764VP	2	0	0	1	0	0	3
G40786FB	3	5	0	0	0	1	9
G40792HV	4	3	0	0	0	1	8
G40813RE	2	2	1	0	0	0	5
G40821RK	10	2	0	0	0	0	12
G40900UQ	3	4	0	0	0	0	7
G40903ZD	7	5	1	4	0	1	18
G40906DZ	7	6	1	0	0	0	14
G40909AN	7	6	0	4	0	0	17
G40909HG	3	5	0	2	0	0	10
G40915GX	4	2	0	0	0	0	6
G40945TN	0	0	0	2	0	0	2
G40948NW	2	1	1	0	0	1	5
G40994FC	6	4	1	0	0	1	12
G40998BL	5	4	1	0	2	0	12
G41052GC	1	2	0	1	0	0	4
G41063ME	4	2	1	0	0	1	8
G41087ZA	6	5	1	3	0	0	15
G41095QB	6	5	1	3	0	0	15
G41107EH	7	7	5	0	0	0	19
G41120BJ	4	3	1	0	0	0	8
G41125AS	3	4	0	0	0	0	7
G41132VG	0	0	0	0	0	2	2
G41178NB	4	2	0	0	0	0	6
G41179DF	1	0	0	0	0	2	3
G41227XH	1	1	2	1	0	1	6
G41234QD	1	1	0	2	0	0	4
G41304KE	5	4	1	2	0	0	12
G41310VR	5	4	1	1	0	0	11
G41324RH	3	3	2	0	0	0	8
G41327HW	5	3	0	0	0	0	8
G41331JX	5	5	2	0	0	0	12
G41352UL	7	5	2	0	0	1	15
G41366ZD	7	6	0	3	0	0	16
G41372SJ	1	2	0	0	0	0	3
G41384PQ	1	2	2	0	0	1	6
G41405QQ	9	8	1	0	0	0	18
G41416MJ	3	1	1	0	0	0	5
G41469UO	2	0	0	1	0	0	3
G41473YC	1	0	0	1	0	3	5
G41477DH	4	2	1	0	0	1	8
G41504VL	5	4	2	0	0	0	11
G41510DX	4	2	0	0	0	0	6
G41563EN	5	6	1	0	0	0	12
G41566AJ	7	6	0	3	0	0	16
G41576FY	6	5	0	0	0	0	11
G41596PV	8	7	0	0	0	0	15
G41656NL	6	5	0	4	0	0	15
G41670EF	6	6	4	0	0	0	16
G41708PN	3	4	1	0	0	1	9
G41720HN	3	3	2	0	0	0	8
G41722LN	3	1	0	1	0	0	5
G41742IZ	5	5	3	0	0	0	13
G41780OY	1	1	0	0	0	2	4
G41789QF	8	1	0	0	0	0	9
G41800OU	7	6	0	4	0	0	17
G41804LU	3	2	1	0	0	0	6
G41811VQ	6	5	3	0	0	0	14
G41817BL	6	4	0	0	0	0	10
G41821MR	5	4	3	0	0	0	12
G41824PC	8	2	0	0	0	0	10
G41847IM	4	3	1	0	0	0	8
G41850YN	6	4	1	3	0	1	15
G41859KE	2	0	0	0	0	1	3
G41865ZJ	5	5	0	2	0	0	12
G41912CL	5	4	1	3	0	0	13
G41923EO	5	5	0	0	0	0	10
G41928NU	4	3	3	1	0	1	12
G41937ED	6	4	1	1	0	0	12
G41943OZ	4	2	0	0	0	0	6
G41953RN	6	5	0	3	0	0	14
G41974MG	7	6	5	0	0	1	19
G41981MA	6	6	1	2	0	0	15
G41994UJ	4	3	2	0	0	0	9
G42002WQ	1	1	1	1	0	2	6
G42028VS	5	4	1	0	0	0	10
G42039AA	2	3	0	0	0	0	5
G42039DE	4	2	0	0	0	0	6
G42049JU	1	1	0	1	0	0	3
G42081JA	5	4	1	3	0	0	13
G42089IU	2	2	0	2	0	0	6
G42110JE	5	5	2	0	0	0	12
G42140AQ	6	1	0	1	0	1	9
G42147XQ	2	3	0	0	0	2	7
G42154JB	2	1	1	0	0	1	5
G42176GK	7	5	0	0	0	0	12
G42192BR	7	5	0	1	0	0	13
G42217SL	2	1	1	0	0	1	5
G42227JK	3	2	0	0	0	0	5
G42239FO	2	2	0	0	0	1	5
G42240DE	6	5	0	1	0	0	12
G42264OV	5	4	1	0	0	0	10
G42293RF	0	0	0	0	0	2	2
G42295MA	5	5	1	1	0	0	12
G42299NR	9	2	0	0	0	0	11
G42300CL	3	2	1	1	0	1	8
G42303MJ	1	1	2	0	0	1	5
G42322YV	7	6	0	2	1	0	16
G42325VD	2	2	1	0	0	1	6
G42368XT	3	3	2	0	0	0	8
G42380GI	7	6	0	4	0	0	17
G42388XF	3	3	0	0	0	0	6
G42415XD	6	4	1	1	0	0	12
G42439GB	12	2	0	0	0	0	14
G42440OJ	4	5	0	2	0	0	11
G42460RM	4	4	0	0	0	0	8
G42466VF	2	2	1	0	0	0	5
G42468DL	3	3	1	0	0	0	7
G42471QL	4	1	0	0	0	0	5
G42504VW	6	5	3	1	0	0	15
G42525DE	3	4	0	0	0	2	9
G42548XF	4	3	0	0	0	0	7
G42556BP	3	3	1	0	0	0	7
G42600SB	6	5	0	3	0	0	14
G42603RO	2	2	1	0	0	1	6
G42605KJ	6	6	1	0	0	0	13
G42614NV	6	5	1	3	0	0	15
G42653GO	8	2	0	0	0	0	10
G42664TF	3	1	2	0	0	1	7
G42666HT	0	2	0	0	0	0	2
G42667BL	2	2	0	1	0	1	6
G42672MA	4	4	1	0	0	0	9
G42674AX	6	2	0	0	0	0	8
G42674LI	8	2	0	0	0	0	10
G42679AH	3	4	0	0	0	0	7
G42680EX	3	3	0	0	0	0	6
G42686NQ	6	5	1	2	0	0	14
G42712XS	5	3	0	0	0	1	9
G42713FO	5	3	1	0	0	1	10
G42731RJ	7	6	1	4	0	0	18
G42735RP	6	5	1	1	0	0	13
G42737HJ	5	2	0	0	0	0	7
G42769XG	3	2	0	0	0	0	5
G42772CJ	8	2	0	0	0	0	10
G42772WO	1	1	0	1	0	2	5
G42797SX	1	2	0	1	0	0	4
G42824AQ	7	6	1	3	0	0	17
G42826YI	4	6	0	1	0	0	11
G42830YF	7	5	0	0	0	1	13
G42832NT	5	5	1	0	0	0	11
G42846BO	5	4	0	1	0	0	10
G42862VU	7	7	1	2	0	0	17
G42912TT	1	1	0	0	0	2	4
G42927HH	3	2	1	2	0	1	9
G42941KJ	6	5	0	2	0	0	13
G42956UG	1	1	1	0	0	0	3
G42984ZU	4	2	0	0	0	0	6
G42993UG	2	2	1	1	0	0	6
G43014FZ	5	3	0	0	0	0	8
G43040IL	7	5	1	0	0	0	13
G43070PV	7	6	0	1	0	0	14
G43081BK	2	2	0	1	0	0	5
G43088GK	6	6	1	3	0	0	16
G43131ZX	7	7	1	0	0	0	15
G43164CL	6	5	0	1	1	0	13
G43242DB	6	4	0	4	0	1	15
G43264US	3	3	1	0	0	0	7
G43265YA	2	2	1	1	0	1	7
G43299SD	4	5	0	0	0	0	9
G43301PF	6	4	0	1	0	1	12
G43346PX	4	5	1	2	0	0	12
G43378HA	3	1	3	0	0	0	7
G43415UJ	2	5	0	0	0	0	7
G43426MU	2	3	0	0	0	0	5
G43454VB	6	5	1	1	0	0	13
G43470JW	3	2	0	0	0	0	5
G43475FH	9	1	0	0	0	1	11
G43495HR	4	0	0	0	0	0	4
G43499QE	6	5	1	3	0	0	15
G43526DL	7	6	1	4	0	0	18
G43547MI	3	2	0	0	0	0	5
G43548LQ	1	0	1	0	0	1	3
G43549OX	6	7	2	3	0	0	18
G43553YK	4	4	1	0	1	0	10
G43558RC	7	6	0	0	0	0	13
G43603TQ	6	4	2	0	0	1	13
G43622SG	5	3	2	0	0	0	10
G43648DB	3	2	1	0	0	0	6
G43657WC	5	4	1	0	0	0	10
G43660IT	6	5	3	0	0	0	14
G43664YB	5	4	0	0	0	0	9
G43677TG	4	4	0	0	0	0	8
G43677XO	5	3	0	1	0	0	9
G43687XR	3	3	2	0	0	0	8
G43694RQ	4	4	1	1	0	0	10
G43745JV	4	2	1	1	0	0	8
G43753QH	5	5	1	2	0	0	13
G43761IQ	6	4	1	3	0	1	15
G43765GZ	6	5	1	2	1	0	15
G43767FS	4	3	0	1	0	2	10
G43788SW	2	1	0	0	0	0	3
G43797QQ	9	7	1	0	0	1	18
G43804CX	3	4	0	0	0	0	7
G43804GS	3	1	0	1	0	0	5
G43814TV	3	7	0	0	0	0	10
G43818LO	4	0	2	0	0	0	6
G43832DJ	7	6	1	4	0	0	18
G43873MM	15	14	6	2	0	0	37
G43925AD	3	4	2	0	0	0	9
G43944UW	4	1	1	0	0	0	6
G43947CR	3	2	0	0	0	0	5
G43947VZ	7	2	0	0	0	0	9
G43953LS	6	6	2	3	0	0	17
G43972TU	3	2	1	0	0	0	6
G44023GI	4	4	2	0	0	0	10
G44031UD	5	4	1	2	0	0	12
G44043ZX	9	8	1	0	0	0	18
G44046WQ	3	4	0	0	0	0	7
G44060QH	2	3	2	0	0	0	7
G44066XU	7	6	1	0	4	0	18
G44073EJ	4	3	0	0	0	0	7
G44121LY	6	5	1	1	0	0	13
G44127LD	2	3	1	0	0	0	6
G44137YR	9	8	1	3	0	0	21
G44151FI	3	4	0	0	0	0	7
G44152CO	4	5	0	2	0	0	11
G44264DI	5	4	1	2	0	0	12
G44276EF	5	2	0	0	0	0	7
G44327JQ	6	4	1	0	0	1	12
G44339YF	3	5	1	1	0	0	10
G44345UH	1	0	0	1	0	0	2
G44361OH	6	5	1	2	0	0	14
G44364RM	6	5	1	0	3	0	15
G44369QM	4	6	1	1	0	0	12
G44413JJ	4	4	1	0	0	0	9
G44414DH	7	6	4	0	0	0	17
G44440DT	0	0	0	0	0	1	1
G44444MB	5	4	1	1	0	0	11
G44479SH	5	3	0	1	0	0	9
G44483CH	5	3	5	0	0	0	13
G44510KF	6	3	2	0	0	1	12
G44515AZ	8	7	1	3	0	0	19
G44533KV	3	8	1	0	0	0	12
G44541JO	4	4	2	0	0	0	10
G44572NU	5	3	2	0	0	0	10
G44576HQ	7	6	2	0	0	0	15
G44617UT	4	3	1	1	0	0	9
G44618FI	4	3	1	1	0	0	9
G44639PM	6	5	0	3	0	0	14
G44645CP	7	5	0	0	0	0	12
G44659VQ	5	6	0	2	0	0	13
G44688UB	7	6	0	4	0	0	17
G44739HH	3	2	2	0	0	1	8
G44747CU	6	3	0	0	0	0	9
G44754DF	4	4	0	0	0	0	8
G44754IE	6	5	1	2	0	0	14
G44770ZI	3	5	1	0	0	0	9
G44799JP	3	5	0	0	0	0	8
G44809MP	3	4	1	0	0	1	9
G44825LU	6	4	0	3	0	1	14
G44825QL	6	5	2	0	0	0	13
G44826KU	5	4	0	1	0	0	10
G44842OK	5	3	0	0	0	0	8
G44858WT	6	3	0	0	0	0	9
G44865OQ	6	2	0	0	0	0	8
G44883NU	6	5	0	1	0	0	12
G44904UE	4	5	1	1	0	0	11
G44905SX	4	4	0	0	0	0	8
G44917UQ	3	3	1	0	0	0	7
G44946WH	3	6	1	0	0	0	10
G44962ZM	6	3	0	0	0	0	9
G44979MG	5	5	1	0	0	0	11
G44982ZA	7	6	1	2	0	0	16
G44996SV	4	6	0	0	0	0	10
G45036WQ	3	3	1	0	0	0	7
G45045RU	4	6	1	0	0	0	11
G45048TZ	4	4	1	0	0	0	9
G45058HZ	1	1	0	1	0	0	3
G45071EF	6	5	0	1	0	0	12
G45104SZ	6	5	0	3	0	0	14
G45108QT	7	6	0	1	0	0	14
G45120SG	1	1	1	1	0	1	5
G45129XM	1	1	0	0	0	1	3
G45145ET	2	1	1	0	0	0	4
G45187EI	5	5	1	0	0	0	11
G45209NR	6	5	1	3	0	0	15
G45215IJ	4	2	2	1	0	0	9
G45220IZ	8	5	4	0	0	0	17
G45229AI	5	2	1	0	0	0	8
G45238KD	4	4	0	0	0	0	8
G45250VC	3	4	1	0	0	0	8
G45256SO	3	6	0	0	0	0	9
G45258LH	4	3	1	0	0	1	9
G45262QY	4	4	1	0	0	0	9
G45264AM	3	5	1	1	0	0	10
G45271AT	3	3	0	0	0	0	6
G45325UV	6	2	0	0	0	0	8
G45358WU	6	5	1	0	0	1	13
G45359RY	6	5	1	0	0	0	12
G45374ZW	4	3	0	0	0	0	7
G45380LQ	6	4	0	3	0	0	13
G45388GV	0	2	0	0	0	0	2
G45408ZW	6	4	0	3	0	0	13
G45420PL	6	5	1	3	0	0	15
G45470TI	4	5	1	0	0	0	10
G45475AS	8	7	1	3	0	0	19
G45492BK	7	5	1	2	0	0	15
G45494FB	3	4	0	3	0	0	10
G45498YC	6	5	1	0	0	0	12
G45522CT	3	1	0	0	2	0	6
G45533OY	5	4	2	1	0	0	12
G45546UR	7	6	1	1	0	0	15
G45560HM	5	4	0	1	0	0	10
G45565NV	3	5	1	0	0	1	10
G45581BY	7	5	5	0	0	1	18
G45598BE	5	4	1	1	0	0	11
G45603BW	6	5	0	3	0	0	14
G45614AE	3	2	0	1	0	0	6
G45614WX	5	3	0	0	0	0	8
G45629TR	6	4	0	1	0	1	12
G45643JS	3	3	0	0	0	1	7
G45661NA	6	5	1	2	0	0	14
G45673KX	2	2	2	0	0	0	6
G45712QJ	0	2	0	1	0	0	3
G45714BQ	3	1	0	2	0	0	6
G45747TC	5	6	1	3	0	0	15
G45756EL	4	3	0	2	0	1	10
G45776ET	7	6	0	4	0	0	17
G45777DE	5	4	0	0	0	0	9
G45811PK	6	4	0	0	0	0	10
G45826PJ	3	5	1	0	0	0	9
G45827GY	3	1	0	0	0	0	4
G45832DB	6	4	0	2	0	0	12
G45841FE	5	2	0	0	0	0	7
G45844BS	7	6	4	1	0	0	18
G45882CQ	7	6	0	0	0	0	13
G45888VL	5	4	3	0	0	0	12
G45889JQ	3	3	1	0	0	0	7
G45995IV	3	2	1	0	0	0	6
G45996VR	6	5	1	2	0	0	14
G45997JW	5	5	1	0	0	0	11
G46031NV	5	3	1	1	0	1	11
G46038XL	7	3	0	0	0	0	10
G46049XN	2	2	2	0	0	0	6
G46059YJ	7	5	0	4	0	0	16
G46060BG	3	4	1	1	0	1	10
G46060FM	5	2	0	0	0	0	7
G46103YX	7	5	1	4	0	1	18
G46107JU	4	4	0	1	0	0	9
G46108US	6	7	1	4	0	0	18
G46123YD	3	4	1	0	0	0	8
G46141DD	6	5	1	3	0	0	15
G46168RR	2	2	1	0	0	0	5
G46185ND	4	4	1	1	0	1	11
G46208LD	0	1	1	0	0	0	2
G46222DM	1	2	0	0	0	0	3
G46260CP	7	5	0	4	0	1	17
G46347BR	2	2	1	0	0	0	5
G46387UV	3	3	1	1	0	1	9
G46394FV	6	5	4	0	0	1	16
G46406BL	5	4	2	1	0	0	12
G46407AA	5	4	0	1	0	0	10
G46412RZ	8	5	1	1	0	0	15
G46420ZV	0	1	0	1	0	1	3
G46425HN	7	5	1	2	0	0	15
G46432HW	8	5	1	0	0	0	14
G46455GO	3	6	2	1	0	0	12
G46461VY	4	3	1	0	0	0	8
G46470AD	5	4	0	0	2	0	11
G46473CN	2	0	0	0	0	2	4
G46489HY	3	2	0	1	0	0	6
G46491JP	6	5	1	0	0	1	13
G46503KK	5	4	3	0	0	0	12
G46526SO	6	2	0	0	0	0	8
G46542RN	7	6	0	0	2	0	15
G46559US	9	2	0	0	0	0	11
G46560SM	7	6	0	0	0	0	13
G46565HP	8	1	0	0	0	0	9
G46568MX	6	5	0	1	0	0	12
G46609ZR	2	2	2	0	0	0	6
G46626WO	4	2	0	0	0	0	6
G46638GC	4	5	0	0	0	0	9
G46662LV	3	3	2	0	0	0	8
G46677TE	3	1	0	2	0	0	6
G46712PI	4	6	1	0	0	0	11
G46720ZO	3	3	1	0	0	0	7
G46748BU	2	2	0	1	0	0	5
G46754UW	5	4	0	1	0	0	10
G46759WS	4	3	1	1	0	0	9
G46760LG	2	2	0	1	0	0	5
G46763GM	6	3	3	0	0	0	12
G46764AW	5	4	1	0	0	0	10
G46767VX	7	6	1	4	0	0	18
G46768QH	4	4	1	1	0	0	10
G46772BG	1	3	0	2	0	0	6
G46774NB	3	1	0	2	0	1	7
G46795YU	2	1	0	0	0	0	3
G46836GH	5	2	0	0	0	0	7
G46868TY	1	1	1	0	0	0	3
G46915JA	3	2	0	2	0	1	8
G46923KZ	4	5	2	0	0	0	11
G46926OL	2	2	0	1	0	0	5
G46945LQ	3	6	2	1	0	0	12
G46991EQ	6	6	4	0	0	0	16
G46998LN	5	4	0	0	1	0	10
G47004LA	6	1	0	0	0	0	7
G47007PV	4	5	1	0	0	2	12
G47009SE	9	7	0	0	0	0	16
G47011KD	3	6	0	0	0	0	9
G47023PF	2	1	0	0	0	0	3
G47043LK	7	6	1	4	0	0	18
G47047YK	4	2	2	1	0	0	9
G47058MH	6	7	1	3	0	0	17
G47108UC	3	5	1	0	0	0	9
G47163SC	4	2	1	0	0	0	7
G47171PS	6	6	2	0	0	0	14
G47171PW	7	6	1	1	0	0	15
G47174QJ	2	1	2	0	0	1	6
G47175EF	5	4	2	0	0	0	11
G47180UC	1	1	1	1	0	0	4
G47206MY	3	3	1	0	0	1	8
G47252EW	7	6	1	4	0	0	18
G47253OG	5	4	2	2	0	0	13
G47273WV	5	4	1	0	0	0	10
G47279LF	8	7	1	3	0	0	19
G47280HM	6	5	1	2	0	0	14
G47299BP	6	5	0	1	0	0	12
G47338FR	2	1	0	0	0	0	3
G47349YO	1	0	1	0	0	1	3
G47379VH	3	2	1	0	0	1	7
G47391NN	1	1	1	1	0	0	4
G47407FC	4	3	0	0	0	1	8
G47410OF	4	2	0	0	0	0	6
G47414TF	2	1	0	2	0	0	5
G47421RS	2	1	0	0	0	0	3
G47427YD	8	5	0	0	0	0	13
G47447OZ	0	0	0	0	0	4	4
G47456CG	7	5	1	4	0	1	18
G47457DK	5	2	0	0	0	0	7
G47495KE	3	0	0	0	0	1	4
G47498FQ	5	3	0	0	0	0	8
G47520QY	1	3	0	0	0	0	4
G47531XE	5	5	2	0	0	0	12
G47548GA	2	0	1	0	0	0	3
G47554EG	6	5	0	0	0	0	11
G47566FL	3	3	1	0	0	1	8
G47606XQ	5	4	2	0	0	0	11
G47614ZH	5	2	1	0	0	0	8
G47633WZ	0	0	0	0	0	4	4
G47647QY	6	4	0	3	0	0	13
G47675LW	3	5	0	0	0	0	8
G47690ND	2	2	0	0	0	0	4
G47715OE	3	2	0	0	0	0	5
G47741BL	6	5	0	2	0	0	13
G47766VH	5	4	0	0	0	0	9
G47782UT	5	5	2	0	0	0	12
G47809KW	5	3	2	0	0	0	10
G47816DI	5	4	1	1	0	0	11
G47829CW	2	2	1	0	0	0	5
G47854HN	7	5	0	0	0	0	12
G47863IJ	3	1	1	1	0	0	6
G47866EC	5	4	1	0	0	0	10
G47870LR	5	4	1	0	1	0	11
G47877IZ	6	2	0	0	0	0	8
G47909JD	4	2	0	0	0	0	6
G47920WV	2	0	1	0	0	0	3
G47921ZO	1	2	0	1	0	0	4
G47924XK	2	2	0	0	0	0	4
G47925PB	2	4	0	0	0	0	6
G47936PQ	5	5	1	0	0	0	11
G47961DI	6	5	1	2	0	0	14
G47961RS	5	2	0	0	0	0	7
G47975JA	4	4	1	1	0	1	11
G48018RF	6	2	0	0	0	0	8
G48020LQ	5	4	2	1	0	0	12
G48027TR	2	0	0	0	0	0	2
G48040FY	7	6	0	4	0	0	17
G48053YN	8	0	0	0	0	1	9
G48059CD	3	1	0	0	0	0	4
G48109OV	10	9	1	4	0	0	24
G48148JS	8	2	0	0	0	0	10
G48148UW	5	2	1	0	0	1	9
G48154LM	2	1	0	1	0	1	5
G48178AY	1	0	1	0	0	3	5
G48185FI	4	4	0	1	0	1	10
G48205IY	6	4	1	3	0	1	15
G48213MO	5	3	0	0	0	1	9
G48265KY	3	2	0	1	0	1	7
G48277OH	7	5	1	1	0	0	14
G48305IM	8	7	0	0	0	0	15
G48330KH	7	5	0	4	0	1	17
G48350AZ	9	2	0	0	0	0	11
G48381WH	4	5	1	0	0	0	10
G48405LH	5	3	1	0	0	0	9
G48409OW	4	4	1	1	0	0	10
G48421GV	3	3	0	0	0	0	6
G48441KG	4	1	1	1	0	0	7
G48442VP	6	2	0	0	0	0	8
G48458AB	5	5	1	0	0	0	11
G48465YI	1	2	1	1	0	0	5
G48466UB	4	2	0	0	0	0	6
G48489PM	4	4	1	1	0	0	10
G48527XN	6	5	2	1	0	0	14
G48585WR	2	2	1	0	0	0	5
G48614JL	5	4	1	0	0	0	10
G48616UI	8	1	0	0	0	1	10
G48630BP	7	2	0	0	0	0	9
G48638TB	0	2	1	1	0	1	5
G48643VT	4	2	2	1	0	0	9
G48646LG	0	6	0	0	0	0	6
G48670RT	3	2	0	0	0	0	5
G48698GX	3	7	1	0	0	0	11
G48712ZJ	9	2	0	0	0	0	11
G48713OY	5	5	1	2	0	0	13
G48766VR	3	2	1	0	0	1	7
G48767NV	6	5	0	3	0	0	14
G48787LE	4	5	1	0	0	0	10
G48809ZO	6	5	0	3	0	0	14
G48822BJ	6	5	0	3	0	0	14
G48848IF	3	6	1	1	0	0	11
G48860TK	5	3	0	0	0	0	8
G48873CW	0	0	0	0	0	2	2
G48882DX	7	5	0	4	0	1	17
G48945UO	4	5	1	1	0	0	11
G48954CA	4	3	1	1	0	0	9
G48982WL	2	1	0	0	0	0	3
G48989LO	4	4	0	1	0	0	9
G49043NO	6	3	0	1	0	0	10
G49045BZ	6	4	0	3	0	0	13
G49084JY	9	6	1	2	0	0	18
G49104KI	4	6	0	0	0	0	10
G49104WF	2	0	2	1	0	2	7
G49108TO	0	1	0	0	0	0	1
G49118ZT	1	1	0	0	0	1	3
G49120XR	3	3	0	0	0	0	6
G49124LP	4	2	0	1	0	0	7
G49168NM	4	3	1	0	0	1	9
G49225WK	5	4	1	2	0	0	12
G49232RW	6	2	0	0	0	0	8
G49280JI	5	5	1	0	0	0	11
G49282JI	3	3	1	0	0	0	7
G49299WO	5	2	0	2	0	0	9
G49302PT	2	0	1	0	0	2	5
G49305IN	6	6	1	3	0	1	17
G49320XS	4	2	1	0	0	0	7
G49332RT	1	2	1	0	0	1	5
G49349BS	1	3	1	0	0	0	5
G49369WH	3	6	1	0	0	0	10
G49370IN	1	1	0	0	0	1	3
G49401CB	6	3	2	0	0	0	11
G49440XK	8	2	0	0	0	0	10
G49465QD	2	2	0	0	0	0	4
G49478NM	6	5	0	1	0	0	12
G49495US	7	1	0	0	0	1	9
G49503QY	3	3	1	0	0	0	7
G49508KM	3	3	2	0	0	1	9
G49515VE	6	5	0	1	0	0	12
G49539WP	5	3	2	0	0	0	10
G49544FY	6	5	1	3	0	0	15
G49561ZE	2	1	0	0	0	1	4
G49562JB	6	5	0	1	0	0	12
G49580XQ	5	5	0	0	0	0	10
G49599HG	4	2	0	1	0	1	8
G49615DO	3	1	0	1	0	0	5
G49616WZ	6	5	1	3	0	0	15
G49664YG	4	5	1	0	0	0	10
G49708ZB	2	0	1	0	0	0	3
G49721VX	5	2	0	0	0	0	7
G49743VF	3	4	0	0	0	2	9
G49761JR	5	1	0	0	0	0	6
G49763BM	1	1	0	1	0	0	3
G49785PR	3	3	1	0	0	1	8
G49800TU	6	4	1	0	0	1	12
G49827WK	4	6	1	0	0	0	11
G49832FF	7	5	0	4	0	1	17
G49859TR	2	1	2	0	0	1	6
G49872TN	3	6	1	0	0	0	10
G49889OJ	4	3	0	0	0	0	7
G49930HB	3	4	1	0	0	1	9
G49933AX	5	3	0	1	0	0	9
G49935CA	6	5	1	3	0	0	15
G49961XO	7	5	1	0	0	0	13
G49963IQ	1	1	2	0	0	0	4
G49991UY	4	5	0	1	0	0	10
G49993RR	3	4	1	0	0	0	8
G50000BW	6	6	2	0	0	0	14
G50013XL	6	4	1	0	0	1	12
G50068PO	7	5	1	4	0	1	18
G50071OA	1	1	0	1	0	0	3
G50076JD	4	9	0	0	0	0	13
G50078RT	6	6	0	0	0	0	12
G50091EW	2	3	0	0	0	1	6
G50110DS	0	0	0	0	0	2	2
G50112PT	6	4	1	1	0	0	12
G50123ZO	3	2	0	1	0	0	6
G50131RA	4	4	1	1	0	0	10
G50139IU	10	2	0	0	0	0	12
G50165MW	3	4	2	0	0	0	9
G50178BS	2	1	1	0	0	1	5
G50205RT	4	4	0	0	0	1	9
G50210FA	5	4	1	2	0	0	12
G50211SY	6	5	1	3	0	0	15
G50215WR	2	2	0	0	0	2	6
G50216QG	6	5	1	0	0	0	12
G50258QB	7	6	0	0	0	0	13
G50272UH	5	4	1	1	0	0	11
G50290UO	7	5	0	3	0	0	15
G50319MW	3	3	0	0	0	0	6
G50321QR	3	1	1	1	0	0	6
G50343XZ	6	7	1	0	0	0	14
G50353PP	5	4	2	2	0	0	13
G50354DO	3	1	0	0	0	0	4
G50364FV	7	6	1	4	0	0	18
G50370PE	2	3	0	0	0	0	5
G50375DL	1	0	0	1	0	1	3
G50398UZ	3	4	0	0	0	1	8
G50425IY	8	4	2	0	0	1	15
G50427EN	5	4	1	3	0	0	13
G50474FI	5	4	1	0	0	0	10
G50489VC	7	6	1	3	0	0	17
G50499BR	5	5	1	0	0	0	11
G50504QA	3	2	2	0	0	1	8
G50507PS	7	2	0	0	0	0	9
G50508SG	7	10	1	4	0	0	22
G50517DR	5	3	0	1	0	0	9
G50524TY	2	2	2	0	0	0	6
G50531NJ	3	4	1	0	0	2	10
G50535IT	7	6	0	0	0	0	13
G50549VU	7	6	1	0	0	0	14
G50558NC	3	3	0	0	0	1	7
G50576GW	5	3	2	0	0	0	10
G50587ZA	2	1	2	0	0	1	6
G50624UG	3	0	2	0	0	0	5
G50659JL	4	4	1	0	0	0	9
G50660UT	8	7	1	4	0	0	20
G50696OD	6	2	0	0	0	0	8
G50709IS	1	1	0	0	0	1	3
G50730KL	5	3	1	0	0	0	9
G50734LV	7	5	0	2	0	0	14
G50739NP	5	4	0	1	0	0	10
G50762OP	2	3	0	0	0	0	5
G50775RM	6	2	0	0	0	0	8
G50779LX	5	5	0	2	0	0	12
G50782HI	7	3	1	0	0	0	11
G50809LR	2	2	1	0	0	1	6
G50829CY	5	3	2	0	0	1	11
G50850NI	0	0	0	1	0	0	1
G50880EE	4	4	1	1	0	0	10
G50887TF	3	1	1	2	0	0	7
G50896EJ	3	3	0	2	0	0	8
G50903RY	5	4	1	1	0	0	11
G50911OK	7	4	0	0	0	0	11
G50915WK	4	2	1	1	0	1	9
G50997KD	7	5	0	4	0	1	17
G51050LD	6	5	4	0	0	0	15
G51098AA	4	5	1	1	0	2	13
G51098OG	5	3	0	2	0	0	10
G51119RL	10	2	0	0	0	0	12
G51122TA	1	2	1	0	0	0	4
G51123VI	7	1	0	0	0	1	9
G51138SQ	1	0	1	1	0	1	4
G51168CH	2	2	1	0	0	1	6
G51170QD	6	4	0	0	0	0	10
G51177EP	4	5	1	1	0	0	11
G51209GW	3	3	2	0	0	0	8
G51216AJ	4	4	0	0	0	0	8
G51247NH	2	1	1	0	0	0	4
G51266ML	6	2	0	0	0	0	8
G51274LI	5	5	1	0	0	0	11
G51331BY	1	1	0	0	0	0	2
G51333KM	5	4	1	3	0	0	13
G51333ZI	9	7	0	0	0	0	16
G51343UJ	3	5	0	0	0	0	8
G51349BU	3	3	2	0	0	0	8
G51367TM	5	3	0	0	0	0	8
G51369CD	9	2	0	0	0	0	11
G51471ON	6	3	1	0	0	0	10
G51472TJ	7	5	0	0	0	0	12
G51490BW	3	4	1	0	0	0	8
G51497BL	6	6	1	2	0	0	15
G51527NY	5	5	1	0	0	0	11
G51562OR	9	8	1	0	0	0	18
G51591NI	1	1	1	0	0	0	3
G51654CU	4	4	1	0	1	0	10
G51661GQ	4	3	2	0	0	0	9
G51688VK	5	3	0	0	0	0	8
G51699IR	3	3	0	0	0	0	6
G51699SI	3	2	0	0	0	0	5
G51710QD	6	6	1	3	0	0	16
G51727VL	5	3	0	2	0	0	10
G51758WG	0	0	0	0	0	2	2
G51778XS	4	5	1	0	0	0	10
G51793MY	5	4	0	2	0	0	11
G51795VM	5	1	0	0	0	0	6
G51809TM	2	4	2	0	0	0	8
G51813EW	2	1	1	1	0	0	5
G51828AY	1	2	1	0	0	0	4
G51840MR	2	1	0	0	0	1	4
G51862BI	2	2	3	0	0	1	8
G51883EC	3	3	0	0	0	0	6
G51891DI	5	5	1	2	0	0	13
G51896IF	5	4	4	0	0	0	13
G51921XC	6	5	1	3	0	0	15
G51930XP	7	6	5	0	0	0	18
G51941GC	6	5	1	3	0	0	15
G51941HK	2	0	0	0	0	1	3
G51941IR	7	5	1	2	0	0	15
G51945PF	3	2	0	0	0	0	5
G51956RJ	7	7	1	0	0	0	15
G51963NX	1	3	1	0	0	0	5
G52003QG	6	5	2	0	0	0	13
G52013SF	2	2	1	1	0	0	6
G52014JR	6	3	3	1	0	1	14
G52034SY	6	1	0	0	0	1	8
G52038JM	5	5	1	0	0	0	11
G52045RC	4	2	0	1	0	1	8
G52080EW	3	1	1	0	0	1	6
G52080WL	4	4	1	0	0	0	9
G52106FW	7	6	1	0	0	0	14
G52112MC	5	5	2	0	0	0	12
G52120GQ	1	0	0	1	0	2	4
G52120NK	2	1	0	2	0	1	6
G52122ZD	5	4	1	1	1	0	12
G52126RR	6	5	0	2	0	0	13
G52146XU	3	2	1	0	0	0	6
G52153CS	4	3	0	1	0	1	9
G52160KJ	5	3	2	0	0	0	10
G52216BO	9	9	1	0	0	0	19
G52266YB	6	5	1	1	0	0	13
G52278ID	1	1	0	1	0	0	3
G52286UI	7	6	0	4	0	0	17
G52326GT	6	4	0	1	0	0	11
G52340XK	1	0	0	0	0	1	2
G52345FK	6	5	1	2	1	0	15
G52358FD	3	5	0	0	0	0	8
G52370OE	3	0	0	0	0	1	4
G52383QH	6	5	1	0	3	0	15
G52428MJ	5	4	1	0	0	0	10
G52441NC	5	4	1	0	2	0	12
G52460PC	1	2	0	1	0	0	4
G52461YB	7	2	0	0	0	0	9
G52497NM	1	1	0	1	0	0	3
G52518HE	6	2	0	0	0	0	8
G52547JZ	3	3	2	0	0	0	8
G52558CF	5	3	0	1	0	0	9
G52622SW	4	3	1	0	0	0	8
G52633YA	4	3	0	0	0	1	8
G52663AD	4	5	0	0	0	0	9
G52676LZ	4	5	1	1	0	1	12
G52677OK	5	3	0	0	0	1	9
G52719CT	4	2	0	0	0	0	6
G52724WY	7	4	0	0	0	0	11
G52770HR	6	4	0	0	0	0	10
G52773YO	6	5	1	2	1	0	15
G52805ZP	2	1	2	0	0	0	5
G52934AK	5	5	0	0	0	0	10
G52776UT	3	6	1	1	0	0	11
G52928OQ	5	3	0	1	0	0	9
G52886CK	6	5	2	0	0	1	14
G52904TE	7	5	0	0	0	0	12
G52915NJ	5	3	2	0	0	0	10
G52878KK	2	0	0	0	0	0	2
G52880ZN	5	4	3	0	0	0	12
G52882GL	7	1	0	0	0	1	9
G52839BU	2	3	3	0	0	1	9
G52793JJ	6	4	0	3	0	1	14
G53220ZS	3	3	0	2	0	0	8
G53031JB	7	6	0	0	0	0	13
G52971DE	5	4	0	2	0	0	11
G53158TJ	0	0	0	0	0	2	2
G53214SL	5	5	1	2	0	0	13
G53032HU	1	1	0	0	0	1	3
G52972TJ	4	4	2	0	0	0	10
G52961XA	2	2	0	0	0	0	4
G52956BX	4	3	2	0	0	0	9
G53190JD	3	4	1	0	0	0	8
G53168IY	4	3	0	0	0	0	7
G53093MO	8	5	4	0	0	0	17
G53096UD	6	5	1	0	0	0	12
G53259FL	11	10	0	0	0	0	21
G53002EK	4	3	0	2	0	0	9
G53098FA	6	6	2	0	0	0	14
G53000BS	2	2	0	0	0	1	5
G53396PX	6	5	0	3	0	0	14
G53272SL	6	5	0	0	0	0	11
G53276NK	5	4	0	2	0	0	11
G53433AN	0	0	0	0	0	2	2
G53266JM	1	1	0	0	0	0	2
G53296VI	1	1	1	1	0	0	4
G53498SO	3	1	0	0	0	0	4
G53404LB	3	2	1	1	0	1	8
G53504BR	7	6	1	4	0	0	18
G53450AF	5	4	0	0	0	0	9
G53460CX	4	6	0	0	0	0	10
G53485VW	7	6	0	1	0	0	14
G53582JE	4	4	1	0	0	0	9
G53476DF	4	4	0	0	0	0	8
G53472RQ	4	4	0	2	0	0	10
G53394BX	2	2	0	0	0	0	4
G53280MT	6	5	1	1	0	0	13
G53288JQ	7	6	1	0	0	0	14
G53800MQ	7	6	0	4	0	0	17
G53812EH	2	1	1	0	0	1	5
G53743TV	3	2	0	1	0	0	6
G53809CJ	5	4	2	1	0	0	12
G53725UB	6	2	0	0	0	0	8
G53812BX	6	5	0	2	0	0	13
G53854XZ	8	7	1	0	0	0	16
G53667CH	6	5	1	0	3	0	15
G53818ZZ	6	5	1	2	0	0	14
G53834TX	2	2	0	1	0	0	5
G53809EF	4	2	0	0	1	0	7
G53817FJ	6	5	1	0	0	0	12
G53752TA	5	4	1	1	0	0	11
G53604QR	7	6	0	3	0	0	16
G53858MF	4	4	0	0	0	1	9
G53750GJ	2	1	2	0	0	0	5
G53977IC	6	4	2	0	0	1	13
G53923UR	4	3	1	1	0	0	9
G53985AY	4	4	0	1	0	1	10
G53933HU	3	4	0	1	0	0	8
G53938ZR	11	10	2	0	0	0	23
G53944MR	5	4	2	2	0	0	13
G53933PW	2	2	0	0	0	1	5
G53860DH	6	4	0	0	0	0	10
G53993HS	7	5	1	4	0	1	18
G53965RU	4	5	1	2	0	0	12
G53956RO	3	3	0	0	0	1	7
G53962WT	5	3	0	1	0	0	9
G53878DC	1	2	1	0	0	1	5
G53931MC	3	3	1	0	0	1	8
G53989JC	5	4	0	1	0	1	11
G53957WR	1	1	0	2	0	0	4
G53899GT	6	2	0	0	0	0	8
G54394ER	2	2	2	0	0	1	7
G54273KX	7	6	1	0	0	0	14
G54300AX	6	5	0	3	0	0	14
G54018RP	5	6	0	2	0	2	15
G54334WY	2	3	1	0	0	0	6
G54140NM	5	5	1	0	0	0	11
G54380FJ	4	4	1	1	0	0	10
G54375EU	6	4	1	1	0	0	12
G54258NG	5	4	1	2	0	0	12
G54409JS	3	2	1	0	0	0	6
G54059XR	5	2	0	0	0	0	7
G54158IT	7	9	1	4	0	0	21
G54149OE	8	4	1	0	0	1	14
G54344GJ	2	0	0	1	0	2	5
G54151YB	5	4	2	0	0	0	11
G54073XZ	6	4	3	0	0	1	14
G54190AS	4	4	0	1	0	0	9
G54286RQ	7	4	1	0	0	0	12
G54555CN	1	1	1	1	0	1	5
G54611ZT	6	4	1	0	0	0	11
G54466RT	5	3	0	1	0	0	9
G54461SS	2	1	0	0	0	1	4
G54542VV	2	1	2	0	0	1	6
G54602MP	6	4	2	1	0	1	14
G54590JM	2	1	2	0	0	0	5
G54410JV	2	2	0	0	0	0	4
G54553CA	2	0	0	0	0	1	3
G54513OG	7	6	1	4	0	0	18
G54567NU	2	3	0	0	0	0	5
G54561II	2	3	1	0	0	0	6
G54434IR	2	3	1	2	0	1	9
G54511PJ	4	3	0	1	0	0	8
G54499PQ	4	4	0	0	0	1	9
G54628UA	3	1	0	1	0	1	6
G54411RI	4	6	0	0	0	0	10
G55041IW	4	4	0	1	0	1	10
G54764AV	4	5	1	0	0	0	10
G54884LT	3	6	0	0	0	0	9
G54682XF	6	5	0	3	0	0	14
G54702KT	5	5	1	0	0	0	11
G54741SP	1	0	0	1	0	2	4
G54953LX	7	6	1	0	0	0	14
G54826OZ	1	2	2	0	0	0	5
G54953IZ	0	1	0	1	0	1	3
G54696PD	6	5	0	1	0	0	12
G54765IU	4	2	0	0	0	0	6
G54652ZD	5	6	2	1	0	0	14
G54873FX	6	2	0	0	0	0	8
G54981BW	7	3	0	0	0	0	10
G54679PS	4	2	0	0	0	0	6
G54956ME	4	5	2	1	0	0	12
G55037II	3	2	0	0	0	1	6
G54651IF	0	2	0	0	0	2	4
G54802EG	1	0	1	0	0	1	3
G54904QW	6	5	1	1	0	0	13
G55153IW	4	2	0	0	1	0	7
G55104BW	2	3	0	0	0	0	5
G55051BJ	2	1	1	0	0	1	5
G55169DK	1	0	0	1	0	1	3
G55259BS	3	2	0	0	0	1	6
G55192VG	4	2	0	0	0	0	6
G55146FI	8	2	0	0	0	0	10
G55184IL	1	2	2	1	0	0	6
G55184GH	5	3	2	0	0	1	11
G55080WT	3	1	0	0	0	0	4
G55236DB	6	4	0	3	0	0	13
G55070AA	6	3	1	0	0	1	11
G55220VL	5	2	0	0	0	0	7
G55258MY	6	3	1	0	0	1	11
G55065WV	4	6	0	0	0	0	10
G55143WF	7	2	0	0	0	0	9
G55205JA	4	2	1	1	0	0	8
G55185WK	7	6	1	3	0	0	17
G55360MM	5	4	1	3	0	2	15
G55600PH	5	5	0	1	0	1	12
G55803NG	5	4	1	0	2	0	12
G55360NR	7	5	1	0	0	1	14
G55406JQ	11	2	0	0	0	0	13
G55480NU	2	2	1	0	0	1	6
G55521GY	4	6	1	0	0	0	11
G55601IV	2	1	2	0	0	1	6
G55561NA	0	1	0	0	0	2	3
G55314RK	7	6	5	0	0	0	18
G55373ZG	5	4	2	0	0	0	11
G55302WQ	3	5	0	0	0	1	9
G55507NB	4	2	2	0	0	0	8
G55818EE	5	4	1	2	0	0	12
G55481KF	4	3	1	1	0	0	9
G55396DW	5	5	2	0	0	0	12
G55786MG	8	2	0	0	0	0	10
G55781KV	8	7	0	0	0	0	15
G55318GC	6	5	1	3	0	0	15
G55459MJ	4	3	0	0	0	1	8
G55504WE	4	5	0	1	0	0	10
G55327VV	5	4	2	0	0	1	12
G55832RR	3	3	1	0	0	1	8
G55331YF	3	3	0	0	0	0	6
G55487DR	2	0	1	0	0	2	5
G55419VV	1	0	0	0	0	1	2
G55783TD	4	5	1	2	0	0	12
G55402MT	3	4	1	0	0	1	9
G55342MO	6	5	1	2	1	0	15
G55492KC	3	3	1	1	0	0	8
G56067ON	3	2	1	1	0	1	8
G56263MG	2	1	0	0	0	1	4
G56163DR	4	3	1	1	0	0	9
G55929FR	3	2	2	0	0	0	7
G56011JM	1	2	0	0	0	1	4
G55922CA	5	4	0	1	0	0	10
G56271TF	3	3	0	0	0	1	7
G56181LZ	3	1	0	0	0	0	4
G56271ML	5	5	2	0	0	0	12
G56175ED	3	4	0	0	0	0	7
G56069TX	4	5	1	1	0	0	11
G56202TA	9	2	0	0	0	0	11
G55953GF	4	4	1	0	0	0	9
G56265BA	5	4	0	3	0	0	12
G55986UN	3	3	1	0	0	1	8
G56095ZZ	5	4	0	3	0	0	12
G55879PV	5	4	1	0	0	0	10
G56038AR	6	2	0	0	0	0	8
G56076DZ	4	5	0	0	0	0	9
G56147VV	6	5	1	3	0	0	15
G56014GC	4	2	0	0	0	0	6
G55979JS	6	4	0	3	0	1	14
G55861FV	6	5	0	0	0	0	11
G55868RH	4	5	0	0	0	0	9
G56154DE	2	1	0	0	0	0	3
G56045WU	3	3	0	0	0	0	6
G56245IE	4	4	0	1	0	0	9
G56269EA	4	3	0	0	0	0	7
G55867TY	7	6	0	4	0	0	17
G55925YH	4	2	1	2	0	0	9
G56321MP	3	4	1	0	0	0	8
G56499YQ	6	6	1	3	0	0	16
G56372FJ	0	0	1	0	0	1	2
G56464AW	4	2	0	2	0	0	8
G56516KW	7	6	1	3	0	0	17
G56354PO	7	6	2	4	0	0	19
G56478LD	2	1	0	0	1	0	4
G56682BC	1	1	0	1	0	0	3
G56299XO	1	1	0	1	0	0	3
G56657VE	3	3	0	3	0	1	10
G56376TA	7	4	0	1	0	0	12
G56749GV	5	4	1	2	0	0	12
G56720TK	5	4	2	0	0	0	11
G56318NV	7	6	0	4	0	0	17
G56655CC	7	6	1	0	0	0	14
G56737NO	4	3	1	0	0	0	8
G56577TY	5	4	1	3	0	0	13
G56512IR	2	1	0	0	0	1	4
G56529CD	2	2	2	1	0	1	8
G56293JI	2	2	2	1	0	1	8
G56381GU	11	2	0	0	0	0	13
G56657CK	5	4	0	2	0	0	11
G56501FP	8	7	1	4	0	0	20
G56591LC	6	4	0	0	0	0	10
G56516VH	2	0	0	1	0	0	3
G56285KF	2	4	1	0	0	0	7
G56340GX	5	4	1	0	0	0	10
G56408DR	6	7	1	4	0	0	18
G56653RI	3	5	0	0	0	0	8
G57081YJ	6	5	1	0	0	0	12
G56852BX	5	6	1	0	0	0	12
G57075KG	9	8	0	0	0	0	17
G56830SM	5	5	0	2	0	0	12
G56873WT	3	1	0	0	0	0	4
G56977BH	3	4	0	0	0	0	7
G56861GL	5	3	0	2	0	0	10
G56960KY	5	2	0	0	0	0	7
G57068ZS	3	2	1	0	0	1	7
G57028QM	5	4	0	0	0	0	9
G56867YK	7	2	0	0	0	0	9
G57084IU	3	6	1	1	0	0	11
G56845GO	4	2	0	0	0	0	6
G56791SN	6	6	1	0	0	0	13
G56963QZ	7	6	0	4	0	0	17
G57051OG	5	4	0	0	0	0	9
G56838SE	1	1	0	0	0	1	3
G56891ZN	6	6	1	3	0	0	16
G56756FT	4	2	0	0	0	0	6
G56869RQ	5	6	0	0	0	0	11
G57092OJ	4	4	1	0	1	0	10
G56912OP	3	3	1	0	0	0	7
G56988MG	5	4	0	0	3	0	12
G57075OH	6	6	1	2	0	0	15
G56856OI	5	4	1	2	0	0	12
G56903ZB	3	4	1	0	0	0	8
G57007FO	2	1	1	2	0	1	7
G56809XB	5	4	2	0	0	0	11
G56961QY	1	1	0	0	0	2	4
G56809FB	7	5	1	4	0	1	18
G57130XG	1	1	1	1	0	2	6
G57311FK	3	2	0	0	0	0	5
G57338PU	9	7	1	0	0	1	18
G57284NN	1	1	1	0	0	0	3
G57208CK	5	4	0	0	0	0	9
G57484FV	6	2	0	0	0	0	8
G57598XN	1	2	0	0	0	2	5
G57522MT	7	2	0	0	0	0	9
G57166CI	8	7	0	0	0	0	15
G57413FT	5	4	0	1	0	0	10
G57565TQ	4	5	0	0	0	2	11
G57210SQ	4	2	0	1	0	0	7
G57459VK	6	4	0	3	0	0	13
G57158CS	6	4	1	3	0	1	15
G57430QU	2	3	1	0	0	0	6
G57278MI	5	1	0	0	0	0	6
G57292SX	9	2	0	0	0	0	11
G57267KB	7	2	0	0	0	0	9
G57437DS	3	5	1	0	0	0	9
G57449OF	3	2	0	0	0	1	6
G57153UY	4	4	1	0	0	0	9
G57592QM	2	3	2	0	0	1	8
G57184TT	2	1	0	0	0	1	4
G57321FI	0	1	0	0	0	0	1
G57345HS	5	4	1	0	0	0	10
G57262WV	4	3	0	1	0	0	8
G57595UE	9	2	0	0	0	0	11
G57411WE	11	10	1	0	0	0	22
G57220BY	7	5	0	4	0	1	17
G57580SM	5	3	0	0	0	1	9
G58025LK	6	5	1	2	0	0	14
G57920AK	3	1	1	0	0	0	5
G58029XR	6	6	1	3	0	0	16
G57937LQ	6	5	2	0	0	0	13
G57981PR	3	0	0	0	0	0	3
G58066AL	1	2	0	0	0	0	3
G57999XS	6	5	0	2	0	0	13
G57710SU	3	1	0	0	0	0	4
G58004KD	8	7	1	2	0	0	18
G57789QC	7	6	1	2	0	0	16
G57774MT	7	6	0	4	0	0	17
G57675TR	5	4	3	0	0	0	12
G57835AK	7	10	1	4	0	0	22
G57736LX	0	2	1	0	0	0	3
G58039UH	8	7	1	3	1	0	20
G57997IN	6	4	1	0	1	0	12
G57955DP	6	5	1	3	0	0	15
G57930PW	12	2	0	0	0	0	14
G57707WO	5	3	0	0	0	0	8
G57777LQ	1	2	1	0	0	1	5
G57887YH	4	2	0	0	0	0	6
G57970NA	6	5	0	2	0	0	13
G57863LA	6	4	0	1	0	0	11
G57705QQ	3	5	0	0	0	0	8
G58047AI	4	3	0	2	0	0	9
G58111YY	6	5	0	3	0	0	14
G57762GE	6	5	2	0	0	0	13
G57779BA	7	6	1	0	0	0	14
G57881VN	6	5	0	0	0	0	11
G57696GW	5	4	1	0	0	0	10
G58236FD	5	4	0	1	0	0	10
G58198HJ	7	6	0	2	0	0	15
G58350LJ	6	4	0	0	0	1	11
G58232MG	6	5	1	2	0	0	14
G58268WC	3	6	2	1	0	0	12
G58403SV	5	6	0	0	0	0	11
G58590MR	2	3	0	0	0	0	5
G58281SK	3	6	0	0	0	0	9
G58571IP	6	5	1	2	0	0	14
G58481XO	4	5	1	1	0	0	11
G58387VB	4	1	0	0	0	0	5
G58239DH	2	1	0	1	0	1	5
G58436AI	1	0	0	1	0	0	2
G58276QF	3	3	1	0	0	0	7
G58507AZ	1	2	1	0	0	0	4
G58429RC	3	1	0	0	0	0	4
G58381OV	11	2	0	0	0	0	13
G58615XI	5	3	4	0	0	1	13
G58517TJ	5	5	1	0	0	0	11
G58214IQ	5	2	0	0	0	0	7
G58217PP	6	5	1	3	0	0	15
G58561KE	5	5	1	1	0	0	12
G58444TO	6	5	1	1	0	0	13
G58473KL	5	4	0	3	0	0	12
G58233BW	10	9	0	0	0	0	19
G58370UT	5	4	0	1	0	0	10
G58576QI	4	1	0	0	0	0	5
G58634AX	7	5	0	2	0	0	14
G58547FH	7	6	0	0	0	0	13
G58216EF	6	5	0	2	0	0	13
G58992VJ	4	3	1	0	0	0	8
G59024DC	5	4	1	0	0	1	11
G58921NR	0	1	1	0	0	1	3
G58808TX	5	6	1	3	0	0	15
G58793GF	2	2	0	1	0	0	5
G58896AZ	3	1	0	0	0	0	4
G59022FC	2	0	0	0	0	0	2
G59003TR	6	5	1	1	0	0	13
G58667NI	4	4	1	0	0	0	9
G58824LL	5	2	0	0	0	0	7
G58848QS	6	5	1	2	0	0	14
G58768FH	5	6	1	3	0	0	15
G58645HA	1	0	0	0	0	1	2
G59001FP	2	1	0	1	0	0	4
G58759ZL	1	2	0	0	0	0	3
G58918TF	7	5	1	4	0	1	18
G59041MP	6	5	1	3	0	0	15
G58890ZT	2	2	1	0	0	1	6
G58827HR	5	4	4	0	0	0	13
G58809AD	4	2	1	1	0	1	9
G59029DL	4	2	0	0	0	0	6
G58846EV	2	2	0	1	0	0	5
G58995TS	6	1	0	0	0	1	8
G58807XI	3	3	1	0	0	3	10
G58746AB	5	2	0	0	0	0	7
G58969RU	4	3	1	0	0	0	8
G58824SI	1	1	2	0	0	0	4
G58750CR	3	3	0	0	0	0	6
G58990QD	4	2	2	0	0	0	8
G58897VR	6	6	0	0	0	0	12
G59456VR	5	6	1	0	0	0	12
G59358BQ	4	3	1	0	0	0	8
G59311AO	6	2	0	0	0	0	8
G59471TH	3	5	0	0	0	0	8
G59454IE	4	2	1	1	0	1	9
G59406KS	5	2	0	0	0	0	7
G59185WM	5	3	0	0	0	0	8
G59149SL	3	6	1	1	0	0	11
G59256VO	6	4	1	0	0	0	11
G59231NT	4	4	0	0	0	0	8
G59361OW	3	7	1	0	0	0	11
G59345UT	6	5	1	2	0	0	14
G59451NL	3	4	1	0	0	0	8
G59168YE	1	1	0	1	0	0	3
G59458AW	8	5	1	0	0	0	14
G59159PE	5	4	1	3	0	0	13
G59471JC	8	7	1	0	0	0	16
G59234CC	4	4	1	1	0	0	10
G59300GC	7	6	1	0	0	0	14
G59092IU	12	1	0	0	0	0	13
G59508TM	2	1	0	0	0	1	4
G59405LU	5	4	0	2	0	0	11
G59141EN	6	4	0	1	0	0	11
G59306VK	1	2	0	2	0	1	6
G59128IS	6	6	1	3	0	0	16
G59255VT	5	4	3	1	0	0	13
G59297UK	5	4	2	2	0	0	13
G59419HU	3	1	1	2	0	0	7
G59081JJ	6	6	3	0	0	0	15
G59371ND	2	4	0	0	0	0	6
G59746QC	6	5	0	3	0	0	14
G59616TT	5	4	0	2	0	0	11
G59532XE	7	2	0	0	0	0	9
G59742ZT	5	4	3	0	0	0	12
G59716UA	6	2	0	0	0	0	8
G59909MT	2	1	2	0	0	0	5
G59741XZ	3	4	0	0	0	0	7
G59513YA	8	2	0	0	0	0	10
G59810YR	4	4	3	0	0	0	11
G59804RR	5	4	0	0	0	0	9
G59742GY	9	8	1	4	0	0	22
G59910CM	6	3	2	0	0	1	12
G59579TL	7	6	1	4	0	0	18
G59872UP	3	3	1	0	0	0	7
G59634NL	7	5	0	4	0	0	16
G59823TM	0	3	0	0	0	4	7
G59897WN	6	5	1	0	0	0	12
G59576IJ	4	3	1	1	0	0	9
G59874JZ	6	4	1	3	0	1	15
G59869XG	3	4	1	0	0	0	8
G59594LT	1	1	0	0	0	0	2
G59659CN	2	3	1	1	0	0	7
G59752BW	6	7	1	4	0	0	18
G59761EF	6	5	0	3	0	0	14
G59655FF	5	4	1	0	0	0	10
G59946TO	1	1	1	0	0	1	4
G59594CP	6	4	0	2	0	1	13
G59636XZ	6	4	1	3	0	1	15
G59655SA	5	4	1	2	0	0	12
G59967VI	2	1	0	1	0	1	5
G60284TY	6	4	1	0	0	0	11
G60149QJ	3	4	0	0	0	0	7
G60281PM	3	2	0	1	0	0	6
G60370CP	6	1	0	0	0	1	8
G60230OQ	6	4	0	4	0	1	15
G60419KX	6	5	0	3	0	0	14
G60274JN	7	6	1	0	0	0	14
G60216WR	3	1	0	0	0	1	5
G60215UL	5	5	2	0	0	0	12
G60012HO	5	4	1	2	0	0	12
G60233WN	1	1	0	0	0	0	2
G60330MA	6	5	1	3	0	0	15
G59970QL	2	2	0	1	0	0	5
G59983FU	7	6	1	3	0	0	17
G60415BS	4	2	0	0	0	0	6
G60103QI	7	4	1	0	0	0	12
G60341PX	3	3	2	0	0	0	8
G59999BN	2	2	2	0	0	0	6
G60109PL	5	4	1	0	0	0	10
G60234BX	3	2	1	1	0	1	8
G60230HH	9	2	0	0	0	0	11
G60365DR	0	1	1	0	0	1	3
G60138JZ	1	0	1	1	0	1	4
G59995RD	5	3	2	1	0	0	11
G60187HZ	3	2	0	1	0	0	6
G60320IS	5	5	1	2	0	0	13
G60227QI	5	8	1	2	0	2	18
G60413OP	7	6	1	0	0	0	14
G59984BF	3	6	2	0	0	0	11
G60692DB	4	3	0	0	0	0	7
G60439QY	7	6	0	4	0	0	17
G60881ZO	1	1	0	0	0	1	3
G60799ZL	4	4	0	0	0	0	8
G60532CM	5	6	1	3	0	0	15
G60482OT	1	1	0	0	0	1	3
G60949GI	2	3	0	1	0	0	6
G60615ZD	4	4	3	1	0	0	12
G60534NQ	5	5	0	0	0	0	10
G60538YY	1	0	0	1	0	3	5
G60926SE	4	2	0	1	0	1	8
G60890ZT	2	2	0	2	0	0	6
G60645OK	4	1	0	0	0	0	5
G60951JA	6	5	2	0	0	0	13
G60646UB	8	2	0	0	0	0	10
G60814ZB	7	6	1	4	0	0	18
G60430KO	2	2	0	1	0	0	5
G60736DD	5	4	0	2	0	0	11
G60829NM	6	5	0	2	0	0	13
G60833BB	3	5	1	1	0	0	10
G60496YL	5	4	1	1	0	0	11
G60604SE	7	4	0	0	0	0	11
G60705KN	5	5	2	1	0	0	13
G60468EV	5	5	1	0	0	0	11
G60485RX	4	4	2	0	0	1	11
G60542VK	7	6	0	2	0	0	15
G60653VD	3	6	1	0	0	0	10
G60496TU	7	6	4	0	0	0	17
G60875XB	6	2	0	0	0	1	9
G61351MP	6	3	0	0	0	0	9
G61456PF	12	2	0	0	0	0	14
G61088TM	5	6	1	0	0	0	12
G61330YQ	4	4	0	0	0	0	8
G61406KC	0	0	0	0	0	1	1
G61339UO	3	3	2	0	0	1	9
G61128UV	7	5	0	0	0	0	12
G61086WG	6	5	1	0	0	0	12
G61420QM	2	0	0	0	0	1	3
G61334IA	4	3	1	0	0	0	8
G61459JW	1	1	1	0	0	0	3
G61399JM	5	3	0	2	0	0	10
G60956VN	3	5	1	0	0	0	9
G61222QQ	5	3	0	2	0	0	10
G60963AS	4	9	1	0	0	0	14
G61071JD	0	0	0	0	0	2	2
G61399NC	2	0	1	0	0	0	3
G61170KL	3	4	1	0	0	1	9
G61411XJ	2	1	1	0	0	1	5
G61245NC	0	0	0	1	0	4	5
G61283FH	3	4	0	0	0	0	7
G60955ML	2	4	1	2	0	0	9
G61153TX	6	5	1	0	0	0	12
G61055FR	3	0	0	0	0	0	3
G61386ZX	3	1	0	0	1	0	5
G61169KO	7	5	1	0	0	0	13
G61457CY	6	4	1	0	1	0	12
G61207RZ	3	5	1	0	0	0	9
G61367OF	3	4	0	2	0	1	10
G61702UX	10	2	0	0	0	0	12
G61751GZ	3	3	0	0	0	0	6
G61878VZ	7	5	1	4	0	1	18
G61519GA	4	5	2	0	0	0	11
G61523RC	6	3	3	0	0	1	13
G61792ET	5	5	1	0	0	0	11
G61838OT	7	6	1	3	0	0	17
G61833XV	0	2	0	0	0	1	3
G61819UR	4	4	1	0	0	0	9
G61726TP	4	5	0	1	0	0	10
G61842MB	9	7	0	0	0	0	16
G61505ZR	6	5	1	0	0	0	12
G61575RT	6	5	1	2	0	0	14
G61539GW	5	4	2	0	0	1	12
G61730RY	1	2	0	0	0	0	3
G61785RY	3	2	2	1	0	0	8
G61706MD	5	4	0	0	0	0	9
G61846BY	6	2	0	0	0	0	8
G61831UB	5	4	0	2	0	0	11
G61530NU	0	4	0	0	0	4	8
G61601ZZ	8	2	0	0	0	0	10
G61818QD	3	1	1	0	0	1	6
G61715VD	3	2	0	0	0	1	6
G61780GR	2	0	1	1	0	2	6
G61884GF	3	3	1	0	0	0	7
G61664CH	3	1	0	0	0	0	4
G61717JN	4	3	1	0	0	0	8
G61705AR	8	7	0	0	0	0	15
G61752HI	4	2	2	1	0	0	9
G61866NY	5	4	2	1	0	0	12
G62488UG	6	5	1	3	0	0	15
G62204FH	3	0	0	0	0	0	3
G62103QF	2	1	0	0	0	1	4
G62408IZ	6	5	1	3	0	0	15
G61937QU	4	4	1	0	0	0	9
G62145FH	10	9	1	4	0	0	24
G61886WA	1	1	0	2	0	0	4
G62117RR	0	1	0	0	0	1	2
G62088FQ	4	5	1	0	0	0	10
G62217NB	2	1	0	1	0	1	5
G61903HE	6	4	0	2	0	0	12
G62165AG	7	6	0	0	0	0	13
G62097SF	3	1	0	0	0	0	4
G62380XZ	3	3	2	0	0	0	8
G61956VN	5	5	3	0	0	0	13
G62165LJ	2	3	2	0	0	1	8
G62504BU	5	5	0	0	0	0	10
G62364JZ	4	4	2	0	0	0	10
G62112AO	4	3	0	1	0	0	8
G62387ZO	5	4	0	2	0	0	11
G62196IB	7	6	1	4	0	0	18
G61941WO	6	5	0	3	0	0	14
G61894MD	9	2	0	0	0	0	11
G62469XB	3	3	0	0	0	0	6
G62446JD	4	3	0	1	0	1	9
G62464EH	6	5	0	3	0	0	14
G62015ZM	2	2	1	0	0	0	5
G62091GQ	3	5	1	1	0	0	10
G62167DK	3	1	0	0	0	1	5
G62070TZ	3	3	1	0	0	0	7
G62421QL	8	3	0	0	0	0	11
G62732AB	2	2	0	0	0	0	4
G62592GA	6	2	0	0	0	0	8
G62741IO	3	3	2	0	0	0	8
G62801YJ	3	1	0	1	0	0	5
G62824TL	4	3	1	0	0	0	8
G62527ZD	6	5	7	0	0	0	18
G62639CP	6	4	0	3	0	0	13
G62519IY	4	5	2	0	0	0	11
G62746IY	7	6	0	4	0	0	17
G62768NK	10	2	0	0	0	0	12
G62574BY	3	3	2	0	0	0	8
G62554JH	2	2	0	0	0	0	4
G62517DC	5	5	0	0	0	0	10
G62797OV	5	4	1	1	0	0	11
G62781GE	5	5	0	2	0	0	12
G62836JK	8	7	2	4	0	0	21
G62765SF	6	5	1	2	0	0	14
G62553AU	6	4	1	3	0	1	15
G62619LG	9	8	1	3	0	0	21
G62571UK	4	2	1	0	0	0	7
G62808KR	5	4	0	0	0	0	9
G62515QP	2	2	1	0	0	1	6
G62763GO	2	0	0	0	0	0	2
G62826CL	3	4	1	0	0	1	9
G62577TV	3	3	3	1	0	0	10
G62870ZM	5	5	2	0	0	0	12
G62870HD	5	4	2	1	0	1	13
G62779OI	5	4	1	0	0	0	10
G62837IG	5	6	2	0	0	0	13
G63065KG	5	8	1	0	0	0	14
G63238VS	4	1	1	0	0	0	6
G63170HT	5	4	0	0	0	0	9
G63240YA	4	4	0	2	0	1	11
G62960MX	6	4	2	0	0	1	13
G63083GQ	6	0	0	0	0	0	6
G63038KS	2	1	0	0	0	0	3
G63166WT	5	4	1	0	2	0	12
G62973JK	6	5	2	0	0	0	13
G62922WK	3	4	0	0	0	0	7
G63078AB	7	5	0	4	0	1	17
G63001DW	3	2	3	0	0	1	9
G63110FE	1	1	0	2	0	0	4
G63160NR	5	3	0	2	0	0	10
G63125IE	6	4	1	3	0	1	15
G63179CS	3	3	0	0	0	0	6
G63150NE	0	0	0	0	0	4	4
G63208BT	6	5	1	0	0	0	12
G63035DM	8	2	0	0	0	0	10
G63069TR	1	0	0	1	0	0	2
G63242HY	4	4	0	0	0	0	8
G63282TI	3	1	0	1	0	0	5
G63188OY	5	5	0	0	0	0	10
G63024BG	6	2	0	0	0	0	8
G63046OH	7	7	2	0	0	0	16
G62922ZN	7	0	0	0	0	1	8
G63065ZE	6	5	0	4	0	0	15
G62968IF	7	6	1	0	0	0	14
G62979KP	7	1	0	0	0	0	8
G63100CN	6	5	0	3	0	0	14
G63617UP	6	5	0	0	0	0	11
G63337SS	7	2	0	0	0	0	9
G63480NF	4	5	0	0	0	0	9
G63521CI	3	1	1	2	0	0	7
G63665MU	6	5	0	3	0	0	14
G63607QJ	3	2	3	0	0	1	9
G63389BN	4	2	0	0	0	1	7
G63714PL	4	7	1	0	0	0	12
G63565MO	5	4	1	1	0	0	11
G63474NY	2	1	2	0	0	1	6
G63505TP	3	1	0	0	0	1	5
G63411NB	3	3	0	0	0	0	6
G63469RX	7	6	1	0	0	0	14
G63338KU	4	2	1	0	0	0	7
G63721FF	2	1	0	2	0	0	5
G63640QH	4	4	0	0	0	0	8
G63496FG	4	2	3	0	0	0	9
G63389VQ	5	3	0	2	0	0	10
G63585HN	3	7	1	0	0	0	11
G63717SU	1	2	0	1	0	0	4
G63413QV	6	5	0	2	0	0	13
G63622FJ	3	3	2	0	0	0	8
G63473GZ	2	0	0	0	0	1	3
G63679SF	6	5	0	3	0	0	14
G63333DU	6	5	1	3	0	0	15
G63547QM	6	5	1	3	0	0	15
G63614KK	3	1	3	0	0	0	7
G63664GB	5	5	0	0	0	0	10
G63427CD	1	2	0	0	0	2	5
G64334QQ	7	2	0	0	0	0	9
G64048GU	6	5	1	2	0	0	14
G64098MP	6	5	1	0	0	0	12
G64132UH	5	4	1	2	0	0	12
G64183CB	3	2	0	1	0	0	6
G64330NA	6	3	0	1	0	0	10
G63814RL	4	5	0	1	0	0	10
G63748AU	2	0	0	1	0	4	7
G64315DN	3	1	0	0	0	0	4
G64282SO	6	5	1	0	0	0	12
G64144LP	6	3	1	1	0	0	11
G64176BH	4	2	1	0	0	0	7
G64085NR	7	5	1	0	0	1	14
G63754TT	3	2	0	2	0	1	8
G64289QQ	5	3	2	0	0	0	10
G64311TT	3	2	2	0	0	0	7
G63889NK	7	6	1	0	0	0	14
G64259ZR	6	4	0	3	0	0	13
G63992GH	4	2	1	0	0	0	7
G63838JW	6	4	0	0	0	0	10
G63821SF	6	4	1	0	1	0	12
G63919RG	6	5	0	3	0	0	14
G63738TV	2	2	1	0	0	0	5
G64098LT	5	3	0	0	0	0	8
G63981YU	5	3	1	0	0	0	9
G64175SO	7	5	1	0	0	1	14
G64161CC	5	4	1	0	1	0	11
G63820GM	3	3	1	0	0	0	7
G64165TJ	3	3	2	0	0	0	8
G63813EJ	1	1	0	0	0	2	4
G63949RX	7	5	0	3	0	0	15
G64384IL	6	5	0	3	0	0	14
G64803AP	3	6	1	0	0	0	10
G64652AR	1	0	0	1	0	0	2
G64706DG	3	6	1	1	0	0	11
G64604UL	2	2	0	0	0	0	4
G64566OC	2	2	0	2	0	2	8
G64803HZ	4	2	0	0	0	0	6
G64713KE	6	3	0	0	0	0	9
G64615DY	3	1	0	0	0	1	5
G64538ZR	4	6	0	0	0	0	10
G64581RP	0	1	0	0	0	0	1
G64618XR	7	6	0	0	0	0	13
G64485VT	4	4	0	0	0	0	8
G64389UN	6	4	0	3	0	1	14
G64662SH	6	5	1	1	0	0	13
G64687ON	8	7	0	0	0	0	15
G64666BO	10	9	1	0	0	0	20
G64633BH	5	4	0	0	0	0	9
G64418SR	3	4	2	0	0	0	9
G64693IG	6	5	0	1	0	0	12
G64468KS	4	3	2	0	0	0	9
G64651FB	4	2	0	1	0	0	7
G64501OO	5	4	1	2	0	0	12
G64411TU	11	2	0	0	0	0	13
G64661YG	4	4	1	0	0	1	10
G64460FJ	2	1	0	0	0	3	6
G64799PD	2	2	1	0	0	1	6
G64481DJ	3	3	0	0	0	0	6
G64669AQ	3	4	1	0	0	0	8
G65009JH	6	4	1	3	0	1	15
G65070VQ	2	0	0	0	0	0	2
G65239SF	4	7	0	0	0	0	11
G64823DM	4	6	2	0	0	0	12
G64856PW	3	2	0	0	0	1	6
G65030HB	10	2	0	0	0	0	12
G65243FP	9	8	1	3	0	0	21
G65135MY	1	1	0	0	0	2	4
G64885AH	4	2	1	0	0	0	7
G64979EW	3	2	0	0	0	1	6
G65186XA	6	5	1	0	0	0	12
G64827NU	7	5	0	0	0	0	12
G65191ST	1	1	0	2	0	0	4
G64826XB	2	3	1	0	0	0	6
G64894MA	9	8	1	4	0	0	22
G65226QM	6	5	1	3	0	0	15
G65070LF	1	0	1	0	0	1	3
G65236OQ	0	0	0	0	0	1	1
G64861UO	7	0	0	0	0	1	8
G65162CH	1	0	0	0	0	1	2
G64828QT	9	6	5	0	0	0	20
G64973KT	2	2	0	0	0	0	4
G64968QT	4	2	1	0	0	0	7
G64860JV	6	4	0	0	0	0	10
G65117HG	3	3	1	0	0	3	10
G64852XI	3	2	0	0	0	1	6
G65219TP	5	5	1	2	0	0	13
G64919UI	3	3	0	1	0	0	7
G65087VI	5	4	0	2	0	0	11
G64857LW	7	6	1	4	0	0	18
G65223RT	4	2	1	0	0	0	7
G65484DP	3	2	0	1	0	0	6
G65307GS	8	7	1	2	0	0	18
G65285QO	1	0	0	1	0	1	3
G65518IK	7	2	0	0	0	0	9
G65597BI	5	4	1	0	0	0	10
G65686FS	3	2	3	0	0	1	9
G65318OO	6	4	1	3	0	1	15
G65351EL	1	1	0	0	0	2	4
G65697SK	4	5	0	1	0	0	10
G65703ID	3	3	1	0	0	1	8
G65464PI	4	5	1	1	0	0	11
G65542KP	8	0	0	0	0	0	8
G65299LG	7	5	1	0	0	1	14
G65667PE	1	0	0	1	0	2	4
G65365UP	4	7	1	0	0	0	12
G65370RS	6	2	0	0	0	0	8
G65475CX	0	1	2	0	0	0	3
G65668CK	4	4	0	0	0	0	8
G65447BW	0	0	0	1	0	2	3
G65419YA	6	6	1	3	0	0	16
G65449BO	5	5	0	2	0	1	13
G65515HD	4	4	0	1	0	0	9
G65508FE	7	6	0	0	0	0	13
G65550TC	4	5	2	0	0	0	11
G65617KZ	5	4	2	2	0	0	13
G65356DX	4	4	2	0	0	0	10
G65414VM	1	0	1	0	0	1	3
G65294YU	5	4	2	0	0	0	11
G65340BF	6	5	0	3	0	0	14
G65562ZE	1	1	0	1	0	0	3
G66021ZE	1	1	0	0	0	1	3
G65850ES	7	6	0	0	0	0	13
G66163TI	1	2	1	0	0	0	4
G65704VY	1	1	0	0	0	2	4
G66106WQ	8	7	2	4	0	0	21
G65761WK	5	4	1	1	0	0	11
G65945PP	5	4	2	0	0	0	11
G65867II	6	5	0	3	0	0	14
G65996GC	1	2	0	0	0	0	3
G65760UO	6	5	3	1	0	0	15
G65825CX	3	4	1	0	0	0	8
G66162WI	1	2	1	2	0	0	6
G65909WP	2	1	1	0	0	1	5
G65832JS	7	6	1	0	0	0	14
G65840VR	11	6	1	0	0	0	18
G65890UA	6	3	0	1	0	0	10
G65982DP	5	3	0	2	0	0	10
G66129DI	7	3	1	0	0	0	11
G65896IX	4	5	1	1	0	0	11
G65893EZ	5	3	1	0	0	0	9
G65835SY	5	4	0	1	0	0	10
G65796FM	3	9	1	0	0	0	13
G66153IB	4	4	1	1	0	1	11
G66111ZR	5	4	0	1	0	0	10
G65937EW	4	3	1	0	0	0	8
G66116BW	5	3	0	1	0	0	9
G65984FE	3	4	1	0	0	0	8
G65790DQ	1	0	0	1	0	1	3
G66122ZT	5	5	2	0	0	0	12
G65799WV	5	5	0	1	0	0	11
G65921QW	4	4	1	1	0	0	10
G66658UG	1	1	0	1	0	0	3
G66348MF	3	5	0	0	0	0	8
G66590TO	3	2	1	0	0	1	7
G66653BX	6	5	1	0	0	0	12
G66512FS	2	2	2	1	0	0	7
G66622AX	7	5	0	0	0	0	12
G66257KQ	9	1	0	0	0	1	11
G66427ZQ	4	2	1	0	0	0	7
G66375VY	8	7	1	3	0	0	19
G66655HQ	3	7	1	0	0	0	11
G66629ZO	7	6	1	4	0	0	18
G66286WQ	6	5	1	0	0	0	12
G66488GE	8	2	0	0	0	0	10
G66602EI	5	5	0	1	0	0	11
G66362JB	9	4	1	0	0	0	14
G66282NU	6	5	0	2	0	0	13
G66474IG	3	8	0	0	0	0	11
G66211LT	9	2	0	0	0	0	11
G66213AR	1	1	0	0	0	0	2
G66504LK	5	5	1	0	0	0	11
G66360FX	3	3	2	0	0	0	8
G66513RC	6	4	1	2	0	0	13
G66661ZY	7	6	1	4	0	0	18
G66544RE	6	2	1	0	0	1	10
G66205CG	3	4	1	1	0	1	10
G66377OH	5	4	0	1	0	0	10
G66184ZO	2	3	3	0	0	0	8
G66489LJ	2	2	0	2	0	0	6
G66576RC	2	0	0	2	0	2	6
G66875SM	3	1	0	0	0	1	5
G66804IZ	4	2	0	0	0	0	6
G66964CR	6	4	0	3	0	1	14
G66932MV	6	5	0	4	0	0	15
G66723QO	3	2	0	0	0	0	5
G67079AO	6	5	0	4	0	0	15
G66665YI	6	5	0	3	0	0	14
G66992XO	8	7	2	0	0	0	17
G66874PY	5	5	0	0	0	0	10
G66967KV	3	2	0	0	0	1	6
G66825OG	5	4	1	1	0	0	11
G66868ST	9	8	1	0	0	0	18
G67045LB	3	5	0	0	0	0	8
G66866LE	4	5	0	1	0	0	10
G66675LM	4	3	0	0	0	0	7
G66674JW	6	4	0	3	0	1	14
G67059BJ	0	1	1	0	0	1	3
G66741YQ	5	4	0	0	0	0	9
G66846ML	7	5	0	4	0	1	17
G66995VS	4	3	1	1	0	0	9
G66669IY	3	4	0	1	0	0	8
G67066JI	4	5	0	0	0	0	9
G66847YI	10	10	1	0	0	0	21
G66728LX	10	2	0	0	0	0	12
G66867PA	2	3	0	0	0	1	6
G66751BK	4	5	1	1	0	0	11
G66937TJ	4	4	0	0	0	0	8
G67083FT	2	2	2	0	0	0	6
G66998OZ	5	5	1	2	0	0	13
G67610IY	3	6	0	0	0	0	9
G67342MA	7	4	1	0	0	0	12
G67362UI	7	6	1	4	0	0	18
G67196QU	9	8	1	1	0	0	19
G67189MD	1	0	1	0	0	0	2
G67223RN	4	4	1	1	0	0	10
G67536FA	6	5	1	3	0	0	15
G67411ST	3	4	1	0	0	1	9
G67608DN	6	5	2	0	0	0	13
G67642SS	6	5	0	2	0	0	13
G67272YR	1	1	0	0	0	0	2
G67628PC	6	3	1	1	0	0	11
G67574IL	5	3	0	0	0	0	8
G67091KC	6	4	2	1	0	1	14
G67220DU	3	3	2	0	0	0	8
G67410LQ	8	7	0	1	0	0	16
G67357EP	3	1	2	0	0	0	6
G67505LV	8	6	1	0	0	1	16
G67549HD	4	5	0	2	0	0	11
G67286CI	3	3	2	0	0	0	8
G67393WG	5	4	1	2	0	0	12
G67656PN	6	5	0	1	0	0	12
G67191UH	7	3	0	0	0	0	10
G67323SW	7	6	1	2	0	0	16
G67612NO	15	14	5	2	0	0	36
G67447FX	2	1	0	1	0	0	4
G67173FM	4	7	0	1	0	3	15
G67534LV	4	9	1	0	0	0	14
G67328UY	7	5	0	0	0	0	12
G67623NK	6	4	0	3	0	1	14
G68014YX	2	1	0	0	0	0	3
G68043NM	4	5	1	0	0	0	10
G68110IF	3	1	0	3	0	0	7
G68194UU	4	5	1	0	0	0	10
G67715OS	3	3	0	0	0	1	7
G67971GL	11	2	0	0	0	0	13
G67942CH	4	5	1	1	0	0	11
G68146EG	7	5	0	3	0	0	15
G67740CH	2	2	2	0	0	0	6
G67924FL	6	3	0	0	0	0	9
G68059HB	4	4	0	1	0	1	10
G67734FT	5	3	2	0	0	1	11
G67978NC	7	5	0	4	0	1	17
G68095WW	2	1	0	1	0	0	4
G67767BR	6	5	1	0	0	0	12
G68203DZ	9	8	1	4	0	0	22
G67785RW	3	1	0	1	0	0	5
G67828VR	1	2	0	0	0	0	3
G67920QO	1	1	0	2	0	2	6
G68113KQ	3	0	0	0	0	0	3
G67883AD	2	1	1	1	0	1	6
G68175NA	5	4	1	1	0	0	11
G67665XP	0	0	0	0	0	3	3
G67880QU	2	1	0	0	0	3	6
G68158BT	1	0	0	0	0	0	1
G67988RO	2	0	0	0	0	0	2
G67898UK	6	5	1	3	0	0	15
G67838AF	2	0	0	0	0	2	4
G68189FR	6	5	1	1	0	0	13
G67915MO	4	5	0	0	0	0	9
G68321OY	7	5	0	2	0	0	14
G68318SH	5	4	0	1	0	0	10
G68395LV	3	3	0	0	0	0	6
G68283NG	6	5	2	0	0	0	13
G68253RD	1	3	2	0	0	0	6
G68354TY	6	4	1	0	0	0	11
G68294HN	0	0	0	0	0	2	2
G68209WQ	7	6	1	1	0	0	15
G68415EV	3	1	0	1	1	0	6
