GlyTouCanAccession	PubChem
G00027MO	CID91859643
G00027MO	SID252293273
G00031MO	CID5288347
G00031MO	SID252294787
G00033MO	CID52921656
G00033MO	SID252289141
G00035MO	CID25061208
G00035MO	SID252285840
G00037MO	CID25229562
G00037MO	SID252279040
G00039MO	CID91853465
G00039MO	SID252285892
G00041MO	CID56611864
G00041MO	SID252296995
G00047MO	CID22806751
G00047MO	SID252282939
G00048MO	CID45480569
G00048MO	SID252279306
G00049MO	CID5279514
G00049MO	SID252287332
G00050MO	CID70678645
G00050MO	SID252285322
G00051MO	CID44611539
G00051MO	SID252296557
G00052MO	CID45266908
G00052MO	SID252284113
G00053MO	CID53356732
G00053MO	SID252276065
G00054MO	CID44456859
G00054MO	SID252277227
G00055MO	CID439271
G00055MO	SID252296420
G00056MO	CID10177989
G00056MO	SID252278809
G00057MO	CID44611452
G00057MO	SID252289075
G00058MO	CID25062237
G00058MO	SID252286874
G00059MO	CID5279515
G00059MO	SID252284581
G00061MO	CID5288889
G00061MO	SID252296009
G00065MO	CID44611401
G00065MO	SID252297063
G00066MO	CID49852448
G00066MO	SID252277739
G00068MO	CID5288275
G00068MO	SID252284680
G00076PK	CID9915394
G00076PK	SID252294294
G00091RT	CID5288738
G00091RT	SID252282782
G00123JF	CID11521105
G00123JF	SID252289905
G00407UJ	CID90475902
G00407UJ	SID252284066
G00619DD	CID5288745
G00619DD	SID252287034
G00672PE	CID70698387
G00672PE	SID252285736
G00891MP	CID5288768
G00891MP	SID252284954
G01132FQ	CID53477669
G01132FQ	SID252289513
G01187XC	CID11813424
G01187XC	SID252292047
G01245TU	CID70788974
G01245TU	SID252287577
G01534TU	CID440405
G01534TU	SID252286380
G01545QB	CID86289667
G01545QB	SID252285857
G01550VL	CID644160
G01550VL	SID252288535
G01614ZM	CID70698317
G01614ZM	SID252283042
G01650PH	CID50909802
G01650PH	SID252278640
G01759NM	CID70678948
G01759NM	SID252283181
G01866TT	CID9898371
G01866TT	SID252290464
G01935FK	CID70679046
G01935FK	SID252290140
G02240AO	CID52921591
G02240AO	SID252276715
G02425YO	CID70679009
G02425YO	SID252284357
G02594WS	CID51351681
G02594WS	SID252297043
G02657AK	CID45266844
G02657AK	SID252280026
G02710ET	CID53239705
G02710ET	SID252282950
G02729OV	CID56955905
G02729OV	SID252287447
G02747VH	CID57339202
G02747VH	SID252280809
G02998EX	CID10973189
G02998EX	SID252289728
G03006JP	CID45266782
G03006JP	SID252286446
G03044ED	CID70698370
G03044ED	SID252288483
G03067VG	CID91847190
G03067VG	SID252278423
G03144EF	CID6027
G03144EF	SID252286174
G03277YI	CID91850212
G03277YI	SID252282012
G03499BP	CID440511
G03499BP	SID252294969
G03770HX	CID70698331
G03770HX	SID252287426
G03934XO	CID91851033
G03934XO	SID252282989
G04187IN	CID70678959
G04187IN	SID252285044
G04220HB	CID91853179
G04220HB	SID252285543
G04497XO	CID70678669
G04497XO	SID252282489
G04616ST	CID440994
G04616ST	SID252284390
G04624DG	CID70678938
G04624DG	SID252291774
G04791QM	CID70788976
G04791QM	SID252289412
G04941YC	CID51351805
G04941YC	SID252293896
G05026ZL	CID446943
G05026ZL	SID252292863
G05108UT	CID71297363
G05108UT	SID252290257
G05189JQ	CID91847008
G05189JQ	SID252278192
G05252XR	CID91825570
G05252XR	SID252284817
G05939SX	CID12285879
G05939SX	SID252283833
G05946XD	CID441035
G05946XD	SID252296911
G06000DZ	CID133474
G06000DZ	SID252291328
G06080FF	CID90173
G06080FF	SID252288813
G06107IE	CID21145993
G06107IE	SID252296350
G06186NU	CID10954115
G06186NU	SID252289072
G06239NA	CID10230777
G06239NA	SID252280989
G06580KR	CID24826242
G06580KR	SID252276636
G06873PC	CID70678957
G06873PC	SID252280914
G06996VN	CID448924
G06996VN	SID252282179
G07357YR	CID70678913
G07357YR	SID252276706
G07397MN	CID70680317
G07397MN	SID252286920
G07490EK	CID11013287
G07490EK	SID252290252
G07670VS	CID5288972
G07670VS	SID252289126
G07982RO	CID439544
G07982RO	SID252291828
G08157XK	CID91828223
G08157XK	SID252294855
G08169IN	CID70789002
G08169IN	SID252296598
G08176ZW	CID70678933
G08176ZW	SID252278862
G08244HV	CID70698369
G08244HV	SID252290964
G08396BF	CID71296168
G08396BF	SID252278896
G08539FO	CID11336802
G08539FO	SID252276323
G08545ST	CID443265
G08545ST	SID252296116
G08770AU	CID12302977
G08770AU	SID252275793
G08806VI	CID448925
G08806VI	SID252279632
G08872UM	CID70680274
G08872UM	SID252287562
G08926IP	CID53356709
G08926IP	SID252283998
G09165XB	CID440658
G09165XB	SID252282501
G09259UZ	CID11019447
G09259UZ	SID252278084
G09342SH	CID25194049
G09342SH	SID252280457
G09482NW	CID70678943
G09482NW	SID252293993
G09494DM	CID53262393
G09494DM	SID252287870
G09546QO	CID439357
G09546QO	SID252290807
G09681LD	CID25051133
G09681LD	SID252294739
G09921WG	CID70678979
G09921WG	SID252278636
G09938IH	CID70678930
G09938IH	SID252287430
G09955UR	CID50909844
G09955UR	SID252292589
G10203DW	CID14367963
G10203DW	SID252281870
G10219AA	CID91828238
G10219AA	SID252288179
G10338IN	CID6560213
G10338IN	SID252285775
G10430NG	CID51351731
G10430NG	SID252277967
G10488WF	CID10074840
G10488WF	SID252284888
G10666VQ	CID70680314
G10666VQ	SID252284606
G10899AB	CID3034742
G10899AB	SID252281159
G11795CV	CID9816473
G11795CV	SID252279050
G11971MR	CID53239730
G11971MR	SID252290983
G11998FO	CID70698374
G11998FO	SID252293697
G12074QJ	CID91861102
G12074QJ	SID252295040
G12295TB	CID5289353
G12295TB	SID252281576
G12393CD	CID25061463
G12393CD	SID252280021
G12460DL	CID71296137
G12460DL	SID252285300
G12518FG	CID71296178
G12518FG	SID252284905
G12661AN	CID70679039
G12661AN	SID252294146
G12916RQ	CID14389182
G12916RQ	SID252294673
G13040AD	CID53356727
G13040AD	SID252276279
G13058JI	CID70678954
G13058JI	SID252286755
G13746SQ	CID71297330
G13746SQ	SID252292034
G13773HT	CID70679239
G13773HT	SID252284378
G14001GU	CID439509
G14001GU	SID252279671
G14014EQ	CID71298212
G14014EQ	SID252286742
G14047PA	CID70788991
G14047PA	SID252286467
G14338VK	CID440950
G14338VK	SID252294258
G14371GV	CID91855496
G14371GV	SID252288322
G14622KK	CID91851208
G14622KK	SID252283198
G14742FX	CID12306941
G14742FX	SID252296238
G14783GG	CID441033
G14783GG	SID252281511
G14987PW	CID111317
G14987PW	SID252296992
G15021LG	CID5793
G15021LG	SID252281993
G15195YB	CID91857312
G15195YB	SID252290489
G15255MA	CID447347
G15255MA	SID252279987
G15305CQ	CID51351650
G15305CQ	SID252280823
G15704AX	CID161460
G15704AX	SID252283582
G15768VA	CID6971003
G15768VA	SID252284696
G15973YF	CID53239703
G15973YF	SID252287704
G16038XU	CID2724488
G16038XU	SID252288132
G16353SN	CID53239714
G16353SN	SID252290137
G16391NR	CID66308
G16391NR	SID252293254
G16579HJ	CID125409
G16579HJ	SID252290753
G16612QG	CID49852395
G16612QG	SID252292802
G16641ZZ	CID9548801
G16641ZZ	SID252282304
G16647VS	CID9957784
G16647VS	SID252279805
G16870CD	CID91861897
G16870CD	SID252295977
G17108EX	CID53239770
G17108EX	SID252292722
G17140YY	CID91826583
G17140YY	SID252286635
G17465IO	CID91828224
G17465IO	SID252280142
G17475NE	CID448388
G17475NE	SID252281816
G17480GI	CID53239704
G17480GI	SID252294874
G17689DH	CID25098607
G17689DH	SID252290596
G17792PO	CID11124767
G17792PO	SID252292039
G17807LO	CID71297895
G17807LO	SID252280143
G17927IW	CID445037
G17927IW	SID252292652
G17963KW	CID9951956
G17963KW	SID252278282
G18253ON	CID5289009
G18253ON	SID252294916
G18375DW	CID10008718
G18375DW	SID252291499
G18438YA	CID91846045
G18438YA	SID252277044
G18625KA	CID45266843
G18625KA	SID252293537
G18859KD	CID70678649
G18859KD	SID252294672
G18938DW	CID91828217
G18938DW	SID252294367
G19038KD	CID152109
G19038KD	SID252276110
G19524AS	CID5289010
G19524AS	SID252283994
G19577LJ	CID441477
G19577LJ	SID252279853
G19620XJ	CID9996708
G19620XJ	SID252284054
G19687OL	CID91851111
G19687OL	SID252283080
G20044TD	CID56836177
G20044TD	SID252287956
G20228HQ	CID70678540
G20228HQ	SID252285773
G20291UE	CID3032806
G20291UE	SID252279945
G20386CD	CID439548
G20386CD	SID252297054
G20624LQ	CID44263861
G20624LQ	SID252296646
G20744UW	CID70678947
G20744UW	SID252295117
G20818VS	CID70680270
G20818VS	SID252279230
G21269SH	CID10874809
G21269SH	SID252282958
G21311PN	CID91828221
G21311PN	SID252280665
G21469TE	CID5288905
G21469TE	SID252291015
G21727XX	CID53239713
G21727XX	SID252280217
G21808VY	CID70678911
G21808VY	SID252284512
G21856LC	CID10169040
G21856LC	SID252296521
G22046GD	CID53356679
G22046GD	SID252278920
G22185MF	CID70680342
G22185MF	SID252276981
G22203BB	CID70788973
G22203BB	SID252289850
G22418PV	CID91825708
G22418PV	SID252287074
G22768VO	CID5288921
G22768VO	SID252290629
G23046QV	CID49867276
G23046QV	SID252287395
G23487NW	CID11658901
G23487NW	SID252284825
G23537ZN	CID90428
G23537ZN	SID252288519
G23887LS	CID11019448
G23887LS	SID252294340
G24034CH	CID91859343
G24034CH	SID252292915
G24050VV	CID6992021
G24050VV	SID252286351
G24095BS	CID70678912
G24095BS	SID252289381
G24324FL	CID91853032
G24324FL	SID252285372
G24381FI	CID493591
G24381FI	SID252285579
G24432YB	CID52939789
G24432YB	SID252285815
G24464VD	CID71297235
G24464VD	SID252277250
G24499XE	CID53477650
G24499XE	SID252293727
G24599MW	CID71297618
G24599MW	SID252294598
G24618XK	CID24883457
G24618XK	SID252284418
G24620AI	CID91850660
G24620AI	SID252282544
G24684AO	CID70789004
G24684AO	SID252294438
G24741VO	CID6971096
G24741VO	SID252288273
G25407RZ	CID70678810
G25407RZ	SID252295784
G25481SL	CID6102790
G25481SL	SID252286970
G25577BM	CID91854388
G25577BM	SID252286995
G25651TK	CID52921604
G25651TK	SID252280554
G25787HL	CID71297484
G25787HL	SID252293443
G25824CS	CID70788981
G25824CS	SID252295798
G26039ES	CID157355
G26039ES	SID252282392
G26166QH	CID70678972
G26166QH	SID252285244
G26238GL	CID91860873
G26238GL	SID252294771
G26295XE	CID45480564
G26295XE	SID252276786
G26298FT	CID70678935
G26298FT	SID252277605
G26320VF	CID5287808
G26320VF	SID252297216
G26459QM	CID91861823
G26459QM	SID252295890
G26478JK	CID439678
G26478JK	SID252286662
G26555CS	CID70678723
G26555CS	SID252279952
G26756OQ	CID445894
G26756OQ	SID252277306
G26886DA	CID10877291
G26886DA	SID252295062
G26929DQ	CID53262382
G26929DQ	SID252289383
G26934CO	CID57339247
G26934CO	SID252280812
G27025MB	CID35717
G27025MB	SID252284195
G27432KC	CID70678825
G27432KC	SID252293198
G27752QD	CID439731
G27752QD	SID252281674
G27775IZ	CID91852665
G27775IZ	SID252284941
G27786ED	CID46931125
G27786ED	SID252293384
G27798EJ	CID5459926
G27798EJ	SID252287363
G27854BF	CID14682824
G27854BF	SID252280937
G28052FT	CID91825691
G28052FT	SID252285254
G28148HG	CID6326183
G28148HG	SID252280738
G28233ME	CID91857880
G28233ME	SID252291171
G28403NS	CID444200
G28403NS	SID252285213
G28420BK	CID86289500
G28420BK	SID252294370
G28553JC	CID10869261
G28553JC	SID252289146
G28659UB	CID71297894
G28659UB	SID252289911
G28663KH	CID70698312
G28663KH	SID252282834
G28868ZC	CID44611588
G28868ZC	SID252282375
G29014XV	CID70678969
G29014XV	SID252289183
G29084XK	CID91854509
G29084XK	SID252287136
G29301NP	CID5288743
G29301NP	SID252292747
G29313LW	CID11099946
G29313LW	SID252291121
G29322AW	CID11096158
G29322AW	SID252284935
G29487JS	CID10303842
G29487JS	SID252292128
G29494LA	CID439281
G29494LA	SID252280957
G29548YX	CID70678946
G29548YX	SID252290269
G29570QA	CID51351734
G29570QA	SID252295769
G29703NT	CID90659858
G29703NT	SID252290168
G29751MN	CID51351775
G29751MN	SID252278384
G29966LR	CID5459972
G29966LR	SID252277637
G30086RR	CID6971016
G30086RR	SID252288971
G30207PZ	CID5289366
G30207PZ	SID252277441
G30309UU	CID56927742
G30309UU	SID252286786
G30558XQ	CID70679241
G30558XQ	SID252294238
G30567WW	CID91852563
G30567WW	SID252284819
G30807YB	CID53356713
G30807YB	SID252283134
G31080DL	CID5779
G31080DL	SID252291151
G31119YY	CID70698386
G31119YY	SID252293778
G31709QL	CID51351691
G31709QL	SID252293909
G31734OS	CID56927779
G31734OS	SID252278907
G31736BK	CID25257164
G31736BK	SID252296959
G31761VE	CID24812250
G31761VE	SID252279587
G31865AG	CID70698314
G31865AG	SID252289832
G32081WS	CID70698323
G32081WS	SID252278538
G32254QI	CID73427363
G32254QI	SID252277562
G32319HH	CID439508
G32319HH	SID252281866
G32397EL	CID91845538
G32397EL	SID252276449
G32430MQ	CID12275066
G32430MQ	SID252292003
G32679VL	CID53356701
G32679VL	SID252283903
G32723SL	CID70679172
G32723SL	SID252288316
G32968SR	CID53262375
G32968SR	SID252285219
G32969VW	CID14647411
G32969VW	SID252286348
G33018IJ	CID53239708
G33018IJ	SID252283173
G33088YO	CID91848664
G33088YO	SID252280205
G33395TI	CID46906074
G33395TI	SID252276667
G33476GF	CID25061460
G33476GF	SID252297232
G33546ZK	CID6102353
G33546ZK	SID252277088
G34022KC	CID10373325
G34022KC	SID252277716
G34068XZ	CID53239718
G34068XZ	SID252297094
G34356AA	CID70678906
G34356AA	SID252276436
G34473LL	CID53262392
G34473LL	SID252289429
G34476JC	CID70698305
G34476JC	SID252283866
G35116BF	CID70678986
G35116BF	SID252288089
G35170ES	CID449462
G35170ES	SID252284271
G35178XK	CID45480566
G35178XK	SID252279512
G35338PW	CID5319264
G35338PW	SID252294835
G35382VN	CID91850842
G35382VN	SID252282759
G35446HX	CID56992651
G35446HX	SID252280984
G35674CY	CID113417
G35674CY	SID252291621
G35679TE	CID71297976
G35679TE	SID252280133
G35718QG	CID53775013
G35718QG	SID252278328
G35778AN	CID52921654
G35778AN	SID252291868
G35915AS	CID53239702
G35915AS	SID252288936
G36123IU	CID51351800
G36123IU	SID252288642
G36191CD	CID70679254
G36191CD	SID252295676
G36414FS	CID5288896
G36414FS	SID252279822
G36445ON	CID84996
G36445ON	SID252283841
G36698XD	CID70678956
G36698XD	SID252288542
G36781FI	CID91825601
G36781FI	SID252295828
G37184KW	CID45266846
G37184KW	SID252286914
G37216UM	CID71297364
G37216UM	SID252276102
G37615KF	CID440921
G37615KF	SID252294007
G37619KE	CID10137150
G37619KE	SID252289562
G37809PL	CID71297421
G37809PL	SID252296202
G38121JC	CID70678687
G38121JC	SID252282017
G38322AX	CID53477583
G38322AX	SID252285164
G38419CD	CID11309871
G38419CD	SID252287716
G38427JR	CID80127
G38427JR	SID252282623
G38710SX	CID3085216
G38710SX	SID252295879
G38999IM	CID439710
G38999IM	SID252284967
G39023AU	CID5288293
G39023AU	SID252276473
G39064VB	CID53239800
G39064VB	SID252276702
G39211DH	CID45480568
G39211DH	SID252287564
G39213VZ	CID70680337
G39213VZ	SID252289783
G39578OU	CID91860967
G39578OU	SID252294878
G39767HX	CID5288734
G39767HX	SID252277599
G39851TR	CID91856114
G39851TR	SID252289062
G39896WY	CID53262374
G39896WY	SID252295010
G40183QN	CID45266781
G40183QN	SID252278130
G40198OD	CID71297914
G40198OD	SID252295160
G40569DS	CID70678779
G40569DS	SID252291289
G40696TO	CID5326971
G40696TO	SID252277249
G40702WU	CID70698311
G40702WU	SID252284771
G40725TK	CID6971005
G40725TK	SID252291555
G41052GC	CID70698375
G41052GC	SID252288909
G41078PD	CID5287993
G41078PD	SID252296893
G41082WI	CID53262385
G41082WI	SID252284048
G41288IQ	CID9919918
G41288IQ	SID252282286
G41372SJ	CID11801477
G41372SJ	SID252293318
G41383WH	CID51351770
G41383WH	SID252282359
G41759HA	CID14647435
G41759HA	SID252277950
G41915IH	CID95259
G41915IH	SID252295094
G42236WQ	CID70678711
G42236WQ	SID252289469
G42346RJ	CID53477588
G42346RJ	SID252292275
G42553JB	CID53262355
G42553JB	SID252291497
G42666HT	CID439326
G42666HT	SID252293336
G42865BX	CID439537
G42865BX	SID252286191
G43081BK	CID53262323
G43081BK	SID252279861
G43512RT	CID24883458
G43512RT	SID252293331
G43547MI	CID91856456
G43547MI	SID252289484
G43697DU	CID46224582
G43697DU	SID252278736
G43784HS	CID70678974
G43784HS	SID252291451
G44043ZX	CID71298052
G44043ZX	SID252295444
G44060QH	CID91825676
G44060QH	SID252294068
G44345UH	CID53262334
G44345UH	SID252292664
G44375VE	CID70680316
G44375VE	SID252279823
G44396YZ	CID7048819
G44396YZ	SID252281452
G44411RJ	CID70678651
G44411RJ	SID252293433
G44414OJ	CID11477625
G44414OJ	SID252278630
G44688AW	CID50909794
G44688AW	SID252292236
G44738JR	CID70679023
G44738JR	SID252285768
G44832DP	CID91846397
G44832DP	SID252277463
G44856HU	CID6454902
G44856HU	SID252293383
G44865OQ	CID91847212
G44865OQ	SID252278453
G45058HZ	CID91858730
G45058HZ	SID252292190
G45188RH	CID70679097
G45188RH	SID252280148
G45207BM	CID52921638
G45207BM	SID252283622
G45215IJ	CID91854761
G45215IJ	SID252287440
G45256SO	CID71297467
G45256SO	SID252295162
G45359RY	CID91825692
G45359RY	SID252290966
G45388GV	CID46906085
G45388GV	SID252277069
G45827GY	CID440993
G45827GY	SID252281124
G46055MA	CID70679043
G46055MA	SID252277705
G46208LD	CID71297234
G46208LD	SID252276254
G46392BZ	CID91850056
G46392BZ	SID252281823
G46476BP	CID44263860
G46476BP	SID252291071
G46503KK	CID91828233
G46503KK	SID252295992
G46568RJ	CID70679126
G46568RJ	SID252295717
G46613JI	CID53356729
G46613JI	SID252290607
G46677TE	CID45266861
G46677TE	SID252282546
G46776WR	CID196912
G46776WR	SID252290779
G46849JR	CID71296138
G46849JR	SID252278356
G46868TY	CID71298083
G46868TY	SID252295314
G46885EU	CID52921616
G46885EU	SID252279653
G46945UL	CID10106330
G46945UL	SID252279483
G47203JO	CID5460291
G47203JO	SID252293253
G47212KG	CID70698313
G47212KG	SID252287151
G47325QT	CID13991612
G47325QT	SID252287541
G47379VH	CID44457547
G47379VH	SID252291379
G47517CO	CID11762871
G47517CO	SID252294938
G47548GA	CID49852447
G47548GA	SID252280394
G47715OE	CID53477589
G47715OE	SID252282974
G47773BX	CID51351801
G47773BX	SID252296896
G47876BP	CID70678538
G47876BP	SID252295579
G48027TR	CID9548802
G48027TR	SID252288377
G48059CD	CID9831622
G48059CD	SID252283333
G48120WX	CID91828216
G48120WX	SID252293975
G48148JS	CID91860190
G48148JS	SID252293932
G48232PN	CID6321330
G48232PN	SID252290904
G48440GN	CID91825694
G48440GN	SID252296545
G48558GR	CID196569
G48558GR	SID252294463
G48740SL	CID11249135
G48740SL	SID252290574
G48898TH	CID57339194
G48898TH	SID252296933
G49108TO	CID24139
G49108TO	SID252288111
G49736TE	CID9548799
G49736TE	SID252291187
G49930HB	CID46224576
G49930HB	SID252283855
G49963IQ	CID53262369
G49963IQ	SID252284308
G50195ND	CID91861558
G50195ND	SID252295582
G50348ER	CID53239717
G50348ER	SID252297174
G50417QY	CID49852396
G50417QY	SID252280351
G50540JU	CID50909809
G50540JU	SID252291118
G50645ZL	CID70678735
G50645ZL	SID252278532
G50779LX	CID91828258
G50779LX	SID252283655
G50850NI	CID444885
G50850NI	SID252289341
G50886AE	CID52921594
G50886AE	SID252289474
G51034LA	CID91851041
G51034LA	SID252283000
G51060EL	CID441481
G51060EL	SID252294159
G51131QL	CID70680282
G51131QL	SID252276103
G51162XR	CID91828222
G51162XR	SID252286169
G51331BY	CID9800166
G51331BY	SID252285033
G51379UR	CID44263858
G51379UR	SID252292010
G51535NO	CID439730
G51535NO	SID252295190
G51744MD	CID53356710
G51744MD	SID252282879
G51773AH	CID70679020
G51773AH	SID252285985
G51793MY	CID70698328
G51793MY	SID252290644
G51855ZY	CID91826584
G51855ZY	SID252277365
G51911JA	CID70698324
G51911JA	SID252280781
G51964GO	CID49852453
G51964GO	SID252283613
G52068VK	CID91828226
G52068VK	SID252283737
G52713HV	CID91828249
G52713HV	SID252294102
G52724WY	CID71297928
G52724WY	SID252284715
G53190JD	CID53239789
G53190JD	SID252276984
G53308XG	CID135191
G53308XG	SID252296481
G53394BX	CID91861546
G53394BX	SID252295569
G53402KW	CID5288739
G53402KW	SID252278326
G53410DD	CID53262329
G53410DD	SID252276656
G53868KU	CID45480579
G53868KU	SID252278248
G54021WX	CID46878594
G54021WX	SID252278124
G54046EC	CID9884439
G54046EC	SID252290692
G54115JL	CID70789016
G54115JL	SID252277865
G54118CT	CID91826521
G54118CT	SID252283595
G54406UD	CID46906103
G54406UD	SID252277569
G54511PJ	CID91858552
G54511PJ	SID252291967
G54604OG	CID53356680
G54604OG	SID252278014
G54826OZ	CID5289011
G54826OZ	SID252281412
G55205ZV	CID49852424
G55205ZV	SID252289996
G55220VL	CID70698382
G55220VL	SID252296300
G55555OK	CID50909828
G55555OK	SID252283194
G55601IV	CID53262308
G55601IV	SID252292666
G55614WT	CID5311110
G55614WT	SID252286465
G55738TQ	CID54238576
G55738TQ	SID252295078
G55914PY	CID639461
G55914PY	SID252291566
G55954SF	CID11458
G55954SF	SID252289009
G55958KV	CID46906086
G55958KV	SID252293557
G56202TA	CID11400707
G56202TA	SID252289440
G56299XO	CID11072436
G56299XO	SID252279297
G56682BC	CID56927753
G56682BC	SID252296526
G56703WU	CID71296169
G56703WU	SID252286588
G56720TK	CID71296140
G56720TK	SID252278244
G56749GV	CID91852779
G56749GV	SID252285077
G57226ZS	CID445916
G57226ZS	SID252276673
G57321FI	CID84265
G57321FI	SID252286217
G57675TR	CID91828240
G57675TR	SID252280000
G57891XD	CID70698310
G57891XD	SID252289003
G58161NS	CID79025
G58161NS	SID252297193
G58169ID	CID71296179
G58169ID	SID252285041
G58202EC	CID53262326
G58202EC	SID252293298
G58232XB	CID70698330
G58232XB	SID252278647
G58399HX	CID53262298
G58399HX	SID252296726
G58507AZ	CID53239769
G58507AZ	SID252277241
G58590MR	CID71298269
G58590MR	SID252286810
G58612ZQ	CID10206531
G58612ZQ	SID252285779
G58896AZ	CID21670519
G58896AZ	SID252288216
G59103JC	CID51351759
G59103JC	SID252282339
G59126YU	CID91859038
G59126YU	SID252292564
G59396XU	CID6992084
G59396XU	SID252283997
G59406KS	CID91846289
G59406KS	SID252277342
G59743JO	CID107526
G59743JO	SID252291814
G59754DB	CID70679027
G59754DB	SID252278727
G59782MA	CID56629677
G59782MA	SID252276137
G59901EA	CID46906058
G59901EA	SID252291029
G59945HS	CID51351696
G59945HS	SID252286147
G60200IZ	CID91849302
G60200IZ	SID252280944
G60230HH	CID3010290
G60230HH	SID252279470
G60233WN	CID53239701
G60233WN	SID252292035
G60268QL	CID51351803
G60268QL	SID252294924
G60430KO	CID70788980
G60430KO	SID252286151
G60713GB	CID70678908
G60713GB	SID252284347
G60859DF	CID46906084
G60859DF	SID252281077
G60890ZT	CID91826575
G60890ZT	SID252294168
G60956VN	CID71297458
G60956VN	SID252295683
G61071JD	CID16213812
G61071JD	SID252292191
G61168WC	CID14647413
G61168WC	SID252295000
G61328AC	CID91846357
G61328AC	SID252277418
G61399NC	CID5288272
G61399NC	SID252278890
G61406KC	CID165880
G61406KC	SID252294006
G61418DU	CID440552
G61418DU	SID252286759
G61435KZ	CID70788992
G61435KZ	SID252283429
G61459JW	CID5288910
G61459JW	SID252282425
G61488WF	CID21627865
G61488WF	SID252281002
G61491DK	CID185698
G61491DK	SID252277708
G61730RY	CID70679044
G61730RY	SID252295402
G61899YO	CID439583
G61899YO	SID252292057
G62056VT	CID46878593
G62056VT	SID252291491
G62112AO	CID70789017
G62112AO	SID252284436
G62117RR	CID70678613
G62117RR	SID252278316
G62164YY	CID6971098
G62164YY	SID252287313
G62763GO	CID44560080
G62763GO	SID252286561
G62942HO	CID53477625
G62942HO	SID252294533
G63024BG	CID71297768
G63024BG	SID252276847
G63035DM	CID56927913
G63035DM	SID252284662
G63069TR	CID5289369
G63069TR	SID252277643
G63114QE	CID52921608
G63114QE	SID252278065
G63336AX	CID46224603
G63336AX	SID252285417
G63337SS	CID70698315
G63337SS	SID252288729
G63363XX	CID46878601
G63363XX	SID252290042
G63629SO	CID91862360
G63629SO	SID252296552
G63875KV	CID7044038
G63875KV	SID252292362
G64007OP	CID6857384
G64007OP	SID252295276
G64050LH	CID70678867
G64050LH	SID252296630
G64134SS	CID102288
G64134SS	SID252292491
G64581RP	CID439174
G64581RP	SID252292507
G64633BH	CID70678989
G64633BH	SID252296248
G64694IH	CID1549080
G64694IH	SID252280817
G64799PD	CID44263865
G64799PD	SID252282005
G64863OF	CID94780
G64863OF	SID252278245
G64919UI	CID91861191
G64919UI	SID252295144
G64973KT	CID52921613
G64973KT	SID252282166
G65070VQ	CID5321399
G65070VQ	SID252276515
G65191ST	CID70698378
G65191ST	SID252296609
G65562ZE	CID44611726
G65562ZE	SID252284354
G65718MY	CID439626
G65718MY	SID252290461
G65832SQ	CID53244998
G65832SQ	SID252295897
G65889KE	CID439353
G65889KE	SID252292053
G65996GC	CID11813941
G65996GC	SID252292270
G66086EX	CID53477647
G66086EX	SID252280580
G66163TI	CID53262359
G66163TI	SID252297218
G66271TT	CID71298318
G66271TT	SID252288155
G66489LJ	CID70698371
G66489LJ	SID252284768
G66892DM	CID53356702
G66892DM	SID252285503
G66916RU	CID70680286
G66916RU	SID252288473
G67272YR	CID56927821
G67272YR	SID252295007
G67600YJ	CID91850620
G67600YJ	SID252282498
G67646HL	CID70678726
G67646HL	SID252277047
G67969KB	CID70698332
G67969KB	SID252294073
G67988RO	CID5288350
G67988RO	SID252279411
G68110IF	CID45266863
G68110IF	SID252290856
G68158BT	CID6036
G68158BT	SID252291009
G68544GH	CID82313
G68544GH	SID252294013
G68856EP	CID46878595
G68856EP	SID252288334
G69182II	CID82308
G69182II	SID252288348
G69188UM	CID56927890
G69188UM	SID252283809
G69411IG	CID70679233
G69411IG	SID252288705
G69522TI	CID91825592
G69522TI	SID252290671
G69726TU	CID52921582
G69726TU	SID252293861
G69976ZM	CID6971004
G69976ZM	SID252291641
G70021RH	CID53477581
G70021RH	SID252279012
G70115XG	CID53262301
G70115XG	SID252289503
G70323CJ	CID18950
G70323CJ	SID252295621
G70332TM	CID12302971
G70332TM	SID252288309
G70573KH	CID70678936
G70573KH	SID252289579
G71121NN	CID70678718
G71121NN	SID252294074
G71124KE	CID25796555
G71124KE	SID252276564
G71133DJ	CID444314
G71133DJ	SID252281689
G71142DF	CID64689
G71142DF	SID252285668
G71416GU	CID53356728
G71416GU	SID252291927
G71451AZ	CID70678990
G71451AZ	SID252291368
G71587NH	CID69620814
G71587NH	SID252283514
G71832QJ	CID51351677
G71832QJ	SID252281791
G72027KO	CID52921646
G72027KO	SID252293708
G72079JG	CID91859537
G72079JG	SID252293151
G72103RY	CID91855484
G72103RY	SID252288307
G72504FH	CID29921593
G72504FH	SID252284500
G72506RN	CID49792066
G72506RN	SID252280764
G72539IR	CID6992018
G72539IR	SID252280483
G72822QF	CID70678968
G72822QF	SID252284558
G73108NW	CID52921655
G73108NW	SID252295816
G73545YE	CID10022829
G73545YE	SID252289338
G73578JC	CID125128
G73578JC	SID252293302
G73646HZ	CID46237286
G73646HZ	SID252281509
G73971ME	CID70679038
G73971ME	SID252275789
G74060NY	CID644170
G74060NY	SID252286258
G74121RX	CID91852520
G74121RX	SID252284765
G74325TG	CID71297726
G74325TG	SID252281048
G74351TO	CID91862423
G74351TO	SID252296631
G74353FF	CID53262376
G74353FF	SID252296591
G74407MX	CID439507
G74407MX	SID252290737
G74556OQ	CID443248
G74556OQ	SID252280479
G74609HP	CID53262389
G74609HP	SID252284891
G74621DY	CID440995
G74621DY	SID252291122
G74665DT	CID45259172
G74665DT	SID252294538
G74668VC	CID53477602
G74668VC	SID252280835
G74709RD	CID70678988
G74709RD	SID252295421
G74724PV	CID44263850
G74724PV	SID252296290
G74740WV	CID441487
G74740WV	SID252281868
G74780ZE	CID51351665
G74780ZE	SID252282072
G74840NI	CID439680
G74840NI	SID252296405
G74917JX	CID50909806
G74917JX	SID252279540
G74960IM	CID91857585
G74960IM	SID252290816
G75380KK	CID10975657
G75380KK	SID252277319
G75472OU	CID56627468
G75472OU	SID252278138
G75623HL	CID12003287
G75623HL	SID252281653
G75789AR	CID70789003
G75789AR	SID252285385
G75850OP	CID70679237
G75850OP	SID252290967
G76355TG	CID25201920
G76355TG	SID252289110
G76432BK	CID10130220
G76432BK	SID252283226
G76571JT	CID445063
G76571JT	SID252293139
G76595RI	CID51351666
G76595RI	SID252294358
G76607YV	CID70680336
G76607YV	SID252277843
G76622SI	CID6971007
G76622SI	SID252296492
G76849VA	CID444173
G76849VA	SID252291063
G77252PU	CID70698326
G77252PU	SID252278801
G77285LE	CID91846940
G77285LE	SID252278112
G77384RA	CID439557
G77384RA	SID252280833
G77492WA	CID15560230
G77492WA	SID252276689
G77824XV	CID13832708
G77824XV	SID252276700
G77865AH	CID11146770
G77865AH	SID252287886
G78059CC	CID70679232
G78059CC	SID252285486
G78074HX	CID10278847
G78074HX	SID252293588
G78098IA	CID53481024
G78098IA	SID252282748
G78260AJ	CID16219440
G78260AJ	SID252288979
G78317QO	CID448165
G78317QO	SID252287711
G78413IP	CID51351664
G78413IP	SID252292808
G78436BB	CID441248
G78436BB	SID252288330
G78706CK	CID5289352
G78706CK	SID252277415
G78818SP	CID91846734
G78818SP	SID252277873
G78926JO	CID5288769
G78926JO	SID252285056
G78959US	CID71296166
G78959US	SID252276427
G79319EQ	CID167792
G79319EQ	SID252278887
G79333MY	CID656944
G79333MY	SID252287064
G79389NT	CID45266845
G79389NT	SID252281081
G79535HZ	CID50909845
G79535HZ	SID252276494
G80016QC	CID56927981
G80016QC	SID252279060
G80062GG	CID91825690
G80062GG	SID252279124
G80126GC	CID197508
G80126GC	SID252292673
G80141XN	CID53239706
G80141XN	SID252280398
G80384UV	CID439213
G80384UV	SID252284257
G80513FH	CID71297386
G80513FH	SID252280240
G80587NA	CID53239753
G80587NA	SID252291044
G80636BF	CID6323336
G80636BF	SID252296432
G80637HO	CID91859168
G80637HO	SID252292716
G80699WY	CID50909826
G80699WY	SID252276149
G80722US	CID70698321
G80722US	SID252277470
G80858MF	CID70680319
G80858MF	SID252284441
G80926OA	CID44263859
G80926OA	SID252290301
G80966KZ	CID70698383
G80966KZ	SID252290358
G81085EP	CID91826578
G81085EP	SID252282935
G81345OW	CID5288360
G81345OW	SID252284753
G81394BJ	CID7044039
G81394BJ	SID252283510
G81533KY	CID439197
G81533KY	SID252283204
G81596CU	CID52921575
G81596CU	SID252295630
G81697WS	CID70678868
G81697WS	SID252286774
G81971FM	CID10985677
G81971FM	SID252287225
G82207VX	CID71297292
G82207VX	SID252296962
G82455MC	CID53239716
G82455MC	SID252293716
G82562YG	CID439650
G82562YG	SID252294782
G82576YO	CID17106
G82576YO	SID252296549
G82950HY	CID10121152
G82950HY	SID252281013
G83119OD	CID11651921
G83119OD	SID252285430
G83234UJ	CID12302989
G83234UJ	SID252296574
G83311LS	CID11008084
G83311LS	SID252285951
G83621YS	CID51351763
G83621YS	SID252279503
G83633HB	CID53356688
G83633HB	SID252279392
G83638RK	CID53239707
G83638RK	SID252293702
G83666FZ	CID70679212
G83666FZ	SID252290176
G83797YW	CID7567127
G83797YW	SID252279309
G83916HL	CID50909810
G83916HL	SID252293614
G84224TW	CID6134
G84224TW	SID252287609
G84350SH	CID71297319
G84350SH	SID252284106
G84467IZ	CID70788979
G84467IZ	SID252288000
G84489FR	CID439240
G84489FR	SID252278849
G84596VQ	CID51351802
G84596VQ	SID252276268
G84693CG	CID70678668
G84693CG	SID252278256
G85196CF	CID444863
G85196CF	SID252294856
G85213RR	CID70678893
G85213RR	SID252276931
G85278ER	CID11240191
G85278ER	SID252285378
G85378DV	CID25206501
G85378DV	SID252276139
G85383RY	CID70679026
G85383RY	SID252285480
G85582BO	CID11804933
G85582BO	SID252277941
G85923WX	CID449526
G85923WX	SID252291036
G86053IC	CID71297915
G86053IC	SID252286624
G86123DJ	CID46224570
G86123DJ	SID252293125
G86385RC	CID56927921
G86385RC	SID252294569
G86419OL	CID91845863
G86419OL	SID252276828
G86537AD	CID91857703
G86537AD	SID252290960
G86614XL	CID439764
G86614XL	SID252290044
G86702JK	CID70680315
G86702JK	SID252292146
G86784SP	CID70680335
G86784SP	SID252287086
G87171PZ	CID446495
G87171PZ	SID252285302
G87251UV	CID446588
G87251UV	SID252278908
G87315SO	CID46906083
G87315SO	SID252281955
G87492XO	CID643995
G87492XO	SID252291612
G87711HP	CID91856360
G87711HP	SID252289364
G87784HD	CID71297337
G87784HD	SID252291233
G87813TS	CID70680279
G87813TS	SID252283766
G88313DY	CID56927771
G88313DY	SID252278837
G88356HA	CID91825699
G88356HA	SID252279204
G88362QR	CID84571
G88362QR	SID252282201
G88393MK	CID53239796
G88393MK	SID252277698
G88438YV	CID65550
G88438YV	SID252279079
G88544LM	CID53262364
G88544LM	SID252292219
G88876JQ	CID10148744
G88876JQ	SID252285540
G88980IR	CID439195
G88980IR	SID252279490
G88998BE	CID70678800
G88998BE	SID252285704
G89565QL	CID165206
G89565QL	SID252281317
G90333CG	CID70698368
G90333CG	SID252289332
G90387AM	CID11828886
G90387AM	SID252283679
G90562PB	CID10230776
G90562PB	SID252279468
G90719NY	CID70678929
G90719NY	SID252287839
G90725ZC	CID70680320
G90725ZC	SID252279450
G91079GH	CID91847132
G91079GH	SID252278353
G91237TK	CID5288424
G91237TK	SID252278045
G91257NC	CID91828225
G91257NC	SID252295093
G91365ZQ	CID70788978
G91365ZQ	SID252284585
G91368RN	CID5288409
G91368RN	SID252278734
G91532KA	CID53356699
G91532KA	SID252291666
G91563HD	CID9840966
G91563HD	SID252293194
G91625IP	CID6902
G91625IP	SID252279387
G91689SS	CID99459
G91689SS	SID252284851
G91727DR	CID91859606
G91727DR	SID252293231
G91827TX	CID91861068
G91827TX	SID252295001
G92175CL	CID45266894
G92175CL	SID252286600
G92252GS	CID70698318
G92252GS	SID252292305
G92536LD	CID45480610
G92536LD	SID252285414
G92606DY	CID5288907
G92606DY	SID252296437
G92612ZM	CID44263864
G92612ZM	SID252277204
G92627GM	CID91826520
G92627GM	SID252288038
G92743LI	CID70678907
G92743LI	SID252278781
G92795ML	CID45480570
G92795ML	SID252287462
G93204KY	CID91828250
G93204KY	SID252295731
G93263XO	CID9811157
G93263XO	SID252282609
G93529IJ	CID21627866
G93529IJ	SID252280560
G93575MM	CID56927864
G93575MM	SID252296434
G93924TT	CID3037556
G93924TT	SID252290641
G94097TZ	CID53262341
G94097TZ	SID252282855
G94435QH	CID52921653
G94435QH	SID252295122
G94480CC	CID50909801
G94480CC	SID252290621
G94798MK	CID25061461
G94798MK	SID252280135
G94923PG	CID445621
G94923PG	SID252288431
G94934HZ	CID53356681
G94934HZ	SID252296860
G94956AW	CID53356730
G94956AW	SID252281110
G94983ZY	CID70698309
G94983ZY	SID252283495
G95233PP	CID644176
G95233PP	SID252282208
G95306KD	CID70788993
G95306KD	SID252284469
G95341UA	CID25206503
G95341UA	SID252287976
G95391DQ	CID11823089
G95391DQ	SID252289868
G95440AP	CID70698359
G95440AP	SID252285954
G95531HX	CID161658
G95531HX	SID252281602
G95595RA	CID70678824
G95595RA	SID252295338
G95894VW	CID5288340
G95894VW	SID252279359
G96370VA	CID192826
G96370VA	SID252284641
G96504YE	CID52921598
G96504YE	SID252291702
G96865DJ	CID70678962
G96865DJ	SID252282520
G96881BQ	CID439554
G96881BQ	SID252277474
G97013VN	CID53239694
G97013VN	SID252286481
G97041TX	CID71728386
G97041TX	SID252286239
G97100OC	CID51351725
G97100OC	SID252276548
G97146EI	CID111123
G97146EI	SID252278879
G97249VB	CID24882919
G97249VB	SID252292375
G97501MA	CID53477630
G97501MA	SID252280387
G97536OM	CID25193858
G97536OM	SID252296119
G97542CQ	CID45480580
G97542CQ	SID252294491
G97569KL	CID10995590
G97569KL	SID252295735
G97834OQ	CID16040232
G97834OQ	SID252279494
G97894OW	CID70679240
G97894OW	SID252284962
G98006LH	CID445935
G98006LH	SID252280918
G98173LG	CID50909807
G98173LG	SID252291884
G98256YA	CID91848003
G98256YA	SID252279408
G98369DU	CID91828219
G98369DU	SID252280171
G98465JN	CID10260428
G98465JN	SID252284810
G98544DH	CID45266862
G98544DH	SID252288444
G98609WL	CID9961363
G98609WL	SID252280477
G98889VY	CID16048618
G98889VY	SID252287955
G98890AB	CID46224578
G98890AB	SID252282622
G98916HO	CID11433815
G98916HO	SID252284021
G99053DY	CID53239691
G99053DY	SID252292308
G99269VI	CID52921668
G99269VI	SID252292014
G99315PE	CID53239771
G99315PE	SID252295285
G99348KL	CID52921614
G99348KL	SID252283455
G99454KR	CID53239699
G99454KR	SID252278178
G99524KA	CID91860352
G99524KA	SID252294130
G99739TG	CID439737
G99739TG	SID252292828
