GlyTouCanAccession	UniCarbKBID
G00027MO	2035
G00031MO	4
G00033MO	3
G00035MO	141
G00037MO	693
G00039MO	666
G00041IL	675
G00041MO	383
G00043MO	173
G00049MO	6331
G00049MO	8188
G00050MO	6327
G00051MO	7124
G00052MO	7125
G00053MO	4065
G00055MO	484
G00056MO	717
G00065MO	2597
G00094SE	341
G00133UK	7280
G00155YT	2137
G00157WT	4061
G00176HZ	3287
G00194GV	comp_HexNAc1Hex0dHex1NeuAc0NeuGc0Pent0S0P0KDN0HexA0
G00219VH	207
G00227RN	7149
G00231IQ	1481
G00249IY	4795
G00272VU	3195
G00281HB	7675
G00320ZP	2205
G00371DJ	7226
G00395TQ	2553
G00423TL	467
G00463XD	7453
G00487XO	8075
G00551JZ	4799
G00553AN	7817
G00588HO	7091
G00598SQ	3249
G00644ZZ	7500
G00662IB	5105
G00662UH	2839
G00666EC	1181
G00670OT	3289
G00728SN	489
G00743WU	1127
G00797ZX	4617
G00798PL	8225
G00800WJ	7151
G00814BW	5485
G00842OY	7898
G00912UN	comp_HexNAc4Hex5dHex0NeuAc2NeuGc0Pent0S0P0KDN0HexA0
G00951UF	2917
G00978GW	704
G00979XR	60
G00982CE	2973
G00986YT	3391
G01079KY	3277
G01120GS	6050
G01181WH	6455
G01208GZ	8160
G01243KR	47
G01304XG	4625
G01316HN	378
G01338AS	3977
G01351CD	593
G01367ZS	7940
G01378OV	4351
G01410DC	comp_HexNAc7Hex8dHex1NeuAc1NeuGc0Pent0S0P0KDN0HexA0
G01457KB	124
G01543ZX	2675
G01546PE	245
G01550VZ	comp_HexNAc4Hex5dHex0NeuAc0NeuGc0Pent0S1P0KDN0HexA0
G01577DB	6806
G01600VV	3457
G01607ZD	2078
G01614ZM	7665
G01614ZM	96
G01625GQ	205
G01633XH	comp_HexNAc3Hex3dHex4NeuAc0NeuGc0Pent0S0P0KDN0HexA0
G01650EU	comp_HexNAc3Hex6dHex0NeuAc1NeuGc0Pent0S0P0KDN0HexA0
G01659NO	7435
G01664MY	comp_HexNAc1Hex1dHex0NeuAc0NeuGc0Pent0S1P0KDN0HexA1
G01669LU	1251
G01726PL	8157
G01744JD	64
G01769FS	3915
G01769OH	comp_HexNAc0Hex3dHex0NeuAc2NeuGc0Pent0S0P0KDN0HexA0
G01817YC	7152
G01856RL	1699
G01935FK	7076
G01954BU	3567
G02000AU	7663
G02032MW	151
G02050BR	8240
G02162HB	3607
G02230VA	49
G02256MB	671
G02287BL	comp_HexNAc6Hex7dHex2NeuAc0NeuGc0Pent0S0P0KDN0HexA0
G02290KA	2026
G02311IE	1985
G02397SF	7161
G02402FF	7608
G02438LG	comp_HexNAc0Hex0dHex1NeuAc0NeuGc0Pent0S0P0KDN0HexA0
G02447BS	comp_HexNAc6Hex7dHex2NeuAc1NeuGc0Pent0S0P0KDN0HexA0
G02522JF	212
G02527CE	7144
G02561FC	4794
G02622IU	4069
G02661MY	3463
G02679YX	2533
G02752WS	692
G02763QD	2039
G02809YH	comp_HexNAc3Hex2dHex1NeuAc0NeuGc0Pent0S0P0KDN0HexA0
G02815KT	comp_HexNAc2Hex5dHex0NeuAc0NeuGc0Pent0S0P0KDN0HexA0
G02815PP	comp_HexNAc6Hex5dHex0NeuAc1NeuGc0Pent0S0P0KDN0HexA0
G02856QE	568
G02860WV	comp_HexNAc2Hex6dHex1NeuAc0NeuGc0Pent0S0P0KDN0HexA0
G02886BB	comp_HexNAc4Hex6dHex0NeuAc0NeuGc0Pent0S0P0KDN0HexA0
G02942YF	138
G02952NR	2711
G03056DW	2659
G03081ER	7804
G03091JW	5623
G03127AL	8118
G03146JP	136
G03216SJ	3385
G03252VN	7211
G03260OU	1275
G03263DS	487
G03275SD	4473
G03304QB	167
G03340FG	299
G03412UM	473
G03436RQ	5527
G03473UD	6111
G03481FE	4362
G03494YC	620
G03499BP	485
G03542TR	787
G03574QJ	comp_HexNAc3Hex6dHex1NeuAc0NeuGc0Pent0S0P0KDN0HexA0
G03584KV	5606
G03596YS	comp_HexNAc5Hex6dHex2NeuAc1NeuGc0Pent0S0P0KDN0HexA0
G03597FX	2987
G03670RH	7301
G03674DU	461
G03700EN	5864
G03706EO	3749
G03717EM	3303
G03754YM	6078
G03757EK	7187
G03802LT	7527
G03805HR	8191
G03847RK	6267
G03860PZ	1843
G03889MY	5951
G03895SR	5147
G03900NK	521
G03930BU	comp_HexNAc3Hex4dHex3NeuAc0NeuGc0Pent0S0P0KDN0HexA0
G03934XO	1593
G03964XM	2651
G03975EI	745
G03984TW	7521
G04055MU	comp_HexNAc9Hex7dHex1NeuAc1NeuGc0Pent0S0P0KDN0HexA0
G04077XA	7727
G04114CX	314
G04118VH	648
G04245TA	7917
G04267HE	2877
G04273XP	1269
G04291AF	2853
G04328BO	5505
G04400AY	7220
G04483SK	3389
G04501FH	4101
G04584US	3445
G04595ZA	7907
G04608YG	295
G04670NE	2971
G04681UD	comp_HexNAc1Hex10dHex0NeuAc0NeuGc0Pent0S0P0KDN0HexA0
G04689DA	1641
G04715AF	3685
G04744XB	3397
G04764ON	3115
G04765GH	321
G04784US	comp_HexNAc5Hex6dHex3NeuAc1NeuGc0Pent0S0P0KDN0HexA0
G04791QM	1105
G04823YN	2841
G04836KE	2607
G04842IW	6810
G04854VP	comp_HexNAc8Hex5dHex0NeuAc0NeuGc0Pent0S0P0KDN0HexA0
G04908IA	577
G04909DG	7698
G04917SF	7197
G04920ZE	5489
G04959WS	4819
G04976EC	3699
G05049IC	comp_HexNAc6Hex6dHex2NeuAc0NeuGc0Pent0S0P0KDN0HexA0
G05140WY	3307
G05187WH	1205
G05229BF	3475
G05260RH	2493
G05279MG	7087
G05307LM	2855
G05312EE	7871
G05331JD	3443
G05337KJ	6325
G05337KJ	8184
G05374TU	408
G05380VG	4466
G05394UY	comp_HexNAc1Hex2dHex0NeuAc0NeuGc0Pent0S0P0KDN0HexA0
G05395FV	7562
G05421OW	2291
G05428EU	comp_HexNAc3Hex4dHex0NeuAc0NeuGc0Pent0S0P0KDN0HexA0
G05454SP	1951
G05460KC	comp_HexNAc2Hex1dHex2NeuAc0NeuGc0Pent0S0P0KDN0HexA0
G05511KY	8236
G05550LT	7700
G05561CF	8182
G05609XV	comp_HexNAc5Hex7dHex0NeuAc2NeuGc0Pent0S0P0KDN0HexA0
G05610JO	5116
G05620VJ	659
G05642HQ	8097
G05645NK	comp_HexNAc1Hex6dHex0NeuAc0NeuGc0Pent0S0P0KDN0HexA0
G05664AS	comp_HexNAc6Hex8dHex1NeuAc1NeuGc0Pent0S0P0KDN0HexA0
G05675LB	7327
G05690OR	8072
G05746XD	7086
G05751AZ	5123
G05811XG	3185
G05817PZ	7353
G05848DX	357
G05850WN	7750
G05850WN	8058
G05926FW	comp_HexNAc9Hex3dHex1NeuAc0NeuGc0Pent0S0P0KDN0HexA0
G05931YV	comp_HexNAc1Hex0dHex0NeuAc0NeuGc0Pent0S0P0KDN0HexA1
G05933EN	comp_HexNAc4Hex5dHex4NeuAc0NeuGc0Pent0S0P0KDN0HexA0
G05950HG	7289
G06022DR	3713
G06042JP	comp_HexNAc2Hex0dHex1NeuAc0NeuGc0Pent0S0P0KDN0HexA0
G06045JZ	comp_HexNAc4Hex3dHex1NeuAc0NeuGc5Pent0S0P0KDN0HexA0
G06046KU	comp_HexNAc2Hex4dHex2NeuAc1NeuGc0Pent0S0P0KDN0HexA0
G06069CG	3363
G06078SG	7349
G06098SY	8146
G06209KS	1101
G06215XQ	7433
G06216UH	2449
G06231AO	comp_HexNAc3Hex5dHex3NeuAc0NeuGc0Pent0S0P0KDN0HexA0
G06247RL	comp_HexNAc5Hex6dHex0NeuAc3NeuGc0Pent0S0P0KDN0HexA0
G06279ZC	7191
G06285KB	1933
G06317RG	683
G06392KM	3885
G06460LD	379
G06461TM	comp_HexNAc1Hex1dHex0NeuAc0NeuGc0Pent0S1P0KDN0HexA0
G06577JJ	comp_HexNAc4Hex3dHex3NeuAc0NeuGc0Pent0S0P0KDN0HexA0
G06601SQ	7746
G06656BE	6693
G06704MH	comp_HexNAc5Hex6dHex2NeuAc3NeuGc0Pent0S0P0KDN0HexA0
G06772YH	7853
G06829PV	comp_HexNAc0Hex1dHex0NeuAc0NeuGc0Pent0S0P1KDN0HexA0
G06853GH	comp_HexNAc7Hex4dHex1NeuAc0NeuGc0Pent0S0P0KDN0HexA0
G06873PC	4597
G06895PM	7141
G06928XT	4205
G06932DR	comp_HexNAc1Hex2dHex0NeuAc0NeuGc0Pent0S1P0KDN0HexA0
G06983UA	7223
G07002SZ	7705
G07015TW	1383
G07041CT	6048
G07097VH	5115
G07162IJ	5348
G07191NE	2090
G07262RR	7844
G07301IS	3189
G07337US	6076
G07392QY	3107
G07410AW	3897
G07443RM	62
G07464LK	comp_HexNAc6Hex9dHex0NeuAc0NeuGc0Pent0S0P0KDN0HexA0
G07483YN	1487
G07483YN	7800
G07493GF	7419
G07617FP	1629
G07641WS	5827
G07646UD	300
G07668UR	3327
G07672VG	8230
G07677VL	637
G07682PQ	7781
G07692KY	196
G07695ZT	3383
G07767MC	2845
G07799LX	comp_HexNAc4Hex5dHex3NeuAc1NeuGc0Pent0S0P0KDN0HexA0
G07802IC	1301
G07869UA	6270
G07888KH	comp_HexNAc0Hex3dHex2NeuAc0NeuGc0Pent0S0P0KDN0HexA0
G07920XA	6892
G07932PU	454
G07947TY	3157
G07988QE	18
G07995VK	1241
G08011QI	7493
G08011QI	7595
G08062CY	6104
G08076GP	6116
G08126QR	7664
G08146BT	7491
G08146BT	7796
G08146BT	7862
G08146BT	8067
G08146BT	8102
G08185DV	7424
G08190JB	46
G08214IK	1715
G08242BT	4352
G08293MJ	comp_HexNAc4Hex5dHex1NeuAc1NeuGc0Pent0S0P0KDN0HexA0
G08371VN	4081
G08380AT	8229
G08439GP	7166
G08453HV	comp_HexNAc0Hex1dHex1NeuAc0NeuGc0Pent0S0P0KDN0HexA0
G08463CD	3199
G08514XR	4099
G08520NM	2545
G08551YA	2006
G08578KJ	comp_HexNAc9Hex9dHex1NeuAc0NeuGc0Pent0S0P0KDN0HexA0
G08590QR	comp_HexNAc1Hex3dHex0NeuAc0NeuGc0Pent0S0P0KDN0HexA0
G08606CV	6692
G08624KO	3557
G08681CU	7593
G08691QG	comp_HexNAc1Hex4dHex2NeuAc0NeuGc0Pent0S0P0KDN0HexA0
G08697NH	6977
G08709JB	6053
G08712ES	7847
G08790WV	4628
G08805HB	comp_HexNAc3Hex3dHex2NeuAc1NeuGc0Pent0S0P0KDN0HexA0
G08916CY	5118
G08939IS	3543
G09026AJ	4594
G09057YJ	2107
G09084RP	comp_HexNAc7Hex6dHex2NeuAc0NeuGc0Pent0S0P0KDN0HexA0
G09087VQ	3253
G09095HL	3875
G09106ES	660
G09118YK	5150
G09150LP	1159
G09176OA	4787
G09197ZW	comp_HexNAc4Hex6dHex1NeuAc0NeuGc0Pent0S0P0KDN0HexA0
G09287HW	7198
G09394JN	7958
G09405BO	8155
G09441VY	481
G09482NW	1143
G09506OB	6332
G09506OB	8193
G09520ZQ	146
G09528DL	comp_HexNAc3Hex6dHex1NeuAc1NeuGc0Pent0S0P0KDN0HexA0
G09552LA	6326
G09552LA	8177
G09576QH	3509
G09633HU	3251
G09635US	7913
G09663DE	674
G09684AX	3025
G09693TP	comp_HexNAc1Hex3dHex0NeuAc1NeuGc1Pent0S0P0KDN0HexA0
G09696LD	5558
G09709WX	2111
G09724ZC	1295
G09775CH	7896
G09801NJ	727
G09811YI	5476
G09816OK	comp_HexNAc1Hex3dHex0NeuAc1NeuGc0Pent0S0P0KDN0HexA0
G09826WW	3105
G09921WG	7078
G09969JI	comp_HexNAc1Hex4dHex1NeuAc1NeuGc0Pent0S0P0KDN0HexA0
G10008NR	5962
G10013HB	596
G10073SM	4626
G10136GN	comp_HexNAc1Hex3dHex0NeuAc5NeuGc0Pent0S0P0KDN0HexA0
G10219AA	6597
G10225UW	4225
G10228OD	2135
G10258MC	1725
G10300DY	7765
G10302FA	8132
G10339FR	comp_HexNAc3Hex4dHex1NeuAc0NeuGc0Pent0S0P0KDN0HexA0
G10374DW	8233
G10374FO	5106
G10385EY	6997
G10425SO	3209
G10471FG	8045
G10486CT	comp_HexNAc4Hex5dHex0NeuAc0NeuGc0Pent0S0P0KDN0HexA0
G10488WF	3549
G10514PF	7288
G10562QT	6119
G10564SS	4111
G10568ZJ	2187
G10601XM	7517
G10609HO	7647
G10615JE	1905
G10625VD	7215
G10664FL	1391
G10669LI	7213
G10687EF	148
G10705PR	712
G10706IL	368
G10716SX	1133
G10756ZZ	3131
G10820KD	7906
G10898KH	7601
G10924UK	53
G10944ZI	3495
G10995NB	5609
G11009FR	comp_HexNAc4Hex4dHex3NeuAc0NeuGc0Pent0S0P0KDN0HexA0
G11010YY	3257
G11041DA	1119
G11060OT	3881
G11061VC	6981
G11115RO	comp_HexNAc6Hex7dHex0NeuAc4NeuGc0Pent0S0P0KDN0HexA0
G11129ZK	8070
G11145KS	comp_HexNAc6Hex3dHex1NeuAc0NeuGc0Pent0S1P0KDN0HexA0
G11157ZG	comp_HexNAc3Hex5dHex0NeuAc2NeuGc0Pent0S0P0KDN0HexA0
G11235SR	comp_HexNAc1Hex2dHex1NeuAc0NeuGc0Pent0S0P0KDN0HexA0
G11239ZB	comp_HexNAc1Hex4dHex0NeuAc1NeuGc0Pent0S0P0KDN0HexA0
G11254FL	3419
G11318MQ	3263
G11329LI	5133
G11346GZ	3751
G11392CL	3465
G11453BM	5128
G11457RF	99
G11460AB	2473
G11509RN	1831
G11528MV	4821
G11535IB	2663
G11541NC	comp_HexNAc10Hex11dHex0NeuAc0NeuGc0Pent0S0P0KDN0HexA0
G11561RV	6072
G11578PH	3793
G11613HW	7216
G11637WL	2555
G11647UD	142
G11671GQ	5162
G11712ZQ	2251
G11758TL	3339
G11846US	73
G11860YJ	7013
G11885NX	3311
G11908FF	5127
G11929SN	2181
G11954JA	comp_HexNAc5Hex5dHex0NeuAc3NeuGc0Pent0S0P0KDN0HexA0
G11994QC	4211
G12012YB	4075
G12021KH	202
G12121CY	734
G12143FS	4201
G12150CK	7465
G12222NC	5156
G12232DG	4247
G12241WD	1421
G12274AS	2283
G12340GZ	comp_HexNAc7Hex6dHex0NeuAc4NeuGc0Pent0S0P0KDN0HexA0
G12341GU	comp_HexNAc7Hex8dHex0NeuAc1NeuGc0Pent0S0P0KDN0HexA0
G12393CD	728
G12396GB	122
G12398HZ	2099
G12398HZ	7654
G12398HZ	7843
G12417OE	3681
G12436UO	3503
G12457EA	6985
G12464FX	5801
G12486YB	7325
G12511VU	8108
G12580WI	comp_HexNAc5Hex5dHex1NeuAc1NeuGc0Pent0S0P0KDN0HexA0
G12604EW	7541
G12616PJ	316
G12659ID	8056
G12678YV	569
G12708JQ	7590
G12775RU	1075
G12814JP	2617
G12866IA	2635
G12872WY	comp_HexNAc10Hex10dHex1NeuAc0NeuGc0Pent0S0P0KDN0HexA0
G12881NF	7579
G12900GB	3653
G12920QL	4361
G12932QT	1903
G12940VF	7795
G12953IP	7165
G12959FT	comp_HexNAc2Hex13dHex0NeuAc0NeuGc0Pent0S0P0KDN0HexA0
G12968JL	6451
G12976MZ	2489
G12997IV	720
G13008EW	7658
G13034PC	4823
G13041EF	4279
G13074YF	5370
G13144BT	3711
G13144LI	comp_HexNAc3Hex7dHex0NeuAc0NeuGc0Pent0S0P0KDN0HexA0
G13151XE	2163
G13156PQ	6066
G13165FV	8069
G13165FV	8173
G13178HT	3979
G13179DW	687
G13193DT	comp_HexNAc8Hex7dHex0NeuAc0NeuGc0Pent0S0P0KDN0HexA0
G13197FM	3351
G13204HV	708
G13260JU	386
G13269KZ	5523
G13282WA	1999
G13290KJ	4250
G13292BE	7952
G13292XY	6963
G13335AQ	2259
G13366MT	5559
G13436HZ	comp_HexNAc3Hex0dHex0NeuAc0NeuGc0Pent0S0P0KDN0HexA2
G13454LA	1357
G13483MH	7902
G13636IT	4123
G13659RH	1409
G13661YX	7873
G13695SV	7045
G13716SG	comp_HexNAc9Hex10dHex1NeuAc0NeuGc0Pent0S0P0KDN0HexA0
G13785QH	1355
G13800FQ	4077
G13824WQ	738
G13863XN	317
G13897ZB	7039
G13971OJ	725
G13973YO	comp_HexNAc4Hex9dHex1NeuAc0NeuGc0Pent0S0P0KDN0HexA0
G14047PA	1247
G14050KB	5478
G14068WV	3825
G14127XU	1611
G14176QY	7818
G14191MJ	comp_HexNAc2Hex7dHex1NeuAc0NeuGc0Pent0S0P0KDN0HexA0
G14199EY	4811
G14202ZK	7923
G14224WX	729
G14227RA	5110
G14232GJ	7210
G14296HB	7050
G14305YT	comp_HexNAc6Hex8dHex0NeuAc0NeuGc0Pent0S0P0KDN0HexA0
G14343MU	7427
G14358WN	7832
G14368ET	comp_HexNAc5Hex7dHex0NeuAc0NeuGc0Pent0S0P0KDN0HexA0
G14380OJ	143
G14389GM	3423
G14440NQ	comp_HexNAc7Hex5dHex1NeuAc0NeuGc0Pent0S0P0KDN0HexA0
G14548ZL	7924
G14693JJ	5392
G14696LD	5664
G14767DF	7398
G14882EB	7539
G14901GT	718
G14926RK	comp_HexNAc7Hex6dHex1NeuAc4NeuGc0Pent0S0P0KDN0HexA0
G14950CY	3319
G14996IQ	1719
G14998UC	1729
G15013TW	2953
G15016TE	5965
G15031WB	5644
G15038BD	comp_HexNAc4Hex6dHex1NeuAc1NeuGc0Pent0S0P0KDN0HexA0
G15064OQ	comp_HexNAc6Hex1dHex1NeuAc0NeuGc0Pent0S0P0KDN0HexA0
G15065YV	7341
G15127JD	comp_HexNAc9Hex10dHex0NeuAc0NeuGc0Pent0S0P0KDN0HexA0
G15158LV	2293
G15173TI	130
G15198VK	3951
G15205QB	comp_HexNAc3Hex6dHex0NeuAc0NeuGc0Pent0S0P1KDN0HexA0
G15393WU	293
G15407YE	1775
G15433HJ	6851
G15455NO	7143
G15486FH	comp_HexNAc3Hex5dHex1NeuAc0NeuGc0Pent0S0P0KDN0HexA0
G15555MR	491
G15560RP	2829
G15631KB	213
G15666IG	comp_HexNAc1Hex4dHex0NeuAc0NeuGc0Pent0S0P0KDN0HexA0
G15791TK	7402
G15825OT	7306
G15828HX	7550
G15859AU	1405
G15868RK	7645
G15881BW	comp_HexNAc8Hex8dHex2NeuAc0NeuGc0Pent0S0P0KDN0HexA0
G15919RU	comp_HexNAc0Hex2dHex0NeuAc0NeuGc1Pent0S0P0KDN0HexA0
G15938BX	5117
G15956KF	1639
G16122GW	7815
G16150CJ	1693
G16155TD	1191
G16175ZV	comp_HexNAc4Hex6dHex2NeuAc0NeuGc0Pent0S0P0KDN0HexA0
G16204NU	7515
G16265MV	7148
G16272GL	1625
G16276PY	7362
G16341ZC	2867
G16370GQ	97
G16389EC	3275
G16407EV	comp_HexNAc2Hex5dHex1NeuAc0NeuGc0Pent0S0P0KDN0HexA0
G16462LS	comp_HexNAc5Hex9dHex1NeuAc0NeuGc0Pent0S0P0KDN0HexA0
G16529MG	1793
G16536EO	5095
G16546ZZ	7466
G16590BZ	3197
G16641ZZ	462
G16679DU	3505
G16696HU	5834
G16739XD	4262
G16739XK	6060
G16742CI	3703
G16758MX	7610
G16774YZ	1537
G16786OY	1051
G16828VN	1653
G16831PL	573
G16873YG	2671
G16915GU	comp_HexNAc3Hex2dHex3NeuAc0NeuGc0Pent0S0P0KDN0HexA0
G16932ML	3589
G16933JU	6081
G16956YO	6992
G17015OC	comp_HexNAc1Hex1dHex0NeuAc1NeuGc0Pent0S0P0KDN0HexA0
G17023GV	comp_HexNAc5Hex7dHex0NeuAc1NeuGc0Pent0S0P0KDN0HexA0
G17095DP	4363
G17126MK	292
G17155VX	1983
G17168RO	3629
G17205DU	5616
G17236TT	592
G17264LS	8242
G17269LY	6805
G17307XM	7887
G17336WC	5131
G17339LD	6988
G17409FQ	7881
G17410PS	3001
G17413FR	1303
G17433EW	2020
G17473NR	2859
G17475KI	4067
G17536AW	1945
G17540HT	1541
G17650MH	comp_HexNAc7Hex7dHex1NeuAc0NeuGc0Pent0S0P0KDN0HexA0
G17689DH	1189
G17689EW	1039
G17709UI	680
G17751ZM	5949
G17752YB	163
G17791VR	6853
G17804IQ	6448
G17810KS	479
G17827EU	5952
G17848HM	8227
G17893UF	5351
G17908GP	633
G17996KS	8094
G18013WR	7688
G18081CC	comp_HexNAc0Hex0dHex0NeuAc0NeuGc0Pent1S1P0KDN0HexA1
G18081HD	comp_HexNAc2Hex3dHex3NeuAc0NeuGc0Pent0S0P0KDN0HexA0
G18117YG	6279
G18123SG	comp_HexNAc6Hex5dHex4NeuAc0NeuGc0Pent0S0P0KDN0HexA0
G18125RR	comp_HexNAc6Hex6dHex0NeuAc2NeuGc0Pent0S0P0KDN0HexA0
G18166BF	4093
G18188WJ	7294
G18214MO	690
G18219CJ	4343
G18220BL	5111
G18391RR	8244
G18410UY	7655
G18447KU	3603
G18472TI	204
G18516QW	2249
G18519LX	26
G18544DI	7008
G18574CV	5837
G18588JO	7798
G18603ZQ	376
G18619IO	8110
G18627LZ	1809
G18638YB	2637
G18641IV	7080
G18695QD	6278
G18841NY	6982
G18929GK	6443
G18938DW	1919
G18946TX	27
G18963DQ	747
G18981TN	comp_HexNAc2Hex2dHex0NeuAc0NeuGc0Pent0S2P0KDN0HexA0
G18995MT	comp_HexNAc4Hex4dHex3NeuAc1NeuGc0Pent0S0P0KDN0HexA0
G18999EB	comp_HexNAc2Hex2dHex0NeuAc0NeuGc0Pent1S0P0KDN0HexA0
G19023UQ	5568
G19099PA	7858
G19138OU	1589
G19173US	1297
G19252ZI	7219
G19252ZI	7618
G19354PF	5560
G19379ID	comp_HexNAc5Hex4dHex2NeuAc0NeuGc0Pent0S0P0KDN0HexA0
G19397EJ	2141
G19444JC	1617
G19469VZ	5166
G19490DN	2509
G19499ZH	3207
G19512II	comp_HexNAc6Hex11dHex1NeuAc0NeuGc0Pent0S0P0KDN0HexA0
G19517GM	comp_HexNAc6Hex5dHex1NeuAc2NeuGc0Pent0S0P0KDN0HexA0
G19521BV	2613
G19524AS	4598
G19568JE	1877
G19588HA	7081
G19615BB	4615
G19677EK	1027
G19687OL	6995
G19726AG	1829
G19749DC	301
G19811YA	139
G19813SH	658
G19865KY	comp_HexNAc0Hex4dHex1NeuAc0NeuGc0Pent0S0P0KDN0HexA0
G19914RN	5377
G19968XU	5618
G20030CU	3129
G20044TD	4023
G20059NZ	7328
G20113TH	7170
G20170YB	1153
G20218ZS	4796
G20248TO	2265
G20305DX	3325
G20352YV	3563
G20367UY	3753
G20510FY	8109
G20606AK	comp_HexNAc6Hex6dHex1NeuAc4NeuGc0Pent0S0P0KDN0HexA0
G20697MN	2531
G20698EO	comp_HexNAc6Hex4dHex2NeuAc0NeuGc0Pent0S0P0KDN0HexA0
G20751GZ	3461
G20757EV	4083
G20767LB	5102
G20779SK	1839
G20815TK	2565
G20881QF	8121
G20899EQ	comp_HexNAc3Hex5dHex2NeuAc2NeuGc0Pent0S0P0KDN0HexA0
G20934UH	6598
G20956ZK	3099
G20956ZV	comp_HexNAc2Hex3dHex1NeuAc0NeuGc0Pent0S0P0KDN0HexA0
G20966IA	7293
G20966TZ	1505
G20980JF	comp_HexNAc1Hex2dHex0NeuAc0NeuGc0Pent1S0P0KDN0HexA1
G21001NA	4037
G21050RT	4618
G21112KH	7340
G21196UL	6688
G21259PI	comp_HexNAc3Hex1dHex1NeuAc0NeuGc0Pent0S0P0KDN0HexA0
G21284IS	3585
G21290RB	3007
G21297DP	57
G21311YA	1709
G21327TO	7860
G21361AZ	7920
G21361AZ	8231
G21411GO	5800
G21412CQ	147
G21415RL	4240
G21507RO	3769
G21670TV	comp_HexNAc6Hex5dHex0NeuAc2NeuGc1Pent0S0P0KDN0HexA0
G21672LC	431
G21672MV	3217
G21679ID	3301
G21696DT	7331
G21726WW	comp_HexNAc2Hex3dHex2NeuAc0NeuGc0Pent0S0P0KDN0HexA0
G21737WY	6079
G21823MR	3359
G21845NG	169
G21928TI	3777
G22018FP	comp_HexNAc4Hex6dHex0NeuAc1NeuGc0Pent0S0P0KDN0HexA0
G22063DR	6949
G22137OG	7426
G22140GZ	3539
G22140GZ	7584
G22140GZ	7620
G22208HN	7629
G22222BH	702
G22314RO	comp_HexNAc0Hex2dHex0NeuAc1NeuGc1Pent0S0P0KDN0HexA0
G22340YC	2693
G22354SF	3123
G22388FD	2899
G22420ZP	5830
G22493AJ	7632
G22516UQ	7185
G22546XD	3221
G22573RC	1049
G22589VJ	comp_HexNAc6Hex7dHex4NeuAc0NeuGc0Pent0S0P0KDN0HexA0
G22622ZG	comp_HexNAc5Hex3dHex3NeuAc1NeuGc0Pent0S0P0KDN0HexA0
G22626SX	154
G22674CI	2171
G22687XW	7373
G22721QX	4818
G22768VO	7530
G22826KU	5491
G22851QT	2047
G22852AR	3649
G22862WY	comp_HexNAc4Hex6dHex2NeuAc3NeuGc0Pent0S0P0KDN0HexA0
G22898PA	3219
G22913YS	comp_HexNAc5Hex6dHex1NeuAc0NeuGc0Pent0S2P0KDN0HexA0
G22917YC	comp_HexNAc0Hex0dHex0NeuAc0NeuGc0Pent0S0P0KDN1HexA0
G22955WV	comp_HexNAc1Hex3dHex2NeuAc0NeuGc0Pent0S0P0KDN0HexA0
G22981GY	7264
G23021IW	44
G23066SI	6961
G23087XI	6156
G23094JF	5622
G23109YO	7368
G23119MJ	168
G23175TS	8071
G23295TF	4015
G23305TF	1897
G23340ZN	6064
G23345GE	5151
G23347CS	4642
G23438NR	453
G23484GM	1165
G23494UZ	6275
G23505EP	comp_HexNAc6Hex4dHex0NeuAc1NeuGc0Pent0S0P0KDN0HexA0
G23512SE	2879
G23546LY	2537
G23581EK	5828
G23616ZX	1267
G23626NI	1037
G23665FB	652
G23666EW	comp_HexNAc2Hex3dHex2NeuAc1NeuGc0Pent0S0P0KDN0HexA0
G23675NT	comp_HexNAc5Hex3dHex0NeuAc1NeuGc0Pent0S0P0KDN0HexA0
G23695IQ	7549
G23706HG	7142
G23729WG	comp_HexNAc1Hex1dHex0NeuAc2NeuGc0Pent0S0P0KDN0HexA0
G23755RZ	590
G23799GS	3831
G23824AT	4353
G23870PO	448
G23901NY	4359
G23910FD	4131
G23927CE	5863
G23990GP	576
G24005JZ	7429
G24068UY	5135
G24131KD	7411
G24132CP	7591
G24191XX	2113
G24202BK	3483
G24202RA	comp_HexNAc7Hex5dHex3NeuAc0NeuGc0Pent0S0P0KDN0HexA0
G24255JV	comp_HexNAc3Hex6dHex3NeuAc0NeuGc0Pent0S0P0KDN0HexA0
G24363HJ	312
G24413UY	1307
G24432GW	1773
G24440EI	3911
G24481HY	comp_HexNAc8Hex8dHex1NeuAc0NeuGc0Pent0S0P0KDN0HexA0
G24485FS	7006
G24498DI	7758
G24501HF	1937
G24511TX	5089
G24600RJ	2619
G24672GO	7372
G24691QN	5533
G24701BA	comp_HexNAc2Hex4dHex0NeuAc0NeuGc1Pent0S0P0KDN0HexA0
G24748QU	2539
G24830VD	3451
G24946XU	7145
G24954RW	7442
G24970IL	665
G25067TK	7511
G25079LO	comp_HexNAc6Hex4dHex0NeuAc0NeuGc0Pent0S0P0KDN0HexA0
G25098MR	comp_HexNAc6Hex9dHex1NeuAc2NeuGc0Pent0S0P0KDN0HexA0
G25127JU	137
G25140TA	1607
G25180HQ	7724
G25216KM	comp_HexNAc7Hex7dHex1NeuAc3NeuGc0Pent0S0P0KDN0HexA0
G25233TU	21
G25297CU	1969
G25323VU	490
G25325JY	comp_HexNAc0Hex1dHex0NeuAc0NeuGc0Pent1S0P0KDN0HexA0
G25340RJ	567
G25350TT	1163
G25381UC	3395
G25386IJ	7679
G25386IJ	7779
G25392ZR	2665
G25407RZ	7077
G25426CZ	1571
G25426PD	4342
G25432CN	6336
G25459WN	736
G25481DT	3347
G25495RY	7461
G25520XG	1501
G25520XG	7449
G25520XG	7474
G25520XG	7722
G25538MM	323
G25559RS	751
G25577BM	3439
G25605GB	8055
G25700PA	comp_HexNAc8Hex8dHex0NeuAc0NeuGc0Pent0S0P0KDN0HexA0
G25703UN	7568
G25713RA	3491
G25764DO	201
G25778VW	494
G25780HH	82
G25835MT	1113
G25837HW	1785
G25865TC	7285
G25928EE	comp_HexNAc1Hex4dHex1NeuAc0NeuGc0Pent0S0P0KDN0HexA0
G25955UH	298
G25965IE	5513
G25987BV	comp_HexNAc4Hex3dHex1NeuAc0NeuGc0Pent0S0P0KDN0HexA0
G26006IS	comp_HexNAc7Hex6dHex1NeuAc3NeuGc0Pent0S0P0KDN0HexA0
G26014MK	7778
G26034OB	3923
G26076FX	5092
G26080SE	3815
G26123AX	8179
G26142HL	2529
G26145IL	3379
G26166QH	3071
G26264SQ	1401
G26267FS	7782
G26271XI	comp_HexNAc5Hex6dHex4NeuAc0NeuGc0Pent0S0P0KDN0HexA0
G26320VO	3797
G26330YA	comp_HexNAc7Hex5dHex0NeuAc0NeuGc0Pent0S0P0KDN0HexA0
G26335RK	4041
G26341TZ	430
G26371XR	7882
G26400XV	comp_HexNAc2Hex4dHex1NeuAc2NeuGc0Pent0S0P0KDN0HexA0
G26474XX	2273
G26487VT	8060
G26493RP	6816
G26497EU	149
G26508HK	3601
G26549SM	comp_HexNAc7Hex4dHex0NeuAc2NeuGc0Pent0S0P0KDN0HexA0
G26596ON	132
G26684GN	2105
G26690QG	7193
G26700PN	4467
G26724PP	583
G26775OX	3425
G26777KI	580
G26777RD	4820
G26798CI	3259
G26896YH	7614
G26918LL	comp_HexNAc1Hex1dHex1NeuAc0NeuGc0Pent0S1P0KDN0HexA0
G26935KA	5176
G26949IX	2169
G27030ZC	176
G27033WF	comp_HexNAc8Hex9dHex1NeuAc3NeuGc0Pent0S0P0KDN0HexA0
G27102CT	6694
G27112FS	7617
G27123OG	7748
G27126ED	comp_HexNAc4Hex6dHex0NeuAc1NeuGc0Pent0S0P0KDN0HexA0
G27165KO	4249
G27188NC	3179
G27223CU	3803
G27248RA	318
G27251WT	8074
G27281KS	3805
G27290LL	4804
G27293OK	3015
G27310MQ	7573
G27345TX	559
G27378DU	comp_HexNAc7Hex8dHex2NeuAc0NeuGc0Pent0S0P0KDN0HexA0
G27383GK	3547
G27389SR	3149
G27391WQ	comp_HexNAc2Hex0dHex0NeuAc0NeuGc0Pent0S0P0KDN0HexA0
G27440CC	7114
G27456PF	7396
G27499KV	715
G27523II	638
G27526RV	23
G27561QX	7291
G27620NL	8115
G27622TD	comp_HexNAc3Hex5dHex2NeuAc0NeuGc0Pent0S0P0KDN0HexA0
G27719XP	5566
G27726WH	446
G27776PG	2643
G27844UM	1753
G27846BH	comp_HexNAc7Hex8dHex3NeuAc1NeuGc0Pent0S0P0KDN0HexA0
G27919IH	1493
G27947YN	comp_HexNAc5Hex6dHex0NeuAc2NeuGc0Pent0S0P0KDN0HexA0
G27967WE	7073
G27993JQ	8107
G27997AO	comp_HexNAc1Hex1dHex0NeuAc0NeuGc1Pent0S0P0KDN0HexA0
G28003YJ	7799
G28096RS	comp_HexNAc3Hex5dHex3NeuAc1NeuGc0Pent0S0P0KDN0HexA0
G28101LR	8138
G28116PK	66
G28120QK	5126
G28155JW	comp_HexNAc2Hex0dHex0NeuAc0NeuGc0Pent0S0P0KDN0HexA1
G28156XV	3469
G28161SK	6428
G28233ME	1585
G28347RJ	3409
G28362DW	7720
G28439XZ	7194
G28536BG	7650
G28541PG	comp_HexNAc3Hex6dHex0NeuAc0NeuGc0Pent0S0P0KDN0HexA0
G28550OD	3177
G28603RA	comp_HexNAc7Hex4dHex0NeuAc1NeuGc0Pent0S0P0KDN0HexA0
G28615QI	1215
G28622IK	comp_HexNAc7Hex7dHex0NeuAc0NeuGc0Pent0S0P0KDN0HexA0
G28651UO	4073
G28663KH	3135
G28677QR	2123
G28681TP	comp_HexNAc2Hex3dHex0NeuAc0NeuGc0Pent0S0P0KDN0HexA0
G28717KN	8126
G28723UT	4347
G28747XN	1819
G28754WB	7196
G28839WC	7100
G28868ZC	3773
G28905MY	comp_HexNAc3Hex8dHex0NeuAc0NeuGc0Pent0S0P0KDN0HexA0
G28937TW	comp_HexNAc5Hex5dHex1NeuAc3NeuGc0Pent0S0P0KDN0HexA0
G28948UC	2567
G28949EK	5529
G28985UO	comp_HexNAc4Hex0dHex0NeuAc0NeuGc0Pent0S0P0KDN0HexA4
G28997IA	comp_HexNAc3Hex3dHex2NeuAc0NeuGc0Pent0S0P0KDN0HexA0
G29011JC	3283
G29025YS	449
G29039FY	2717
G29056SI	2245
G29063QY	comp_HexNAc4Hex2dHex0NeuAc0NeuGc0Pent0S0P0KDN0HexA0
G29068FM	comp_HexNAc1Hex0dHex0NeuAc0NeuGc0Pent0S0P0KDN0HexA0
G29084PT	comp_HexNAc1Hex4dHex1NeuAc2NeuGc0Pent0S0P0KDN0HexA0
G29097SS	3427
G29130SY	1621
G29166US	588
G29214BB	598
G29228MX	1879
G29230PI	3981
G29231AT	352
G29231QJ	2569
G29279QO	comp_HexNAc4Hex5dHex1NeuAc1NeuGc1Pent0S0P0KDN0HexA0
G29290EB	2253
G29301NP	2029
G29377XJ	1155
G29393FW	3771
G29418HB	713
G29432PD	7284
G29434SO	604
G29449JO	2185
G29483LI	7343
G29568VE	5475
G29580VZ	6437
G29587NV	179
G29644TC	654
G29651HS	comp_HexNAc5Hex5dHex2NeuAc0NeuGc0Pent0S0P0KDN0HexA0
G29676WX	1309
G29721UX	7571
G29780RE	2649
G29857RC	1665
G29895JE	7526
G29898ES	comp_HexNAc5Hex3dHex0NeuAc1NeuGc0Pent0S0P0KDN0HexA0
G29905OR	4209
G29940LU	543
G29972ZX	7566
G30048DT	7557
G30084YQ	7849
G30123TP	comp_HexNAc4Hex5dHex2NeuAc0NeuGc1Pent0S0P0KDN0HexA0
G30159WR	1495
G30190ML	comp_HexNAc4Hex1dHex0NeuAc0NeuGc0Pent0S0P0KDN0HexA0
G30252GL	7644
G30293NE	6993
G30299SS	4055
G30302VM	1703
G30304IT	456
G30352SX	6945
G30392XP	282
G30418WA	comp_HexNAc4Hex6dHex4NeuAc2NeuGc0Pent0S0P0KDN0HexA0
G30434OH	6978
G30439IP	7909
G30443NG	4470
G30443WG	2843
G30460NZ	1973
G30505TQ	2051
G30514JJ	2937
G30621VE	comp_HexNAc5Hex6dHex3NeuAc2NeuGc0Pent0S0P0KDN0HexA0
G30630UO	comp_HexNAc8Hex5dHex1NeuAc0NeuGc0Pent0S0P0KDN0HexA0
G30633FJ	3417
G30687DL	1043
G30704AF	1587
G30729YJ	3883
G30743QX	5494
G30853DH	730
G30871VQ	351
G30901GC	2561
G30939HN	7603
G30969JI	3581
G30975WS	696
G31010RQ	3335
G31016RR	comp_HexNAc3Hex7dHex2NeuAc0NeuGc0Pent0S0P0KDN0HexA0
G31028YV	comp_HexNAc9Hex3dHex0NeuAc0NeuGc0Pent0S0P0KDN0HexA0
G31033KO	1807
G31110RD	2487
G31118FR	7648
G31119YY	2601
G31153XO	7597
G31166QV	comp_HexNAc8Hex4dHex0NeuAc1NeuGc0Pent0S0P0KDN0HexA0
G31282CB	comp_HexNAc2Hex0dHex0NeuAc0NeuGc0Pent0S1P0KDN0HexA0
G31294RU	2715
G31372JR	7838
G31377ER	3941
G31380TD	2015
G31393GR	5120
G31458KO	comp_HexNAc7Hex10dHex2NeuAc0NeuGc0Pent0S0P0KDN0HexA0
G31483BB	comp_HexNAc8Hex3dHex2NeuAc0NeuGc0Pent0S0P0KDN0HexA0
G31520YP	1433
G31532GK	5161
G31565BP	8226
G31576LD	7878
G31618AH	7816
G31632CJ	comp_HexNAc5Hex4dHex4NeuAc0NeuGc0Pent0S0P0KDN0HexA0
G31632QM	8103
G31639NG	5963
G31670BC	6109
G31747RS	4593
G31774SW	7139
G31787HV	7224
G31838XA	4797
G31849TV	63
G31852PQ	comp_HexNAc2Hex7dHex0NeuAc0NeuGc0Pent0S0P0KDN0HexA0
G31894KJ	7780
G31986NC	comp_HexNAc4Hex7dHex0NeuAc1NeuGc0Pent0S0P0KDN0HexA0
G31991IV	3153
G32030CB	comp_HexNAc0Hex6dHex0NeuAc0NeuGc0Pent0S0P0KDN0HexA0
G32072NY	2893
G32152BH	3373
G32156ZV	2551
G32190EA	3309
G32246SI	7477
G32246SI	7486
G32246SI	7828
G32250QD	6440
G32305RZ	7344
G32377LJ	554
G32392SM	comp_HexNAc6Hex5dHex0NeuAc1NeuGc0Pent0S0P0KDN0HexA0
G32405GG	459
G32406CO	comp_HexNAc2Hex1dHex0NeuAc0NeuGc0Pent0S1P0KDN0HexA0
G32426JY	165
G32453DM	8145
G32473OI	1045
G32510SF	5835
G32551IQ	5954
G32611KT	2024
G32633LC	comp_HexNAc5Hex7dHex1NeuAc1NeuGc0Pent0S0P0KDN0HexA0
G32652KI	4469
G32659RY	1543
G32660RB	3341
G32671AN	7520
G32704TW	3795
G32723SL	144
G32791GB	2045
G32801HX	4826
G32854GF	1935
G32883QH	2055
G32898UF	3011
G32899LT	comp_HexNAc2Hex3dHex1NeuAc1NeuGc0Pent0S0P0KDN0HexA0
G32910OR	639
G32926LW	comp_HexNAc6Hex7dHex1NeuAc2NeuGc0Pent0S0P0KDN0HexA0
G33101WA	3975
G33138MM	3873
G33147DG	comp_HexNAc0Hex0dHex0NeuAc2NeuGc0Pent0S0P0KDN0HexA0
G33174QG	8122
G33230CR	4584
G33241WC	1533
G33255ZB	4051
G33262YZ	4355
G33269XL	7669
G33279YE	6118
G33284WZ	4801
G33320JS	7953
G33320JS	8235
G33350UC	517
G33418YX	296
G33508VK	322
G33556WL	7481
G33556XM	comp_HexNAc6Hex3dHex1NeuAc1NeuGc0Pent0S0P0KDN0HexA0
G33608TH	5347
G33623LN	comp_HexNAc2Hex0dHex0NeuAc0NeuGc0Pent0S0P0KDN0HexA2
G33635AG	comp_HexNAc7Hex6dHex3NeuAc0NeuGc0Pent0S0P0KDN0HexA0
G33665JC	7212
G33671BL	4256
G33734YD	3413
G33785ND	7536
G33802UM	6991
G33860PM	188
G33876UV	4257
G33894ZI	2261
G33917WA	783
G33947BV	4587
G34029GR	comp_HexNAc7Hex4dHex0NeuAc0NeuGc0Pent0S0P0KDN0HexA0
G34049BA	7201
G34100DU	164
G34158QP	3333
G34168KI	61
G34295PW	2713
G34306IB	7543
G34381JF	5519
G34442SS	3833
G34449FW	7103
G34495UB	7934
G34499SX	3973
G34516JZ	comp_HexNAc3Hex3dHex0NeuAc1NeuGc0Pent0S0P0KDN0HexA0
G34527RW	2909
G34567KI	7374
G34634NL	7399
G34723UV	5367
G34725PD	3119
G34751ZZ	7183
G34753FI	8054
G34764BK	306
G34852SB	comp_HexNAc6Hex6dHex3NeuAc0NeuGc0Pent0S0P0KDN0HexA0
G34861PV	3027
G34877SN	697
G34914SZ	6433
G35029YA	comp_HexNAc4Hex3dHex0NeuAc0NeuGc0Pent0S0P0KDN0HexA0
G35061TJ	7772
G35127VU	6553
G35226HQ	5125
G35235RT	comp_HexNAc3Hex5dHex2NeuAc1NeuGc0Pent0S0P0KDN0HexA0
G35236NV	comp_HexNAc2Hex3dHex0NeuAc0NeuGc0Pent0S0P0KDN0HexA1
G35291GU	5352
G35324SL	6854
G35364KM	4785
G35437KG	345
G35479XP	6593
G35577EK	2155
G35599NO	2021
G35601BV	5547
G35619UY	2915
G35655SC	6099
G35687VS	7691
G35726GI	comp_HexNAc1Hex2dHex3NeuAc0NeuGc0Pent0S0P0KDN0HexA0
G35761ND	574
G35777BH	2707
G35787ED	3591
G35808UX	4238
G35896AC	281
G35898RP	8130
G35947YD	716
G35952BG	7621
G35975NI	5483
G36003IU	comp_HexNAc10Hex7dHex0NeuAc0NeuGc0Pent0S0P0KDN0HexA0
G36004BS	5388
G36047BO	6551
G36108GD	1889
G36123IU	6
G36131WL	7529
G36131WL	7802
G36131WL	7809
G36134VO	3295
G36157OV	4784
G36159AI	2257
G36167NI	7649
G36171DC	3353
G36172JR	7005
G36191CD	1521
G36221RT	3961
G36223IZ	8166
G36223VW	1403
G36230AV	2575
G36258ZR	6468
G36324QX	7171
G36357CE	comp_HexNAc5Hex4dHex4NeuAc2NeuGc0Pent0S0P0KDN0HexA0
G36436SB	2511
G36437LH	7683
G36519NW	1259
G36523TZ	7861
G36534NK	611
G36581MF	7706
G36581PT	2241
G36598FV	7101
G36598KD	1337
G36610KN	7921
G36653TZ	comp_HexNAc4Hex0dHex0NeuAc0NeuGc0Pent0S0P0KDN0HexA3
G36670VW	comp_HexNAc5Hex5dHex1NeuAc2NeuGc0Pent0S0P0KDN0HexA0
G36699NY	comp_HexNAc7Hex8dHex4NeuAc5NeuGc0Pent0S0P0KDN0HexA0
G36701GV	2887
G36823XT	comp_HexNAc1Hex3dHex1NeuAc0NeuGc1Pent0S0P0KDN0HexA0
G36836GD	3533
G36923NX	comp_HexNAc4Hex3dHex1NeuAc1NeuGc0Pent0S0P0KDN0HexA0
G36995QY	2591
G37020YV	7106
G37022BP	2027
G37070WM	3561
G37092BG	comp_HexNAc1Hex2dHex0NeuAc2NeuGc0Pent0S0P0KDN0HexA0
G37099HS	8083
G37135JQ	3869
G37140SO	2028
G37166HP	2023
G37190OA	472
G37206AU	5539
G37239FO	426
G37284MY	5376
G37310RN	5486
G37320GX	7764
G37369XO	7099
G37385TT	1123
G37399XV	comp_HexNAc3Hex5dHex0NeuAc1NeuGc0Pent0S0P0KDN0HexA0
G37412TK	comp_HexNAc5Hex4dHex0NeuAc2NeuGc0Pent0S0P0KDN0HexA0
G37442IW	7850
G37476QB	2641
G37492KF	4089
G37588ZB	7554
G37605QB	8223
G37626XQ	5605
G37653KL	354
G37659EV	comp_HexNAc9Hex4dHex1NeuAc0NeuGc0Pent0S0P0KDN0HexA0
G37664BH	4203
G37717BK	7195
G37738XF	1847
G37818NZ	comp_HexNAc6Hex7dHex0NeuAc2NeuGc0Pent0S0P0KDN0HexA0
G37862DQ	6974
G37868ZX	7476
G37868ZX	7788
G37868ZX	7820
G37891WT	547
G37969WK	5108
G38022PE	1529
G38025DM	comp_HexNAc1Hex2dHex0NeuAc1NeuGc0Pent0S0P0KDN0HexA0
G38052JH	comp_HexNAc3Hex0dHex0NeuAc0NeuGc0Pent0S0P0KDN0HexA4
G38078TR	20
G38189CI	45
G38217AM	7696
G38238ZW	4107
G38279WF	556
G38316MW	641
G38349VC	3969
G38351JR	131
G38361UZ	694
G38395YJ	4913
G38398KX	comp_HexNAc9Hex1dHex1NeuAc0NeuGc0Pent0S0P0KDN0HexA0
G38407UP	6427
G38441AG	comp_HexNAc4Hex9dHex0NeuAc0NeuGc0Pent0S0P0KDN0HexA0
G38586WN	7753
G38621WW	comp_HexNAc0Hex2dHex0NeuAc0NeuGc0Pent0S0P1KDN0HexA0
G38624RV	4105
G38680WX	comp_HexNAc7Hex7dHex4NeuAc0NeuGc0Pent0S0P0KDN0HexA0
G38684VZ	621
G38687ZS	8161
G38738YC	5480
G38756OC	1851
G38769OU	comp_HexNAc2Hex4dHex2NeuAc0NeuGc0Pent0S0P0KDN0HexA0
G38887OA	607
G38887TM	6822
G38946SH	7682
G38979QD	7369
G39011WZ	241
G39029JR	3255
G39100MY	733
G39111QK	6999
G39135DL	6807
G39167RG	7350
G39172SO	2009
G39203UC	3009
G39213VZ	1623
G39247UK	619
G39253LL	6429
G39258LN	comp_HexNAc11Hex11dHex1NeuAc0NeuGc0Pent0S0P0KDN0HexA0
G39298RF	3989
G39308XN	6852
G39326PP	156
G39329TJ	comp_HexNAc0Hex2dHex2NeuAc0NeuGc0Pent0S0P0KDN0HexA0
G39365VM	comp_HexNAc0Hex3dHex0NeuAc0NeuGc0Pent0S0P0KDN0HexA0
G39377DE	1397
G39408GQ	comp_HexNAc7Hex9dHex0NeuAc4NeuGc0Pent0S0P0KDN0HexA0
G39411LN	comp_HexNAc5Hex4dHex0NeuAc0NeuGc0Pent0S1P0KDN0HexA0
G39439UR	1389
G39446WN	comp_HexNAc3Hex5dHex0NeuAc0NeuGc0Pent0S0P0KDN0HexA0
G39471UU	comp_HexNAc8Hex9dHex0NeuAc0NeuGc0Pent0S0P0KDN0HexA0
G39523KI	313
G39540XG	1731
G39595CR	3809
G39602UU	3415
G39617JJ	7489
G39624YQ	127
G39689FZ	comp_HexNAc5Hex6dHex4NeuAc1NeuGc0Pent0S0P0KDN0HexA0
G39758MG	3701
G39841VH	3479
G39887ME	2167
G39916IH	comp_HexNAc2Hex4dHex1NeuAc1NeuGc0Pent0S0P0KDN0HexA0
G39916NT	7207
G39917RN	7866
G39927PF	comp_HexNAc2Hex3dHex0NeuAc2NeuGc0Pent0S0P0KDN0HexA0
G39943KJ	5107
G39945EK	7456
G39952PY	4815
G40012WS	7638
G40027VO	1993
G40096SL	2947
G40097PQ	3583
G40104OM	4053
G40119MV	7282
G40124HY	3293
G40183VY	5490
G40193LX	7071
G40194MN	2669
G40206WX	comp_HexNAc9Hex4dHex0NeuAc0NeuGc0Pent0S0P0KDN0HexA0
G40270LS	83
G40291QP	181
G40319SF	6952
G40352EF	1213
G40428GO	3507
G40442UK	3579
G40490KT	6074
G40537VT	2289
G40554DX	1559
G40560HO	3147
G40658FQ	4605
G40664HB	comp_HexNAc4Hex4dHex2NeuAc1NeuGc0Pent0S0P0KDN0HexA0
G40689UV	158
G40702WU	1083
G40707SF	7791
G40734VV	7414
G40740AD	comp_HexNAc3Hex0dHex0NeuAc0NeuGc0Pent0S0P0KDN0HexA0
G40765JD	564
G40792UP	comp_HexNAc5Hex3dHex2NeuAc0NeuGc0Pent0S0P0KDN0HexA0
G40806JH	7911
G40834TG	comp_HexNAc4Hex6dHex0NeuAc2NeuGc0Pent0S0P0KDN0HexA0
G40852TV	7359
G40865GN	2849
G40874QJ	442
G40906DZ	4281
G40926MX	comp_HexNAc5Hex6dHex0NeuAc1NeuGc0Pent0S0P0KDN0HexA0
G40959OV	comp_HexNAc3Hex7dHex1NeuAc0NeuGc0Pent0S0P0KDN0HexA0
G40966IE	5364
G41015OA	4208
G41044JW	comp_HexNAc6Hex7dHex1NeuAc3NeuGc0Pent0S0P0KDN0HexA0
G41126SR	comp_HexNAc5Hex6dHex3NeuAc0NeuGc0Pent0S0P0KDN0HexA0
G41191PN	2465
G41225ZT	4071
G41245OZ	8169
G41247ZX	comp_HexNAc2Hex6dHex0NeuAc0NeuGc0Pent0S0P0KDN0HexA0
G41278YY	3677
G41304KE	3913
G41321IO	161
G41331JX	4354
G41403MI	6452
G41405AU	2943
G41405QQ	7499
G41424HD	353
G41449ZD	2119
G41498BE	6283
G41552FO	6276
G41575BQ	575
G41690KS	5492
G41708PN	7709
G41720HN	2927
G41726FA	2847
G41734DZ	2031
G41742IZ	7673
G41820ZZ	2891
G41850LO	1899
G41860WU	7363
G41929NX	5484
G41940MB	5508
G41953RN	1273
G41964LZ	545
G41981MA	1549
G42028DN	1395
G42032FN	comp_HexNAc2Hex3dHex1NeuAc0NeuGc0Pent1S0P0KDN0HexA0
G42039DE	3497
G42081JA	7420
G42097JO	6088
G42173FT	8105
G42175IR	2837
G42239OO	108
G42240DE	2935
G42262TV	4202
G42264OV	3407
G42292MP	7001
G42358LZ	4923
G42358LZ	7523
G42358LZ	7643
G42440OJ	7692
G42466VF	7155
G42477ZH	2833
G42518JM	comp_HexNAc0Hex1dHex0NeuAc0NeuGc0Pent2S0P0KDN0HexA0
G42528HF	2571
G42537PG	643
G42545LJ	676
G42665KV	6819
G42666HT	3371
G42679AH	3013
G42686NQ	1691
G42713ZO	8237
G42789YX	comp_HexNAc6Hex7dHex3NeuAc0NeuGc0Pent0S0P0KDN0HexA0
G42797SX	95
G42817NX	comp_HexNAc6Hex3dHex0NeuAc0NeuGc0Pent0S2P0KDN0HexA0
G42826YI	7625
G42929LX	3707
G42989XH	3569
G43037OL	comp_HexNAc5Hex9dHex2NeuAc0NeuGc0Pent0S0P0KDN0HexA0
G43040IL	6990
G43059PA	425
G43071TH	comp_HexNAc1Hex4dHex0NeuAc0NeuGc1Pent0S0P0KDN0HexA0
G43088GK	1417
G43137UY	6454
G43157GC	5526
G43159MH	8171
G43255OW	5813
G43299SD	3127
G43346PX	1727
G43402RG	6073
G43417UB	comp_HexNAc1Hex1dHex0NeuAc0NeuGc0Pent0S0P0KDN0HexA0
G43438SM	520
G43507KQ	1523
G43534QA	3939
G43549OX	7497
G43560PI	comp_HexNAc7Hex4dHex2NeuAc0NeuGc0Pent0S0P0KDN0HexA0
G43638QT	comp_HexNAc6Hex5dHex1NeuAc1NeuGc0Pent0S0P0KDN0HexA0
G43648DB	1041
G43664YB	3387
G43665PB	6075
G43669FQ	comp_HexNAc6Hex7dHex0NeuAc0NeuGc0Pent0S0P0KDN0HexA0
G43687XR	3193
G43694RQ	1605
G43702IX	4112
G43709WM	comp_HexNAc2Hex3dHex0NeuAc1NeuGc0Pent0S0P0KDN0HexA0
G43734MM	comp_HexNAc7Hex6dHex0NeuAc0NeuGc0Pent0S0P0KDN0HexA0
G43753QH	7725
G43761WH	4791
G43769HG	comp_HexNAc6Hex5dHex0NeuAc0NeuGc0Pent0S0P0KDN0HexA0
G43804GS	4635
G43806FA	comp_HexNAc6Hex9dHex5NeuAc0NeuGc0Pent0S0P0KDN0HexA0
G43814TV	7509
G43835NS	8119
G43838OY	1887
G43947VZ	7478
G43947VZ	7592
G43953LS	7854
G43957HJ	721
G43984TE	1743
G43993DD	152
G44073EJ	2022
G44121LY	2193
G44148BN	5174
G44211QA	comp_HexNAc5Hex6dHex1NeuAc0NeuGc0Pent0S0P0KDN0HexA0
G44268RP	5122
G44276EF	1853
G44306ED	7109
G44307OP	3067
G44339YF	4253
G44342ZF	55
G44369QM	7670
G44375VE	7269
G44411RJ	153
G44413JJ	7789
G44444MB	3055
G44500MG	3947
G44504WW	243
G44513XM	8133
G44533KV	2157
G44576HQ	7714
G44617UT	2631
G44623TX	6051
G44659VQ	7582
G44660UQ	6057
G44753VC	comp_HexNAc6Hex7dHex0NeuAc1NeuGc0Pent0S0P0KDN0HexA0
G44842OK	7686
G44865WY	1911
G44900JK	comp_HexNAc4Hex8dHex2NeuAc1NeuGc0Pent0S0P0KDN0HexA0
G44904UE	1381
G44953PJ	comp_HexNAc5Hex4dHex1NeuAc1NeuGc0Pent0S0P0KDN0HexA0
G44988YY	1207
G45036WQ	3405
G45045RU	7598
G45048TZ	3097
G45116BB	4808
G45187EI	1907
G45264AM	1125
G45290DI	3597
G45300SB	2479
G45333LE	741
G45359RY	1659
G45411OE	6463
G45426NO	3501
G45495MK	7423
G45495MK	7502
G45495MK	7548
G45495MK	7813
G45495MK	8151
G45498YC	1849
G45504EY	comp_HexNAc4Hex4dHex0NeuAc1NeuGc0Pent0S0P0KDN0HexA0
G45546UR	2147
G45560HM	1185
G45579IH	7283
G45586SP	comp_HexNAc1Hex0dHex0NeuAc0NeuGc0Pent1S0P0KDN0HexA1
G45637XA	541
G45661NA	3917
G45695EY	7079
G45700OA	1739
G45703RF	comp_HexNAc1Hex9dHex0NeuAc0NeuGc0Pent0S0P0KDN0HexA0
G45711GR	2515
G45759AR	comp_HexNAc1Hex5dHex2NeuAc0NeuGc0Pent0S0P0KDN0HexA0
G45792OQ	699
G45796AX	4049
G45827ZM	650
G45841FE	4027
G45864TJ	1855
G45889JQ	1491
G45889JQ	7400
G45939NL	460
G46058VP	8165
G46113WD	8091
G46177TS	comp_HexNAc6Hex6dHex4NeuAc0NeuGc0Pent0S0P0KDN0HexA0
G46185ND	1545
G46252BF	7178
G46406BL	4644
G46409AI	4117
G46449AK	7084
G46455GO	4255
G46470AD	4606
G46503DX	comp_HexNAc4Hex3dHex0NeuAc2NeuGc0Pent0S0P0KDN0HexA0
G46503KK	4210
G46568MX	1931
G46576CR	2513
G46584GY	8061
G46638GC	3243
G46748BU	98
G46754UW	7611
G46758LT	244
G46759WS	7754
G46764AW	7454
G46768QH	7403
G46784SU	comp_HexNAc4Hex8dHex2NeuAc0NeuGc0Pent0S0P0KDN0HexA0
G46815RD	695
G46823ME	comp_HexNAc4Hex4dHex2NeuAc3NeuGc0Pent0S0P0KDN0HexA0
G46823OG	7156
G46836GH	1939
G46849ZO	5368
G46923KZ	7783
G46929FK	724
G46936YB	7702
G46946SC	8125
G46974YF	1483
G46982GD	comp_HexNAc8Hex3dHex1NeuAc0NeuGc0Pent0S0P0KDN0HexA0
G47007PV	5158
G47010DH	6456
G47011KD	2911
G47027LJ	8158
G47058MH	5360
G47058MH	7534
G47108UC	7819
G47175EF	4345
G47180UC	385
G47206TB	1949
G47253OG	7771
G47279LF	1995
G47294AR	8174
G47318KU	731
G47325XO	6823
G47333HV	8194
G47384NK	4608
G47447OK	5173
G47452EQ	384
G47573PO	493
G47606XQ	7441
G47621XV	comp_HexNAc3Hex4dHex1NeuAc2NeuGc0Pent0S0P0KDN0HexA0
G47669IJ	5562
G47737VJ	comp_HexNAc4Hex5dHex2NeuAc1NeuGc0Pent0S0P0KDN0HexA0
G47760VS	5132
G47832TO	3535
G47837MS	7263
G47871MN	3953
G47909JD	4025
G47911OL	3433
G47913JC	comp_HexNAc3Hex5dHex0NeuAc0NeuGc1Pent0S0P0KDN0HexA0
G47957HH	comp_HexNAc0Hex0dHex0NeuAc0NeuGc0Pent1S0P0KDN0HexA0
G47975JA	1299
G48006MV	8046
G48053DU	comp_HexNAc6Hex5dHex3NeuAc0NeuGc0Pent0S0P0KDN0HexA0
G48109OV	1759
G48133KR	8170
G48149UR	comp_HexNAc6Hex6dHex3NeuAc1NeuGc0Pent0S0P0KDN0HexA0
G48213MO	7556
G48275DN	4592
G48288NV	5380
G48296OD	2491
G48329CR	1423
G48362SO	7258
G48381WH	3955
G48390IG	7261
G48440GN	6970
G48480DJ	6590
G48489PM	7583
G48648VZ	8234
G48676QC	483
G48712ZJ	4043
G48728KD	7192
G48753IC	2835
G48787LE	7406
G48818KL	180
G48848IF	4236
G48854JY	119
G48905NO	591
G48927BJ	comp_HexNAc0Hex3dHex1NeuAc0NeuGc0Pent0S0P0KDN0HexA0
G48954CA	1827
G48975GN	7897
G48980RC	3313
G49012OF	comp_HexNAc2Hex0dHex0NeuAc0NeuGc0Pent0S1P0KDN0HexA1
G49018RC	comp_HexNAc4Hex7dHex0NeuAc0NeuGc0Pent0S0P0KDN0HexA0
G49035CH	comp_HexNAc6Hex6dHex2NeuAc1NeuGc0Pent0S0P0KDN0HexA0
G49043NO	7570
G49096VL	5561
G49105NA	2527
G49108TO	1219
G49108TO	7841
G49129IL	5565
G49197XP	6846
G49277CJ	455
G49284IH	comp_HexNAc4Hex6dHex2NeuAc1NeuGc0Pent0S0P0KDN0HexA0
G49305IN	5168
G49307MQ	5140
G49345XT	comp_HexNAc4Hex7dHex2NeuAc0NeuGc0Pent0S0P0KDN0HexA0
G49383JW	2269
G49423BG	4602
G49424TY	6445
G49446SO	2007
G49447IS	4629
G49478NM	1929
G49520ZT	7330
G49582PC	6817
G49632WD	482
G49739MP	comp_HexNAc6Hex7dHex1NeuAc0NeuGc0Pent0S0P0KDN0HexA0
G49743VF	1319
G49774KM	6431
G49854OS	129
G49889OJ	7540
G49906RN	comp_HexNAc6Hex6dHex0NeuAc0NeuGc0Pent0S0P0KDN0HexA0
G49933AX	1091
G49955PK	comp_HexNAc5Hex3dHex0NeuAc0NeuGc0Pent0S0P0KDN0HexA0
G49961MS	2275
G49991UY	7671
G50030TB	comp_HexNAc10Hex11dHex2NeuAc0NeuGc0Pent0S0P0KDN0HexA0
G50058RB	5493
G50068TE	382
G50073PQ	comp_HexNAc4Hex4dHex2NeuAc0NeuGc0Pent0S0P0KDN0HexA0
G50078RT	1657
G50085FY	4127
G50106JX	7931
G50131RA	7594
G50135PA	4589
G50143PC	comp_HexNAc9Hex7dHex1NeuAc2NeuGc0Pent0S0P0KDN0HexA0
G50210FA	7622
G50294UT	1779
G50329HB	5495
G50346FN	8239
G50353PP	2595
G50369EI	1777
G50372IH	comp_HexNAc3Hex6dHex2NeuAc0NeuGc0Pent0S0P0KDN0HexA0
G50427EN	2203
G50487BS	1741
G50489VC	1745
G50550RZ	511
G50563ZO	1209
G50608CI	6972
G50619VO	24
G50636SI	3695
G50645ZL	3829
G50707YR	4793
G50713DU	comp_HexNAc3Hex9dHex0NeuAc0NeuGc0Pent0S0P0KDN0HexA0
G50739NP	7510
G50755IT	691
G50779LX	7225
G50783JY	2519
G50824HV	135
G50871KO	6883
G50888WV	4792
G50903RY	7418
G50905UI	375
G50943ZX	3823
G51012XH	199
G51020FB	524
G51034LA	1597
G51050LD	6885
G51057KO	4789
G51066TO	2857
G51098AA	5154
G51107TC	8047
G51114IJ	6549
G51123ZO	comp_HexNAc3Hex0dHex0NeuAc0NeuGc0Pent0S0P0KDN0HexA3
G51140AE	457
G51177EP	7639
G51188ML	3329
G51210WZ	comp_HexNAc2Hex2dHex2NeuAc0NeuGc0Pent0S0P0KDN0HexA0
G51264BB	4087
G51367TM	2557
G51369CD	7775
G51412NQ	comp_HexNAc5Hex8dHex4NeuAc0NeuGc0Pent0S0P0KDN0HexA0
G51434LA	comp_HexNAc3Hex2dHex4NeuAc0NeuGc0Pent0S0P0KDN0HexA0
G51496DK	5124
G51497BL	7728
G51519NL	3271
G51557QE	214
G51562OR	3155
G51572MS	comp_HexNAc6Hex10dHex1NeuAc1NeuGc0Pent0S0P0KDN0HexA0
G51623PN	7810
G51623PN	7875
G51624KI	2823
G51637RO	comp_HexNAc8Hex9dHex1NeuAc4NeuGc0Pent0S0P0KDN0HexA0
G51646FM	6948
G51675EU	comp_HexNAc6Hex5dHex3NeuAc1NeuGc0Pent0S0P0KDN0HexA0
G51705EB	5667
G51793MY	1245
G51941GC	7833
G51941GC	7872
G51941GC	8104
G51955KU	5797
G51984GX	566
G51987NK	2247
G52003QG	7659
G52004GX	5798
G52038JM	1881
G52064IJ	3281
G52070NB	7338
G52080WL	2979
G52104WT	2589
G52122ZD	7805
G52126RR	2681
G52144RR	7295
G52162PS	comp_HexNAc4Hex3dHex2NeuAc1NeuGc0Pent0S0P0KDN0HexA0
G52187WF	2907
G52242HT	5531
G52336LJ	1711
G52361CE	797
G52428MJ	3381
G52477OC	6460
G52567OL	4360
G52622SW	1841
G52676LZ	5142
G52687MJ	comp_HexNAc10Hex11dHex1NeuAc0NeuGc0Pent0S0P0KDN0HexA0
G52692IB	6059
G52706OU	1713
G52706RS	7361
G52770HR	6989
G52782YT	4800
G52823TN	7218
G52880ZF	7047
G52880ZN	1221
G52902AR	5643
G52902IE	7009
G52934AK	1647
G52952NI	comp_HexNAc1Hex0dHex0NeuAc0NeuGc0Pent0S0P0KDN0HexA2
G52956BX	3211
G52962ZI	5571
G53031QB	7184
G53084MW	6808
G53098FA	7385
G53168IY	2541
G53178HH	8111
G53188XU	comp_HexNAc4Hex5dHex6NeuAc0NeuGc3Pent0S0P0KDN0HexA0
G53206FD	380
G53208AY	310
G53227QM	4908
G53241XQ	6434
G53276NK	2985
G53280MT	2131
G53315IV	comp_HexNAc8Hex9dHex1NeuAc0NeuGc0Pent0S0P0KDN0HexA0
G53322JT	6273
G53342VT	3559
G53384JS	comp_HexNAc5Hex6dHex7NeuAc0NeuGc0Pent0S0P0KDN0HexA0
G53402KW	750
G53434XO	comp_HexNAc2Hex2dHex0NeuAc0NeuGc0Pent0S0P0KDN0HexA0
G53435KM	4465
G53450AF	3949
G53452PP	8127
G53487ZB	5557
G53492UE	4786
G53521RZ	2873
G53572UK	8153
G53604QR	7749
G53667CH	3121
G53726DG	4234
G53728DU	4645
G53752TA	1525
G53812BX	1257
G53854XZ	7712
G53874PO	comp_HexNAc4Hex5dHex1NeuAc0NeuGc0Pent0S2P0KDN0HexA0
G53921KT	7933
G53933HU	1103
G53957WR	2605
G53958ZQ	comp_HexNAc3Hex5dHex5NeuAc0NeuGc0Pent0S0P0KDN0HexA0
G53962WT	1721
G53965RU	7637
G53969DE	comp_HexNAc1Hex5dHex0NeuAc0NeuGc0Pent0S0P0KDN0HexA0
G53985AY	1723
G54018RP	5178
G54059XR	7687
G54129SE	comp_HexNAc1Hex1dHex1NeuAc0NeuGc0Pent0S0P0KDN0HexA0
G54140NM	7845
G54168YD	comp_HexNAc4Hex3dHex1NeuAc0NeuGc0Pent0S1P0KDN0HexA0
G54215YX	93
G54296PF	comp_HexNAc2Hex3dHex0NeuAc0NeuGc0Pent0S1P0KDN0HexA1
G54417MJ	comp_HexNAc6Hex6dHex1NeuAc1NeuGc0Pent0S0P0KDN0HexA0
G54422SY	5615
G54499BT	1963
G54499HR	562
G54505OS	6063
G54511RE	1717
G54584SU	4207
G54600FO	comp_HexNAc4Hex4dHex1NeuAc1NeuGc0Pent0S0P0KDN0HexA0
G54611ZT	5137
G54630CD	comp_HexNAc1Hex3dHex1NeuAc0NeuGc0Pent0S0P0KDN0HexA0
G54639VI	4803
G54643MT	581
G54652ZD	7535
G54682XF	7761
G54702KT	3377
G54706BB	689
G54873FX	7743
G54896JZ	315
G54931GY	7685
G54956ME	1955
G54968WM	comp_HexNAc2Hex1dHex0NeuAc0NeuGc0Pent1S0P0KDN0HexA0
G54986EB	3101
G54992WG	comp_HexNAc3Hex7dHex1NeuAc1NeuGc0Pent0S0P0KDN0HexA0
G55055JS	371
G55061AW	7049
G55070DG	comp_HexNAc4Hex4dHex0NeuAc0NeuGc0Pent0S0P0KDN0HexA0
G55097ES	7168
G55126WZ	84
G55143IM	8175
G55144QZ	280
G55184VW	4206
G55216FT	comp_HexNAc7Hex8dHex1NeuAc0NeuGc0Pent0S0P0KDN0HexA0
G55220VL	7666
G55282VK	709
G55299GS	comp_HexNAc2Hex0dHex0NeuAc0NeuGc0Pent0S0P0KDN0HexA3
G55307NA	7354
G55321QC	5112
G55373ZG	2983
G55382TU	comp_HexNAc6Hex3dHex1NeuAc0NeuGc0Pent0S0P0KDN0HexA0
G55396DW	4358
G55423YK	3599
G55444WK	comp_HexNAc3Hex6dHex1NeuAc2NeuGc0Pent0S0P0KDN0HexA0
G55455WR	2485
G55479DB	2173
G55484MX	7162
G55504WE	7885
G55521GY	3355
G55529NV	782
G55559HZ	177
G55648EG	7188
G55661CO	2523
G55668HM	6436
G55706KC	8149
G55710II	8212
G55783TD	7710
G55811AY	7266
G55868RH	7859
G55913GS	comp_HexNAc0Hex7dHex0NeuAc0NeuGc0Pent0S0P0KDN0HexA0
G55925JJ	5833
G56001JD	comp_HexNAc12Hex12dHex1NeuAc0NeuGc0Pent0S0P0KDN0HexA0
G56014GC	1635
G56034WQ	5554
G56038AR	3587
G56069TX	7586
G56236GF	1833
G56245IE	518
G56259BH	3247
G56269EA	3399
G56271TF	1317
G56296MY	488
G56315MK	7199
G56318NV	1197
G56329KE	2279
G56361TC	3081
G56364PT	1363
G56381GN	2145
G56491QJ	5482
G56499YQ	1553
G56501FP	7153
G56516KW	1989
G56549DH	2687
G56555MU	7946
G56575BH	107
G56591LC	2481
G56610MH	comp_HexNAc6Hex4dHex1NeuAc0NeuGc0Pent0S0P0KDN0HexA0
G56682BC	8
G56732OZ	5374
G56748EO	1511
G56749GV	1137
G56903ZB	7425
G56913CG	739
G57036KN	6887
G57081YJ	3487
G57141NR	6690
G57144YM	421
G57220OY	comp_HexNAc4Hex4dHex4NeuAc2NeuGc0Pent0S0P0KDN0HexA0
G57269FM	comp_HexNAc5Hex6dHex1NeuAc0NeuGc0Pent0S3P0KDN0HexA0
G57292SX	7572
G57317CE	comp_HexNAc3Hex3dHex0NeuAc0NeuGc0Pent0S0P0KDN0HexA0
G57321FI	25
G57410TH	7157
G57413FT	7290
G57504TA	6065
G57539MP	2183
G57548NB	6328
G57548NB	8176
G57565TQ	5160
G57607BW	7943
G57611UV	6122
G57671LP	1503
G57776ZU	comp_HexNAc3Hex4dHex0NeuAc0NeuGc0Pent0S0P0KDN0HexA0
G57784IN	comp_HexNAc2Hex3dHex0NeuAc0NeuGc1Pent0S0P0KDN0HexA0
G57789QC	2149
G57807UI	2623
G57818FI	6689
G57818FI	7619
G57818FI	7662
G57832UA	7018
G57835AK	1555
G57863LA	2889
G57951WQ	5563
G57955DP	1531
G57989AD	7095
G58001LT	comp_HexNAc2Hex1dHex0NeuAc0NeuGc0Pent0S0P0KDN0HexA0
G58014BV	comp_HexNAc5Hex8dHex1NeuAc1NeuGc0Pent0S0P0KDN0HexA0
G58039UH	2013
G58056YT	4103
G58063ME	5614
G58082FV	comp_HexNAc1Hex0dHex0NeuAc0NeuGc0Pent0S1P0KDN0HexA1
G58087IP	comp_HexNAc2Hex11dHex0NeuAc0NeuGc0Pent0S0P0KDN0HexA0
G58169YV	6453
G58229BR	5612
G58232MG	7718
G58232MG	7842
G58232MG	7879
G58235TZ	8068
G58253LI	4059
G58268WC	3971
G58272ZE	6820
G58288KD	2969
G58328JK	1573
G58444TO	7577
G58481XO	4239
G58482BJ	7935
G58489ZK	5956
G58498GJ	comp_HexNAc7Hex10dHex0NeuAc1NeuGc0Pent0S0P0KDN0HexA0
G58512JV	comp_HexNAc1Hex3dHex3NeuAc0NeuGc0Pent0S0P0KDN0HexA0
G58517VR	754
G58547FH	5366
G58580BP	134
G58667NI	1599
G58686JL	723
G58802FE	comp_HexNAc4Hex6dHex3NeuAc0NeuGc0Pent0S0P0KDN0HexA0
G58848QS	7726
G58896AZ	4121
G58896AZ	8189
G58949BL	6458
G58972ZH	478
G58992HL	2967
G59063MX	8172
G59068XW	5832
G59083LK	2655
G59100TO	3593
G59130YV	1947
G59138NG	6946
G59155GF	422
G59277TZ	1183
G59297UK	7432
G59318TC	7260
G59324HL	comp_HexNAc2Hex12dHex0NeuAc0NeuGc0Pent0S0P0KDN0HexA0
G59331KK	7176
G59334JE	comp_HexNAc8Hex4dHex0NeuAc0NeuGc0Pent0S0P0KDN0HexA0
G59358BQ	3459
G59361OW	1161
G59365RI	comp_HexNAc0Hex2dHex0NeuAc0NeuGc0Pent0S1P0KDN0HexA0
G59389CJ	5534
G59419LJ	4926
G59471TH	2101
G59540CB	comp_HexNAc6Hex3dHex2NeuAc0NeuGc0Pent0S0P0KDN0HexA0
G59576IJ	7884
G59616TT	7661
G59626AS	comp_HexNAc4Hex5dHex0NeuAc1NeuGc0Pent0S0P0KDN0HexA0
G59639BE	comp_HexNAc7Hex8dHex1NeuAc3NeuGc0Pent0S0P0KDN0HexA0
G59655SA	1957
G59658KK	320
G59742GY	1757
G59746EH	522
G59746QC	4914
G59821FL	5668
G59870QB	6277
G59872UP	3173
G59922XB	4590
G59937CP	comp_HexNAc4Hex4dHex1NeuAc0NeuGc0Pent0S0P0KDN0HexA0
G59942FB	6121
G59970QL	2086
G60032AU	comp_HexNAc1Hex3dHex0NeuAc0NeuGc0Pent0S2P0KDN0HexA0
G60033FS	comp_HexNAc5Hex6dHex0NeuAc0NeuGc0Pent0S0P0KDN0HexA0
G60041XW	comp_HexNAc5Hex3dHex0NeuAc2NeuGc0Pent0S0P0KDN0HexA0
G60060GI	comp_HexNAc4Hex2dHex1NeuAc0NeuGc0Pent0S0P0KDN0HexA0
G60067UC	324
G60103QI	5138
G60125IW	4135
G60215UL	4350
G60227QI	5179
G60230HH	1081
G60288TK	5361
G60415BS	1631
G60430KO	2603
G60439QY	1535
G60452UF	3733
G60461BM	7205
G60542VK	2683
G60598XD	7116
G60629OV	6330
G60629OV	8178
G60645OK	4125
G60660BN	5355
G60676HA	1901
G60687DB	51
G60731YR	7010
G60734PM	4471
G60740VC	5535
G60743GT	comp_HexNAc5Hex8dHex1NeuAc0NeuGc0Pent0S0P0KDN0HexA0
G60803QX	7003
G60883HN	203
G60890ZT	102
G60923RB	comp_HexNAc4Hex5dHex2NeuAc0NeuGc0Pent0S0P0KDN0HexA0
G60926LS	3991
G60963AS	1169
G60984DZ	4813
G61001HU	2653
G61084RR	comp_HexNAc0Hex2dHex0NeuAc0NeuGc0Pent1S0P0KDN0HexA1
G61088TM	3337
G61099GA	comp_HexNAc3Hex2dHex2NeuAc0NeuGc0Pent0S0P0KDN0HexA0
G61151LQ	7108
G61170KL	7768
G61206XE	2243
G61207RZ	2195
G61244WO	5353
G61302NC	8090
G61311ZY	6268
G61330YQ	3393
G61334IA	2627
G61399NC	4021
G61399NC	8181
G61465OY	5119
G61466PB	comp_HexNAc4Hex6dHex3NeuAc1NeuGc0Pent0S0P0KDN0HexA0
G61467QZ	1961
G61491DK	749
G61505ZR	7503
G61582HZ	106
G61602PD	7167
G61605LI	comp_HexNAc5Hex5dHex4NeuAc0NeuGc0Pent0S0P0KDN0HexA0
G61613II	comp_HexNAc6Hex5dHex2NeuAc0NeuGc0Pent0S0P0KDN0HexA0
G61627IG	7439
G61684ET	3299
G61707PW	2175
G61726TP	7471
G61730RY	381
G61751GZ	1060
G61792ET	3375
G61846BY	5943
G61848LC	3789
G61855PQ	comp_HexNAc4Hex3dHex2NeuAc0NeuGc0Pent0S0P0KDN0HexA0
G61884GF	3401
G61886WA	4921
G61887VA	6958
G61889LW	458
G61894MD	6424
G61937QU	7531
G62015ZM	649
G62091GQ	7452
G62107VQ	444
G62111GI	comp_HexNAc5Hex2dHex0NeuAc0NeuGc0Pent0S0P0KDN0HexA0
G62120FH	2851
G62121FH	4603
G62150KR	comp_HexNAc1Hex2dHex0NeuAc0NeuGc0Pent1S0P0KDN0HexA2
G62165AG	7585
G62165AG	7717
G62273EM	comp_HexNAc5Hex4dHex1NeuAc0NeuGc0Pent0S2P0KDN0HexA0
G62274IX	552
G62349ZP	1385
G62389NM	2559
G62400CJ	7926
G62407IF	302
G62408IZ	7656
G62470AK	comp_HexNAc1Hex2dHex2NeuAc0NeuGc0Pent0S0P0KDN0HexA0
G62488UG	1411
G62531KN	233
G62595EF	comp_HexNAc4Hex7dHex1NeuAc0NeuGc0Pent0S0P0KDN0HexA0
G62619LG	2003
G62630PF	comp_HexNAc1Hex4dHex0NeuAc0NeuGc2Pent0S0P0KDN0HexA0
G62690FM	2585
G62695XZ	comp_HexNAc1Hex3dHex0NeuAc3NeuGc0Pent0S0P0KDN0HexA0
G62765SF	1977
G62765YT	comp_HexNAc2Hex8dHex0NeuAc0NeuGc0Pent0S0P0KDN0HexA0
G62768NK	4822
G62776HF	4063
G62785VB	7104
G62792OG	comp_HexNAc5Hex3dHex1NeuAc1NeuGc0Pent0S0P0KDN0HexA0
G62831KM	3697
G62837IG	7856
G62837OZ	8050
G62940AJ	comp_HexNAc2Hex4dHex0NeuAc0NeuGc0Pent0S0P0KDN0HexA1
G62946XF	3891
G62959JR	comp_HexNAc1Hex3dHex0NeuAc0NeuGc0Pent0S0P0KDN0HexA1
G63046OH	7839
G63065KG	1167
G63110FE	4226
G63149CW	4925
G63166WT	1701
G63236GA	comp_HexNAc4Hex5dHex1NeuAc0NeuGc0Pent0S1P0KDN0HexA0
G63273GB	comp_HexNAc5Hex3dHex0NeuAc0NeuGc0Pent0S1P0KDN0HexA0
G63276XU	comp_HexNAc6Hex3dHex0NeuAc1NeuGc0Pent0S0P0KDN0HexA0
G63303ZY	3357
G63329SO	392
G63334FZ	81
G63337SS	1677
G63342TJ	423
G63348GG	779
G63366CP	3315
G63382KW	3715
G63386TM	comp_HexNAc2Hex4dHex0NeuAc0NeuGc0Pent0S1P0KDN0HexA1
G63443GA	125
G63543FL	comp_HexNAc6Hex3dHex1NeuAc2NeuGc0Pent0S0P0KDN0HexA0
G63571FM	2593
G63600AJ	comp_HexNAc1Hex3dHex1NeuAc2NeuGc0Pent0S0P0KDN0HexA0
G63612VM	comp_HexNAc6Hex0dHex0NeuAc0NeuGc0Pent0S0P0KDN0HexA0
G63640QH	7741
G63660JP	6265
G63787RZ	7895
G63794QO	4468
G63814RL	7634
G63889NK	1669
G63898DA	6459
G63923YN	1857
G63939TP	7919
G63976LA	7265
G63976XX	comp_HexNAc8Hex6dHex0NeuAc0NeuGc0Pent0S0P0KDN0HexA0
G63992GH	8190
G64007OP	790
G64029DP	342
G64061QG	5829
G64076LG	5613
G64077VW	6155
G64092PM	5948
G64102JR	737
G64132UH	7292
G64161CC	7507
G64206XB	326
G64239ON	comp_HexNAc3Hex3dHex1NeuAc1NeuGc0Pent0S0P0KDN0HexA0
G64271PC	7085
G64276SW	5136
G64411TU	7458
G64458EC	780
G64468GG	6976
G64468KS	3215
G64481DJ	3133
G64527IJ	242
G64615IX	comp_HexNAc7Hex8dHex1NeuAc4NeuGc0Pent0S0P0KDN0HexA0
G64633BH	5369
G64669AQ	7370
G64706DG	3965
G64712UU	101
G64781ZV	1783
G64851ON	19
G64854QG	3181
G64876LY	comp_HexNAc4Hex2dHex2NeuAc0NeuGc0Pent0S0P0KDN0HexA0
G64916EE	comp_HexNAc6Hex5dHex2NeuAc1NeuGc0Pent0S0P0KDN0HexA0
G64931FF	450
G64973KT	5
G64996BH	5395
G65020KU	6983
G65124UZ	3145
G65169LC	6263
G65184UU	comp_HexNAc5Hex5dHex0NeuAc0NeuGc0Pent0S0P0KDN0HexA0
G65186XA	7777
G65186XA	7857
G65219TP	7678
G65223RT	8197
G65225MN	comp_HexNAc7Hex5dHex1NeuAc2NeuGc0Pent0S0P0KDN0HexA0
G65234FH	4235
G65255ZQ	707
G65343UJ	5663
G65365UP	7680
G65365ZJ	441
G65376QI	7317
G65449BO	5149
G65449OV	comp_HexNAc5Hex4dHex4NeuAc1NeuGc0Pent0S0P0KDN0HexA0
G65466VT	3983
G65550TC	7581
G65562ZE	7
G65562ZE	7681
G65597BI	7075
G65603XA	6105
G65635AB	6071
G65668CK	7684
G65681LR	comp_HexNAc5Hex4dHex0NeuAc0NeuGc0Pent0S0P0KDN0HexA0
G65774LN	719
G65807AE	comp_HexNAc5Hex4dHex3NeuAc0NeuGc0Pent0S0P0KDN0HexA0
G65832JS	3151
G65832SQ	364
G65835SY	4922
G65860IT	184
G65867II	4915
G65889KE	94
G65890UA	2019
G65890UA	7830
G65890UA	7939
G65896IX	7767
G65957XL	comp_HexNAc8Hex7dHex1NeuAc0NeuGc0Pent0S0P0KDN0HexA0
G65962DP	7160
G66008HG	7173
G66116BW	1093
G66129DI	4474
G66166BF	6962
G66204OA	1057
G66265KN	4357
G66282NU	1265
G66362RJ	comp_HexNAc7Hex7dHex1NeuAc4NeuGc0Pent0S0P0KDN0HexA0
G66418NO	510
G66419SM	52
G66504LK	3481
G66552NS	7334
G66620ON	comp_HexNAc7Hex7dHex3NeuAc2NeuGc0Pent0S0P0KDN0HexA0
G66665YI	1271
G66685IX	6849
G66751BK	7407
G66863RH	comp_HexNAc2Hex2dHex0NeuAc0NeuGc0Pent0S1P0KDN0HexA0
G66874OD	589
G66933CM	comp_HexNAc5Hex6dHex2NeuAc0NeuGc0Pent0S0P0KDN0HexA0
G66937TJ	1489
G66977DX	150
G66991YE	126
G67030CA	6687
G67038VS	8078
G67062YO	3171
G67172VF	comp_HexNAc0Hex4dHex2NeuAc0NeuGc0Pent0S0P0KDN0HexA0
G67173FM	5182
G67185CY	1893
G67220DU	3205
G67262JO	8085
G67324HN	comp_HexNAc3Hex5dHex1NeuAc1NeuGc0Pent0S0P0KDN0HexA0
G67367OT	comp_HexNAc7Hex3dHex1NeuAc0NeuGc0Pent0S0P0KDN0HexA0
G67381VP	1643
G67393WG	4228
G67486RJ	comp_HexNAc4Hex3dHex0NeuAc0NeuGc0Pent0S1P0KDN0HexA0
G67531TM	comp_HexNAc2Hex2dHex3NeuAc0NeuGc0Pent0S0P0KDN0HexA0
G67561OD	7305
G67610NV	4805
G67631MS	comp_HexNAc2Hex2dHex1NeuAc0NeuGc0Pent0S1P0KDN0HexA0
G67660KD	2263
G67797SG	6295
G67808LV	183
G67942CH	7364
G67942CH	7894
G67971GL	6426
G67972MN	1023
G67992SW	6450
G68011BL	6435
G68043NM	7785
G68053UD	7182
G68080UR	1803
G68164MW	3545
G68193LO	comp_HexNAc9Hex11dHex2NeuAc0NeuGc0Pent0S0P0KDN0HexA0
G68200GL	200
G68209WQ	7759
G68249NJ	8186
G68283NG	5345
G68317EO	2010
G68318VE	comp_HexNAc5Hex4dHex1NeuAc0NeuGc0Pent0S0P0KDN0HexA0
G68391RZ	283
G68442BQ	5349
G68513DO	comp_HexNAc4Hex5dHex1NeuAc4NeuGc0Pent0S0P0KDN0HexA0
G68544GH	726
G68615TX	332
G68627ND	comp_HexNAc1Hex0dHex1NeuAc0NeuGc0Pent1S0P0KDN0HexA0
G68668TB	1066
G68686HN	684
G68698AP	7694
G68712AK	3245
G68712OQ	2014
G68732HN	7942
G68758PE	2159
G68795JE	3317
G68814GS	7048
G68814VP	comp_HexNAc7Hex6dHex6NeuAc0NeuGc0Pent0S0P0KDN0HexA0
G68866GS	5543
G68892PJ	1991
G68908VL	5525
G68937TM	2629
G68957QP	3021
G68969GZ	7704
G68983XG	4133
G68985JM	comp_HexNAc2Hex0dHex0NeuAc1NeuGc0Pent0S0P0KDN0HexA0
G69031IF	comp_HexNAc2Hex8dHex1NeuAc0NeuGc0Pent0S0P0KDN0HexA0
G69062KW	7674
G69107AL	comp_HexNAc5Hex5dHex3NeuAc0NeuGc0Pent0S0P0KDN0HexA0
G69118GP	373
G69118IP	2467
G69121UK	comp_HexNAc5Hex3dHex1NeuAc0NeuGc0Pent0S1P0KDN0HexA0
G69149KK	2179
G69170UT	5152
G69172IN	6947
G69213EN	4591
G69233PF	451
G69236TQ	7719
G69299FB	8064
G69327YC	7308
G69364JQ	comp_HexNAc6Hex5dHex1NeuAc0NeuGc0Pent0S0P0KDN0HexA0
G69411IG	2103
G69433EY	8117
G69500TM	350
G69579SR	comp_HexNAc2Hex9dHex1NeuAc0NeuGc0Pent0S0P0KDN0HexA0
G69591OQ	5536
G69600TI	1231
G69723CB	542
G69734OB	5550
G69768VE	comp_HexNAc3Hex3dHex3NeuAc0NeuGc0Pent0S0P0KDN0HexA0
G69774ND	685
G69837XX	228
G69861RB	comp_HexNAc4Hex6dHex3NeuAc2NeuGc0Pent0S0P0KDN0HexA0
G69982RY	6062
G70087PV	comp_HexNAc5Hex4dHex2NeuAc1NeuGc0Pent0S0P0KDN0HexA0
G70125XL	355
G70158KQ	92
G70258ML	7733
G70277OJ	7140
G70333IQ	comp_HexNAc4Hex5dHex5NeuAc0NeuGc0Pent0S0P0KDN0HexA0
G70339XQ	7514
G70357WK	3437
G70511VE	2025
G70568SB	3651
G70670FB	2239
G70684QL	1419
G70693FX	417
G70696MD	comp_HexNAc3Hex7dHex0NeuAc1NeuGc0Pent0S0P0KDN0HexA0
G70696MD	comp_HexNAc7Hex9dHex0NeuAc0NeuGc0Pent0S0P0KDN0HexA0
G70708LW	2165
G70757BE	3361
G70757IC	6857
G70783BY	325
G70787JZ	comp_HexNAc3Hex5dHex4NeuAc0NeuGc0Pent0S0P0KDN0HexA0
G70830AN	7147
G70838JA	6464
G70874WW	4013
G70898AL	5477
G70903NP	1591
G70945OS	4356
G70980PN	631
G71013KY	1499
G71013KY	7901
G71017QR	7159
G71066WE	6858
G71071YT	7755
G71077LD	507
G71085CJ	3201
G71124KE	646
G71142DF	656
G71142DF	7794
G71146HJ	8136
G71146MY	3473
G71165VR	565
G71176ZY	3943
G71200GP	5553
G71237SD	7046
G71269BI	2919
G71306LD	327
G71367OV	5097
G71388ZW	6449
G71470CO	4475
G71527NE	7464
G71534SX	2057
G71537VS	2117
G71549MK	4817
G71549TN	358
G71575PR	38
G71600XR	comp_HexNAc1Hex4dHex0NeuAc0NeuGc0Pent0S1P0KDN0HexA0
G71640LP	comp_HexNAc6Hex3dHex1NeuAc0NeuGc0Pent0S2P0KDN0HexA0
G71690HK	3987
G71797UT	4586
G71814NS	644
G71835BN	4344
G71889QA	comp_HexNAc1Hex5dHex1NeuAc0NeuGc0Pent0S0P0KDN0HexA0
G71906BW	5172
G71919QK	7812
G71964JP	6955
G72002FC	8183
G72037LH	5378
G72057XQ	6469
G72067BD	5538
G72078OX	1737
G72082VM	2459
G72221XM	1151
G72260GO	1139
G72282QM	4632
G72309KR	7624
G72338UH	420
G72396FA	558
G72580QS	4924
G72698LT	2030
G72701VD	6971
G72718TT	2661
G72731KV	comp_HexNAc2Hex3dHex0NeuAc0NeuGc0Pent1S0P0KDN0HexA0
G72769FF	5375
G72787SB	comp_HexNAc4Hex4dHex0NeuAc0NeuGc0Pent0S0P0KDN0HexA0
G72790NZ	comp_HexNAc5Hex4dHex0NeuAc0NeuGc0Pent0S0P0KDN0HexA0
G72790QJ	673
G72791KH	comp_HexNAc3Hex4dHex1NeuAc1NeuGc0Pent0S0P0KDN0HexA0
G72907TK	5546
G72923FK	4200
G72942AT	7004
G72956NR	3541
G72974NP	3125
G73004SD	comp_HexNAc3Hex2dHex0NeuAc0NeuGc0Pent0S0P0KDN0HexA0
G73006TR	3499
G73073LQ	1927
G73139AM	3241
G73408MO	7563
G73418FX	1135
G73423PD	447
G73430PD	comp_HexNAc7Hex3dHex0NeuAc0NeuGc0Pent0S0P0KDN0HexA0
G73455AR	6697
G73519FS	5507
G73578JC	2599
G73628VX	532
G73686WG	comp_HexNAc6Hex7dHex1NeuAc1NeuGc0Pent0S0P0KDN0HexA0
G73716BT	6470
G73759SD	2685
G73857SS	comp_HexNAc1Hex2dHex0NeuAc0NeuGc0Pent0S2P0KDN0HexA0
G73885NP	comp_HexNAc1Hex3dHex0NeuAc4NeuGc0Pent0S0P0KDN0HexA0
G73918EY	comp_HexNAc6Hex7dHex3NeuAc1NeuGc0Pent0S0P0KDN0HexA0
G73943YH	comp_HexNAc5Hex4dHex1NeuAc0NeuGc0Pent0S1P0KDN0HexA0
G73977KO	6996
G73997SB	comp_HexNAc4Hex4dHex0NeuAc0NeuGc1Pent0S0P0KDN0HexA0
G74012OU	7918
G74038AG	4463
G74107UT	3109
G74120DW	7889
G74179EL	465
G74239ZQ	2679
G74264KM	5344
G74286KY	2901
G74320MK	7792
G74378SU	1485
G74392IM	comp_HexNAc1Hex0dHex2NeuAc0NeuGc0Pent0S0P0KDN0HexA0
G74473MP	7360
G74497TS	4610
G74518AV	6850
G74571ZF	2063
G74594TP	6134
G74645FT	1649
G74675FC	3799
G74699ZT	602
G74735AT	7014
G74807KC	3811
G74815GQ	5957
G74827ZJ	3637
G74838NI	7524
G74840NI	645
G74859XI	1755
G74900AO	1835
G74910CR	4039
G74916CC	4109
G74928QN	2177
G74962RY	8140
G75032PM	367
G75097MF	2201
G75120WS	1261
G75221WP	8147
G75235YS	2633
G75269BP	1117
G75280ZD	4097
G75303RX	3471
G75308SV	3993
G75314QO	3269
G75397RL	comp_HexNAc6Hex4dHex3NeuAc0NeuGc0Pent0S0P0KDN0HexA0
G75407BJ	comp_HexNAc2Hex5dHex2NeuAc0NeuGc0Pent0S0P0KDN0HexA0
G75445NA	3449
G75472OU	238
G75489FE	7175
G75494EI	7869
G75520NV	4806
G75528JJ	5831
G75529LE	528
G75564FK	1387
G75568BH	comp_HexNAc7Hex8dHex0NeuAc0NeuGc0Pent0S0P0KDN0HexA0
G75594YZ	1885
G75632DB	2827
G75648IS	186
G75698JE	6695
G75710HI	336
G75717AV	3639
G75727PF	2127
G75749JP	509
G75750DH	4115
G75798PH	7631
G75839LJ	7492
G75847DX	5113
G75850OP	1243
G75853FN	1399
G75896PD	2993
G75903TQ	6591
G75959TE	comp_HexNAc1Hex3dHex0NeuAc0NeuGc0Pent0S1P0KDN0HexA0
G75977KH	7793
G76012OT	3959
G76014WR	7107
G76055XW	6847
G76079RC	6335
G76080EE	comp_HexNAc1Hex3dHex0NeuAc0NeuGc1Pent0S0P0KDN0HexA0
G76104SB	4248
G76136FD	1953
G76190UX	6889
G76242WH	7164
G76285RN	7874
G76294TY	5164
G76329VE	7259
G76331QP	2583
G76343XZ	563
G76355TG	29
G76387IG	65
G76422GC	2865
G76429IR	4141
G76456II	3945
G76478FT	1223
G76496FO	1047
G76519VT	7512
G76571JT	6869
G76584SS	2043
G76610HM	4079
G76630AE	1965
G76675AB	1761
G76685HR	comp_HexNAc0Hex0dHex0NeuAc1NeuGc0Pent0S0P0KDN0HexA0
G76763LN	145
G76807JB	1509
G76824BS	8095
G76855CI	5838
G77000EG	610
G77038WW	4241
G77085GN	7870
G77122IZ	3489
G77148DL	6594
G77149EE	1891
G77157XU	7851
G77198CF	7667
G77252PU	1187
G77277EH	comp_HexNAc7Hex9dHex1NeuAc1NeuGc0Pent0S0P0KDN0HexA0
G77330IO	comp_HexNAc1Hex2dHex0NeuAc0NeuGc1Pent0S0P0KDN0HexA0
G77380JK	comp_HexNAc6Hex3dHex4NeuAc0NeuGc0Pent0S0P0KDN0HexA0
G77384FE	3801
G77447DK	5488
G77459ND	8154
G77477NL	160
G77485UZ	7044
G77537OB	7307
G77550KK	319
G77562VR	2831
G77593JU	4599
G77653XA	3175
G77679NJ	6438
G77725ZE	8116
G77740PR	128
G77852EK	5583
G77865AH	752
G77937PE	172
G77964WB	7519
G78019KD	7626
G78030KJ	1193
G78059CC	1603
G78074HX	4119
G78097CL	3807
G78106KK	185
G78263DG	4057
G78272DJ	1055
G78276SQ	4783
G78315BS	311
G78315FS	6821
G78333MH	735
G78374AB	5365
G78445JO	7745
G78454JO	3477
G78519JI	6951
G78555BT	3675
G78602KL	7011
G78608GK	2881
G78644BR	7630
G78644BR	7732
G78757GA	5564
G78768PN	548
G78811TO	comp_HexNAc6Hex7dHex5NeuAc0NeuGc0Pent0S0P0KDN0HexA0
G78890OB	1313
G78928PU	68
G78930SC	4114
G78941GA	8187
G78951XL	6430
G78980OK	2939
G78983WZ	comp_HexNAc1Hex3dHex0NeuAc0NeuGc2Pent0S0P0KDN0HexA0
G79026TT	7038
G79066ZG	8129
G79167DN	7102
G79198BK	6115
G79274RH	5371
G79302PB	1799
G79318PG	5955
G79394LC	6070
G79485UE	comp_HexNAc2Hex0dHex0NeuAc0NeuGc0Pent0S2P0KDN0HexA2
G79536OW	4637
G79556AB	6067
G79565XA	5171
G79578JB	1253
G79635DB	comp_HexNAc7Hex8dHex6NeuAc0NeuGc0Pent0S0P0KDN0HexA0
G79745PG	7640
G79809MM	1661
G79896CK	3871
G79939YZ	7501
G79941IJ	comp_HexNAc6Hex4dHex1NeuAc1NeuGc0Pent0S0P0KDN0HexA0
G79982IL	7097
G80005YU	6940
G80019AK	3169
G80111QD	651
G80123ZU	7105
G80155BS	6698
G80218BM	3273
G80264ZA	1413
G80280AS	comp_HexNAc4Hex5dHex1NeuAc0NeuGc1Pent0S0P0KDN0HexA0
G80294GH	2189
G80319WU	5169
G80351KB	comp_HexNAc5Hex0dHex0NeuAc0NeuGc0Pent0S0P0KDN0HexA0
G80366RR	1565
G80393PG	1883
G80393RT	8199
G80408KP	comp_HexNAc5Hex9dHex0NeuAc0NeuGc0Pent0S0P0KDN0HexA0
G80416YI	410
G80475RE	comp_HexNAc3Hex3dHex1NeuAc0NeuGc0Pent0S0P0KDN0HexA0
G80537QW	1797
G80577OW	424
G80578OK	7899
G80586MF	comp_HexNAc6Hex8dHex1NeuAc3NeuGc0Pent0S0P0KDN0HexA0
G80661YI	2657
G80678MA	7564
G80700YJ	4106
G80723WE	comp_HexNAc6Hex8dHex1NeuAc0NeuGc0Pent0S0P0KDN0HexA0
G80733LA	8096
G80735OA	comp_HexNAc6Hex6dHex1NeuAc0NeuGc0Pent0S0P0KDN0HexA0
G80735WD	1971
G80759CD	7864
G80799RX	6439
G80858MF	1099
G80903UK	10
G80920RR	comp_HexNAc2Hex9dHex0NeuAc0NeuGc0Pent0S0P0KDN0HexA0
G80920TO	5121
G80962OX	2949
G80966KZ	1064
G81016SV	307
G81107PN	4798
G81124ET	comp_HexNAc7Hex9dHex0NeuAc0NeuGc0Pent0S0P0KDN0HexA0
G81128KB	comp_HexNAc6Hex7dHex4NeuAc1NeuGc0Pent0S0P0KDN0HexA0
G81216TA	comp_HexNAc0Hex2dHex0NeuAc0NeuGc0Pent1S0P0KDN0HexA0
G81247ZO	7867
G81266TW	6848
G81269JJ	2581
G81272FZ	497
G81282CC	2981
G81315DD	2033
G81326IN	7387
G81338NH	7138
G81349OI	4472
G81353SK	8106
G81378YR	8218
G81392TU	6112
G81397LO	3421
G81399MY	comp_HexNAc0Hex1dHex0NeuAc0NeuGc0Pent0S0P0KDN0HexA0
G81410HG	5134
G81413UE	7834
G81459MV	7703
G81486AM	8168
G81488EC	8088
G81527RS	7214
G81541IU	4464
G81572SC	comp_HexNAc4Hex4dHex1NeuAc2NeuGc0Pent0S0P0KDN0HexA0
G81581UV	7569
G81632WR	189
G81740BZ	6333
G81740BZ	8192
G81793BO	3191
G81813WJ	2961
G81866HW	1025
G81877PA	5669
G81920JR	comp_HexNAc4Hex3dHex1NeuAc0NeuGc0Pent1S0P0KDN0HexA0
G82020ZR	7836
G82050MN	1263
G82092PV	372
G82138AT	7494
G82140BL	6055
G82252QI	1225
G82312JY	3103
G82320NZ	2535
G82324DC	781
G82348BZ	1477
G82348BZ	7760
G82348BZ	7803
G82348BZ	7954
G82350LU	722
G82363EY	508
G82364UA	comp_HexNAc2Hex4dHex1NeuAc0NeuGc0Pent0S0P0KDN0HexA0
G82388RB	7169
G82410AF	2005
G82420SH	2563
G82458HY	comp_HexNAc1Hex1dHex2NeuAc0NeuGc0Pent0S0P0KDN0HexA0
G82514MH	7716
G82576YO	7790
G82594YX	2143
G82622JD	7821
G82675BX	2959
G82680EC	3019
G82680EC	7966
G82698QQ	579
G82753OZ	7936
G82753OZ	8232
G82779CI	7762
G82811EP	1547
G82881HF	7333
G82894XV	5181
G82942ZJ	2989
G82955EQ	4349
G82985VK	comp_HexNAc1Hex8dHex0NeuAc0NeuGc0Pent0S0P0KDN0HexA0
G83006TR	4110
G83009TH	7752
G83141DC	comp_HexNAc7Hex7dHex1NeuAc2NeuGc0Pent0S0P0KDN0HexA0
G83159ZN	8150
G83161QT	1085
G83204BU	8062
G83206VX	5567
G83213GG	7708
G83258AP	7959
G83273JI	7623
G83295QG	7604
G83355KE	3693
G83377MZ	1909
G83386PJ	2191
G83460ZZ	comp_HexNAc2Hex10dHex0NeuAc0NeuGc0Pent0S0P0KDN0HexA0
G83461WR	2921
G83513YI	4636
G83555HU	comp_HexNAc4Hex5dHex1NeuAc0NeuGc0Pent0S0P0KDN0HexA0
G83568RU	3049
G83582BK	1627
G83632OV	5129
G83633GK	comp_HexNAc6Hex3dHex0NeuAc0NeuGc0Pent0S0P0KDN0HexA0
G83635VI	7822
G83643ND	309
G83645LY	7189
G83646BJ	comp_HexNAc5Hex5dHex0NeuAc1NeuGc0Pent0S0P0KDN0HexA0
G83653PM	5549
G83738AG	1425
G83878UZ	2639
G83885CD	626
G83950JR	239
G83973UR	comp_HexNAc5Hex6dHex0NeuAc0NeuGc0Pent0S2P0KDN0HexA0
G84147VQ	7072
G84155GY	7565
G84155GY	7729
G84160ZT	1781
G84164DF	comp_HexNAc3Hex3dHex1NeuAc0NeuGc0Pent1S0P0KDN0HexA0
G84173YM	4639
G84224TW	4019
G84289JA	comp_HexNAc1Hex0dHex0NeuAc0NeuGc0Pent0S3P0KDN0HexA1
G84291SQ	comp_HexNAc4Hex5dHex2NeuAc2NeuGc0Pent0S0P0KDN0HexA0
G84320LV	comp_HexNAc5Hex6dHex2NeuAc2NeuGc0Pent0S0P0KDN0HexA0
G84322TE	comp_HexNAc0Hex5dHex0NeuAc0NeuGc0Pent0S0P0KDN0HexA0
G84330VA	6077
G84331QL	7440
G84362VL	7589
G84369XK	7177
G84376FR	1255
G84390MS	2001
G84398ZW	710
G84435MS	comp_HexNAc4Hex0dHex0NeuAc0NeuGc0Pent0S0P0KDN0HexA0
G84467IZ	1249
G84492TS	comp_HexNAc5Hex5dHex2NeuAc1NeuGc0Pent0S0P0KDN0HexA0
G84536BM	1429
G84543RP	6056
G84552CD	7955
G84596RP	640
G84664JR	comp_HexNAc7Hex9dHex1NeuAc0NeuGc0Pent0S0P0KDN0HexA0
G84701HV	comp_HexNAc0Hex2dHex0NeuAc2NeuGc0Pent0S0P0KDN0HexA0
G84712KL	comp_HexNAc7Hex3dHex2NeuAc1NeuGc0Pent0S0P0KDN0HexA0
G84756CG	3321
G84783XD	6049
G84811LS	3455
G84821OV	6950
G84825UQ	comp_HexNAc2Hex1dHex1NeuAc0NeuGc0Pent1S0P0KDN0HexA0
G84852GW	7737
G84853WN	50
G84854EH	comp_HexNAc0Hex0dHex0NeuAc0NeuGc0Pent1S0P0KDN0HexA1
G84862JD	comp_HexNAc2Hex0dHex0NeuAc0NeuGc0Pent0S5P0KDN0HexA2
G85002XD	7117
G85012LW	7174
G85041WE	3411
G85079IJ	247
G85085RX	6432
G85098WU	6054
G85121LW	4630
G85139RC	2281
G85141ZP	2271
G85144OK	comp_HexNAc5Hex6dHex1NeuAc2NeuGc0Pent0S0P0KDN0HexA0
G85170GM	8123
G85194VU	5091
G85196CF	657
G85196QC	3963
G85200GZ	2483
G85208SY	6987
G85213IC	377
G85256OK	6592
G85282JO	comp_HexNAc6Hex6dHex0NeuAc1NeuGc0Pent0S0P0KDN0HexA0
G85302QR	4204
G85311QD	7281
G85313YF	294
G85335EW	comp_HexNAc2Hex4dHex0NeuAc0NeuGc0Pent1S0P0KDN0HexA0
G85373BL	comp_HexNAc3Hex0dHex0NeuAc0NeuGc0Pent0S3P0KDN0HexA2
G85425ER	7651
G85447US	6052
G85479RL	4364
G85542KD	1149
G85544LX	7635
G85582CB	comp_HexNAc4Hex4dHex0NeuAc2NeuGc0Pent0S0P0KDN0HexA0
G85608AG	8063
G85678WN	1925
G85702AE	8144
G85709JZ	5103
G85726QE	8224
G85737WG	7744
G85740DB	comp_HexNAc5Hex5dHex1NeuAc0NeuGc0Pent0S0P0KDN0HexA0
G85767HW	1497
G85839YN	3731
G85903ZE	6043
G85945LZ	comp_HexNAc1Hex7dHex0NeuAc0NeuGc0Pent0S0P0KDN0HexA0
G85987RP	comp_HexNAc5Hex7dHex1NeuAc0NeuGc0Pent0S0P0KDN0HexA0
G86022PE	2153
G86071XD	6855
G86102AA	1035
G86130AV	7181
G86143FV	8210
G86170HL	5799
G86182NS	comp_HexNAc5Hex4dHex0NeuAc1NeuGc0Pent0S0P0KDN0HexA0
G86186US	356
G86221TG	7179
G86270DU	1813
G86270PX	comp_HexNAc4Hex4dHex1NeuAc0NeuGc0Pent0S1P0KDN0HexA0
G86298IX	6069
G86307FI	6555
G86357DX	1663
G86364NQ	comp_HexNAc4Hex5dHex3NeuAc3NeuGc0Pent0S0P0KDN0HexA0
G86375CM	526
G86387VT	714
G86389LM	655
G86419OL	1595
G86458FO	comp_HexNAc4Hex2dHex3NeuAc0NeuGc0Pent0S0P0KDN0HexA0
G86503RS	5617
G86509KY	comp_HexNAc7Hex5dHex4NeuAc1NeuGc0Pent0S0P0KDN0HexA0
G86537AD	688
G86555OF	7479
G86577AW	comp_HexNAc6Hex4dHex5NeuAc1NeuGc0Pent0S0P0KDN0HexA0
G86632ZU	7545
G86696LV	1751
G86705PH	5665
G86718YQ	277
G86750HK	3553
G86752LQ	comp_HexNAc5Hex6dHex1NeuAc1NeuGc0Pent0S0P0KDN0HexA0
G86753CK	1747
G86759QR	3037
G86800DW	comp_HexNAc1Hex12dHex0NeuAc0NeuGc0Pent0S0P0KDN0HexA0
G86822MM	8228
G86851RC	3183
G86867OD	198
G86904UH	5953
G86928UZ	7388
G87046BF	comp_HexNAc3Hex0dHex0NeuAc0NeuGc0Pent0S4P0KDN0HexA2
G87051GH	comp_HexNAc4Hex5dHex3NeuAc0NeuGc0Pent0S0P0KDN0HexA0
G87073UP	2977
G87138HL	2053
G87139BK	comp_HexNAc6Hex4dHex1NeuAc2NeuGc0Pent0S0P0KDN0HexA0
G87181RG	3609
G87183DD	comp_HexNAc7Hex7dHex5NeuAc0NeuGc0Pent0S0P0KDN0HexA0
G87208AT	comp_HexNAc6Hex8dHex0NeuAc1NeuGc0Pent0S0P0KDN0HexA0
G87418CY	4212
G87422CM	5950
G87433AX	7863
G87444MS	525
G87457SB	1619
G87505EW	7928
G87535DG	7612
G87550UN	5556
G87574LM	395
G87597CN	7513
G87618BG	7401
G87633UQ	1837
G87666TN	742
G87694ZF	7262
G87802WG	7677
G87831WZ	comp_HexNAc1Hex4dHex0NeuAc2NeuGc0Pent0S0P0KDN0HexA0
G87849GZ	comp_HexNAc6Hex4dHex2NeuAc2NeuGc0Pent0S0P0KDN0HexA0
G87849RX	comp_HexNAc5Hex5dHex5NeuAc0NeuGc0Pent0S0P0KDN0HexA0
G87875QF	comp_HexNAc4Hex4dHex0NeuAc4NeuGc0Pent0S0P0KDN0HexA0
G87889NL	2109
G87947EJ	7855
G88027AL	2011
G88067KZ	5487
G88068QT	1921
G88139CF	4230
G88198IB	comp_HexNAc5Hex5dHex3NeuAc1NeuGc0Pent0S0P0KDN0HexA0
G88204LN	4229
G88303DD	2923
G88313DY	366
G88374WZ	comp_HexNAc4Hex5dHex1NeuAc2NeuGc0Pent0S0P0KDN0HexA0
G88382QE	4282
G88417ED	1147
G88431DQ	comp_HexNAc1Hex0dHex0NeuAc0NeuGc0Pent0S2P0KDN0HexA1
G88433PA	1859
G88461FF	1145
G88464ZX	677
G88505QR	6280
G88509SO	7098
G88555GL	5504
G88586VC	4116
G88664VT	3887
G88670FJ	7903
G88673AA	3279
G88696BY	308
G88696CU	4790
G88707IJ	1217
G88713AC	comp_HexNAc3Hex1dHex0NeuAc0NeuGc0Pent0S0P0KDN0HexA0
G88725PI	comp_HexNAc5Hex3dHex1NeuAc0NeuGc0Pent0S0P0KDN0HexA0
G88775CU	comp_HexNAc3Hex1dHex2NeuAc0NeuGc0Pent0S0P0KDN0HexA0
G88865JK	1805
G88928GI	3117
G88948CY	1157
G89009DQ	comp_HexNAc7Hex6dHex1NeuAc0NeuGc0Pent0S0P0KDN0HexA0
G89026DU	394
G89089XB	486
G89117DH	2929
G89168LM	1667
G89170GQ	4443
G89186VO	2521
G89210OT	363
G89241QS	7209
G89253ZV	2267
G89315II	7314
G89354EL	175
G89373FA	comp_HexNAc7Hex3dHex0NeuAc2NeuGc0Pent0S0P0KDN0HexA0
G89417VQ	3467
G89430VM	comp_HexNAc6Hex3dHex0NeuAc0NeuGc0Pent0S1P0KDN0HexA0
G89477FF	3633
G89585FG	240
G89620UQ	7348
G89659QV	4143
G89664KV	2677
G89719WD	2012
G89720WL	582
G89738LW	7880
G89748NG	6548
G89864BN	1681
G89864HJ	comp_HexNAc0Hex2dHex1NeuAc0NeuGc0Pent0S0P0KDN0HexA0
G89877QI	1615
G89878AA	1845
G89878ZY	7470
G89941FZ	1373
G89993FE	2073
G90065BD	2945
G90085MT	comp_HexNAc1Hex0dHex0NeuAc1NeuGc0Pent0S0P0KDN0HexA0
G90130AG	6994
G90175OT	2645
G90202LF	5481
G90205AB	155
G90206GU	6685
G90221FQ	86
G90245IA	comp_HexNAc7Hex4dHex1NeuAc1NeuGc0Pent0S0P0KDN0HexA0
G90304FZ	3267
G90306QO	comp_HexNAc0Hex4dHex0NeuAc0NeuGc0Pent0S0P0KDN0HexA0
G90333CG	1733
G90348RI	1227
G90352XZ	7150
G90415UF	comp_HexNAc0Hex2dHex0NeuAc0NeuGc0Pent1S1P0KDN0HexA1
G90423UY	comp_HexNAc2Hex0dHex2NeuAc0NeuGc0Pent0S0P0KDN0HexA0
G90426CG	3285
G90441KT	7587
G90443NH	7605
G90444EI	comp_HexNAc9Hex8dHex1NeuAc0NeuGc0Pent0S0P0KDN0HexA0
G90463CM	5518
G90519UC	comp_HexNAc2Hex4dHex0NeuAc0NeuGc2Pent0S0P0KDN0HexA0
G90542MP	1557
G90575VK	7200
G90627TW	comp_HexNAc0Hex2dHex0NeuAc0NeuGc0Pent0S0P0KDN0HexA0
G90665OT	comp_HexNAc2Hex4dHex3NeuAc0NeuGc0Pent0S0P0KDN0HexA0
G90667JK	5141
G90669BC	1278
G90670ZD	6101
G90688JZ	5514
G90689AW	58
G90717TP	3343
G90719NY	6264
G90725ZC	4017
G90734RJ	comp_HexNAc4Hex3dHex0NeuAc1NeuGc0Pent0S0P0KDN0HexA0
G90743AT	6595
G90784AP	2667
G90789YQ	7742
G90825UM	1697
G90870DG	7342
G90881NN	comp_HexNAc7Hex7dHex3NeuAc1NeuGc0Pent0S0P0KDN0HexA0
G90885MZ	comp_HexNAc6Hex6dHex1NeuAc3NeuGc0Pent0S0P0KDN0HexA0
G90928ZN	496
G90974OV	678
G90987JA	5145
G91005JW	3555
G91023GB	1609
G91028VZ	3453
G91054ZN	7007
G91130VE	7537
G91158SA	comp_HexNAc8Hex6dHex3NeuAc0NeuGc0Pent0S0P0KDN0HexA0
G91237TK	3775
G91313DF	133
G91337ZP	2951
G91365ZQ	1107
G91413ZX	1195
G91425YG	6058
G91438JH	5515
G91471TQ	7599
G91491VF	comp_HexNAc10Hex10dHex2NeuAc0NeuGc0Pent0S0P0KDN0HexA0
G91511MZ	1685
G91527XZ	6044
G91550OH	7386
G91558YX	3877
G91563MR	601
G91591MO	7163
G91591WO	6135
G91623TN	7806
G91627PX	506
G91704UR	1679
G91775YA	162
G91819LE	7158
G91832SW	6102
G91875JA	349
G91905FJ	1795
G91972CK	6596
G92050GC	comp_HexNAc2Hex4dHex0NeuAc0NeuGc0Pent0S0P0KDN0HexA0
G92089QC	3735
G92119WG	comp_HexNAc4Hex4dHex0NeuAc0NeuGc0Pent0S1P0KDN0HexA0
G92129PT	7641
G92129PT	7757
G92188CK	6425
G92198TI	comp_HexNAc6Hex3dHex5NeuAc0NeuGc0Pent0S0P0KDN0HexA0
G92252GS	670
G92289SP	2517
G92311HB	1583
G92332SI	297
G92417HI	2965
G92423MT	527
G92534LG	7559
G92567CF	3187
G92570PJ	2991
G92570PJ	8241
G92574YO	1749
G92597CK	comp_HexNAc3Hex4dHex2NeuAc0NeuGc0Pent0S0P0KDN0HexA0
G92616PG	2037
G92617LF	7488
G92646KL	comp_HexNAc6Hex4dHex5NeuAc0NeuGc0Pent0S0P0KDN0HexA0
G92681HQ	5167
G92697XR	8100
G92708ST	7092
G92709EO	4788
G92793BY	5479
G92821TF	comp_HexNAc4Hex4dHex0NeuAc0NeuGc1Pent0S0P0KDN0HexA0
G92821YI	4340
G92826BL	2499
G92882FR	7012
G92974UU	5185
G92975MH	5961
G93019KS	6696
G93054SS	7043
G93107BF	7945
G93135PI	2941
G93141AZ	3345
G93204KY	2869
G93227HA	6975
G93284HQ	3057
G93350GF	557
G93365SG	4447
G93470LV	672
G93495HT	5540
G93500PH	2931
G93519WM	5506
G93526NJ	comp_HexNAc6Hex3dHex3NeuAc0NeuGc0Pent0S0P0KDN0HexA0
G93527UH	2277
G93579XB	comp_HexNAc2Hex2dHex1NeuAc0NeuGc0Pent0S0P0KDN0HexA0
G93636BY	59
G93692RJ	5839
G93742BI	7082
G93775KQ	3537
G93780GR	7956
G93822DY	7172
G93856AJ	3957
G93860XO	8093
G93880KF	4085
G93922AL	3565
G93930NP	1329
G93975QL	4624
G93993PD	7868
G93999ON	7784
G94000HM	2957
G94013DC	2059
G94045IP	2861
G94047VH	1539
G94094XU	comp_HexNAc0Hex2dHex0NeuAc1NeuGc0Pent0S0P0KDN0HexA0
G94106MV	2041
G94113YV	8081
G94141FZ	3927
G94163JU	7693
G94163JZ	1415
G94180RN	740
G94192DA	4365
G94195LE	1021
G94217FB	516
G94252JR	2061
G94278TT	3605
G94281RO	3879
G94296FS	1361
G94373HA	7774
G94396RB	3689
G94435QH	159
G94490EL	1323
G94506PU	6120
G94514IB	166
G94531EZ	1199
G94536SD	5502
G94543DB	7948
G94583DZ	comp_HexNAc2Hex1dHex1NeuAc0NeuGc0Pent0S0P0KDN0HexA0
G94591GB	7154
G94595ZZ	369
G94622PU	3441
G94626GC	3447
G94855OA	7318
G94876HV	5180
G94910QI	3141
G94917XT	comp_HexNAc5Hex6dHex1NeuAc3NeuGc0Pent0S0P0KDN0HexA0
G94941PK	788
G94971CC	597
G94972RF	443
G94989HM	5498
G95196FC	753
G95198OA	7947
G95198OA	8243
G95324VU	711
G95336MK	3203
G95368PR	7375
G95402JB	8089
G95440AJ	comp_HexNAc2Hex2dHex1NeuAc0NeuGc0Pent1S0P0KDN0HexA0
G95450GE	2125
G95484XN	comp_HexNAc7Hex8dHex1NeuAc2NeuGc0Pent0S0P0KDN0HexA0
G95560ML	374
G95575GS	7824
G95575GS	7877
G95617FJ	7384
G95658PH	1959
G95660LN	4227
G95678HJ	comp_HexNAc6Hex7dHex1NeuAc4NeuGc0Pent0S0P0KDN0HexA0
G95685MI	8141
G95721QY	4611
G95759LT	5373
G95776JG	7096
G95809LN	700
G95835XS	comp_HexNAc5Hex4dHex1NeuAc2NeuGc0Pent0S0P0KDN0HexA0
G95849ZD	1211
G95861KV	3929
G95865ZB	comp_HexNAc3Hex4dHex0NeuAc1NeuGc0Pent0S0P0KDN0HexA0
G95898GD	1651
G95901MC	3017
G95960IL	4095
G95963DM	7000
G95989NQ	1393
G96002QE	comp_HexNAc7Hex7dHex2NeuAc0NeuGc0Pent0S0P0KDN0HexA0
G96063MG	1141
G96066HD	2
G96079KC	3493
G96095QD	7837
G96373XG	8092
G96399PG	7051
G96416NB	578
G96430BV	comp_HexNAc8Hex3dHex0NeuAc0NeuGc0Pent0S0P0KDN0HexA0
G96489SM	7941
G96503EZ	1975
G96536XO	7472
G96576WB	6953
G96588SJ	178
G96622LK	3729
G96715CG	6266
G96719MC	1997
G96771UL	3403
G96914KN	6080
G96921ZU	1527
G96925LL	4609
G96970RU	comp_HexNAc1Hex3dHex0NeuAc2NeuGc0Pent0S0P0KDN0HexA0
G97007IY	6856
G97028UT	7412
G97037FD	5109
G97078QF	2925
G97129CF	3595
G97160DA	6969
G97192JF	3435
G97205DE	comp_HexNAc2Hex4dHex0NeuAc1NeuGc0Pent0S0P0KDN0HexA0
G97213ID	523
G97227KS	595
G97263AV	9
G97309BN	7397
G97345NY	100
G97367IY	3349
G97420WF	4278
G97453GF	1407
G97455PT	2049
G97459BD	7930
G97463WM	571
G97483RC	3023
G97511SW	6998
G97515HE	703
G97561SL	572
G97584MS	792
G97591GH	comp_HexNAc0Hex8dHex0NeuAc0NeuGc0Pent0S0P0KDN0HexA0
G97637VQ	5555
G97674NY	1613
G97693ZT	4585
G97720QM	4035
G97746VZ	comp_HexNAc3Hex6dHex2NeuAc2NeuGc0Pent0S0P0KDN0HexA0
G97765TT	7672
G97823BP	5350
G97828HF	6444
G97831CJ	5130
G97832IV	4237
G97840DJ	157
G97892JD	1735
G97923LO	4216
G97947UQ	4113
G97949VC	comp_HexNAc1Hex3dHex1NeuAc1NeuGc0Pent0S0P0KDN0HexA0
G97980DR	7190
G97992HW	4045
G98007XA	587
G98043YN	4596
G98048XD	2255
G98068RN	6686
G98117HW	1321
G98129ME	comp_HexNAc11Hex11dHex2NeuAc0NeuGc0Pent0S0P0KDN0HexA0
G98140IX	2905
G98159BN	3111
G98178JY	5552
G98200VV	7204
G98205FV	6691
G98208DX	comp_HexNAc7Hex5dHex0NeuAc1NeuGc0Pent0S0P0KDN0HexA0
G98218GX	comp_HexNAc1Hex5dHex0NeuAc2NeuGc0Pent0S0P0KDN0HexA0
G98236VK	4091
G98335IX	5621
G98366ZJ	1201
G98385AL	comp_HexNAc7Hex7dHex3NeuAc0NeuGc0Pent0S0P0KDN0HexA0
G98425JK	7409
G98455QP	7544
G98481KT	5090
G98535LH	4920
G98536AW	7367
G98544EX	comp_HexNAc6Hex6dHex2NeuAc2NeuGc0Pent0S0P0KDN0HexA0
G98553XA	comp_HexNAc2Hex4dHex0NeuAc2NeuGc0Pent0S0P0KDN0HexA0
G98557ZA	8238
G98559XP	7711
G98568VG	1987
G98596OT	comp_HexNAc6Hex6dHex1NeuAc2NeuGc0Pent0S0P0KDN0HexA0
G98611JV	comp_HexNAc5Hex5dHex0NeuAc2NeuGc0Pent0S0P0KDN0HexA0
G98621JL	570
G98666DD	7751
G98689EK	642
G98690XB	2883
G98719SR	1645
G98725UL	5964
G98906WL	1801
G98956LI	7506
G99035PG	7575
G99074EO	2689
G99108NC	90
G99235VG	2963
G99236CU	171
G99247US	8080
G99270OJ	3709
G99315PE	1
G99354MR	2955
G99356PZ	5804
G99370TQ	2885
G99372JL	67
G99440FA	7949
G99502KX	2577
G99518NJ	5509
G99556PB	551
G99610EG	7415
G99679NM	comp_HexNAc6Hex7dHex0NeuAc3NeuGc0Pent0S0P0KDN0HexA0
G99683ND	5497
G99770NO	1655
G99808VS	5165
G99858XP	2547
G99866WK	1277
G99897FQ	1315
G99931NX	comp_HexNAc7Hex10dHex4NeuAc1NeuGc0Pent0S0P0KDN0HexA0
G99952ON	7967
G99969SS	3095
